Countries,Years,grad(cement_CS/built_surface),grad(cement_CS),CS_tapio_elasticity
Algeria,1975 - 1980,2.115937819453589,2.3881940129787993,0.8859991307047854
Algeria,1980 - 1985,0.3518913428965207,0.4629902501294456,0.76004050365669
Algeria,1985 - 1990,0.14543669456368744,0.23419735473132688,0.6210005861532194
Algeria,1990 - 1995,0.1170908065019503,0.22849082678839536,0.5124529861778115
Algeria,1995 - 2000,0.057276473379554174,0.15839302662280197,0.3616098170530745
Algeria,2000 - 2005,0.002592655391623596,0.09589796898244206,0.027035561014835306
Algeria,2005 - 2010,0.7619195343360118,0.9205059880874329,0.8277181726096952
Algeria,2010 - 2015,0.22841691702447747,0.3268895162253251,0.6987587722667422
Algeria,2015 - 2020,-0.1311791069712913,-0.08012516089486078,1.637177454700189
Argentina,1975 - 1980,2.420023284786285,2.6332672485561885,0.919019247329786
Argentina,1980 - 1985,0.3277350222606309,0.4072969734147028,0.8046586241801919
Argentina,1985 - 1990,0.1171709411740704,0.18154615762779294,0.6454057893877049
Argentina,1990 - 1995,-0.12635526998444996,-0.04952579668987082,2.5513021178777437
Argentina,1995 - 2000,0.24704894679372497,0.3528032196424477,0.7002457263403079
Argentina,2000 - 2005,-0.03153113620136201,0.021994836954611397,-1.4335698994463903
Argentina,2005 - 2010,0.9500562713395488,1.0573121386381068,0.8985579911749513
Argentina,2010 - 2015,-0.3871056165206577,-0.35621948904916173,1.0867053275325804
Argentina,2015 - 2020,-0.08083083404339632,-0.04520712440831836,1.788010962903073
Australia,1975 - 1980,-0.06270832878120115,0.028201456161181707,-2.2235847830977225
Australia,1980 - 1985,-0.08793912440378018,0.02011803668704276,-4.37115836757661
Australia,1985 - 1990,-0.05876668414690117,0.058455910554752986,-1.0053163758668526
Australia,1990 - 1995,-0.07510780063688739,-0.0002914071676592315,257.7417749885881
Australia,1995 - 2000,0.020244689571645505,0.11824401102110926,0.17121112009665643
Australia,2000 - 2005,0.22304738796661822,0.2871551104910084,0.7767488016676006
Australia,2005 - 2010,0.14667806234611147,0.22097617578462148,0.6637731955732367
Australia,2010 - 2015,0.15656271940582916,0.24473299028917225,0.6397287068688099
Australia,2015 - 2020,-0.06618443521025742,0.02992829814663277,-2.211433302554954
Austria,1975 - 1980,-0.01587376159316783,0.06740734241030459,-0.2354900968583684
Austria,1980 - 1985,-0.11952051255928983,-0.04918547290162615,2.4299962063664187
Austria,1985 - 1990,0.0918629009707388,0.17431959376574221,0.5269797788433808
Austria,1990 - 1995,0.11885103976703851,0.21553479235407716,0.5514239184724844
Austria,1995 - 2000,0.07770239120679329,0.16685571230094592,0.4656861316599515
Austria,2000 - 2005,0.020055103518608543,0.0927141225956422,0.21631120434667397
Austria,2005 - 2010,-0.04807991714667002,0.01737842569163429,-2.766643998703229
Austria,2010 - 2015,-0.06876101851471855,-0.01052551075404751,6.532796376487193
Austria,2015 - 2020,-0.06344984275505551,-0.01764743415503152,3.5954146193521916
Azerbaijan,1975 - 1980,0.003097733614543978,0.056878774622954154,0.054462031488523806
Azerbaijan,1980 - 1985,-0.0055153253691571985,0.04615172252503026,-0.11950421495462009
Azerbaijan,1985 - 1990,0.001873980649592888,0.052237829287608624,0.0358740145819462
Azerbaijan,1990 - 1995,-0.5705038631425701,-0.5192283104087152,1.098753384023866
Azerbaijan,1995 - 2000,0.34576797374759977,0.4963657998733538,0.6965991086328297
Azerbaijan,2000 - 2005,2.061981901270333,2.378213340273512,0.8670298271193743
Azerbaijan,2005 - 2010,0.08450591275295784,0.1908456720102441,0.44279711382934467
Azerbaijan,2010 - 2015,0.002748124690518244,0.09227197552873559,0.029782874754452564
Azerbaijan,2015 - 2020,-0.1625468523317854,-0.10184359299635039,1.596043968495989
Bangladesh,1975 - 1980,1.8621119732111782,2.9711789189405606,0.6267249546436454
Bangladesh,1980 - 1985,-0.43916887015321626,-0.19217653154619335,2.285236738428977
Bangladesh,1985 - 1990,2.9284635304803044,4.457396973826394,0.6569896169616688
Bangladesh,1990 - 1995,0.5589012299456045,0.7597131308891654,0.7356740422420613
Bangladesh,1995 - 2000,1.3362739320970165,1.6528838084008481,0.8084500104032424
Bangladesh,2000 - 2005,1.0811498596354956,1.3088958746965298,0.8260014264970943
Bangladesh,2005 - 2010,0.4592608103258147,0.6364673894864448,0.7215779125720562
Bangladesh,2010 - 2015,0.49698925695197,0.6768949885774348,0.7342191408396221
Bangladesh,2015 - 2020,-0.33067540431863446,-0.25751391843381505,1.2841069186853409
Belarus,1975 - 1980,-0.009825869718412598,0.05687877365194516,-0.17275108247831517
Belarus,1980 - 1985,-0.01701428309083951,0.04615172578097043,-0.3686597370505037
Belarus,1985 - 1990,-0.008523789287913697,0.05223782736443523,-0.16317273741972083
Belarus,1990 - 1995,-0.43842021627803796,-0.3843777033874629,1.1405974186699865
Belarus,1995 - 2000,0.025429416278566083,0.12102521294574413,0.2101166827937427
Belarus,2000 - 2005,0.23816315611375646,0.3140843770343171,0.7582776270585868
Belarus,2005 - 2010,0.5623237339851946,0.6566023655710673,0.8564144198538248
Belarus,2010 - 2015,-0.10071768552685181,-0.05113732363069908,1.9695533198845068
Belarus,2015 - 2020,-0.04899063283132222,-0.009891722852837499,4.952689593124717
Belgium,1975 - 1980,0.03795656853803098,0.12855763632173803,0.2952494276033359
Belgium,1980 - 1985,-0.1941646438051121,-0.1281816916629319,1.5147611276319382
Belgium,1985 - 1990,0.12257331957617625,0.20886453397067511,0.5868555912579477
Belgium,1990 - 1995,0.05102364969926638,0.1671769291033275,0.3052074827127017
Belgium,1995 - 2000,-0.12023380360374786,-0.02844621572509131,4.226706454233006
Belgium,2000 - 2005,-0.021613044933201847,0.053672645706822855,-0.40268268218524583
Belgium,2005 - 2010,0.04060617699389511,0.11740915730159052,0.3458518732877834
Belgium,2010 - 2015,-0.01598537994185367,0.04739446785943827,-0.33728366756354017
Belgium,2015 - 2020,0.046573557316111555,0.08804463130796174,0.5289766863036427
Brazil,1975 - 1980,0.45156264549362224,0.5926716375842089,0.7619103342522656
Brazil,1980 - 1985,-0.06472439847684426,0.020944550923331823,-3.0902738718901124
Brazil,1985 - 1990,-0.12555406854847712,-0.05007436318178166,2.5073522771060803
Brazil,1990 - 1995,-0.10392147297991804,0.006274942551119292,-16.5613425355394
Brazil,1995 - 2000,0.303895472533207,0.4568328577444166,0.665222449264424
Brazil,2000 - 2005,-0.16305085720841656,-0.10673045293614154,1.5276882344533136
Brazil,2005 - 2010,0.4564532829434634,0.5541345779847935,0.8237227942053985
Brazil,2010 - 2015,0.07934382111286102,0.14487869597481487,0.5476569248432069
Brazil,2015 - 2020,-0.07540727039793624,-0.03423885656431911,2.2023886883103283
Bulgaria,1975 - 1980,0.1520273039417662,0.2267854855516331,0.6703572919226948
Bulgaria,1980 - 1985,-0.03127503717757632,0.028656849639807018,-1.0913634112150414
Bulgaria,1985 - 1990,-0.07618923423408329,-0.021623458717283203,3.523452710790746
Bulgaria,1990 - 1995,-0.20615557858290848,-0.14749294211854197,1.3977318210739778
Bulgaria,1995 - 2000,-0.5507382669252247,-0.5191669786023455,1.060811433746947
Bulgaria,2000 - 2005,0.3665557650643212,0.4459415099505535,0.8219817103479901
Bulgaria,2005 - 2010,0.04972902268983927,0.10937144855769305,0.4546801139202923
Bulgaria,2010 - 2015,-0.07656638093182183,-0.026315231791761283,2.909584135063293
Bulgaria,2015 - 2020,0.19157615845639978,0.2522948104256038,0.7593345187450511
Canada,1975 - 1980,0.06463491756288975,0.13285566660287942,0.48650478534792807
Canada,1980 - 1985,-0.09286790137706162,-0.0370349769404604,2.5075728149192993
Canada,1985 - 1990,0.016021730336619754,0.07601976763265401,0.2107574231749911
Canada,1990 - 1995,-0.18494129756142252,-0.12067767691804486,1.5325228516540026
Canada,1995 - 2000,0.4410119608118252,0.5535587976941782,0.796684945933185
Canada,2000 - 2005,-0.08421449856093205,-0.02852548370069272,2.952254883547758
Canada,2005 - 2010,0.03542528183325735,0.09923060720777854,0.3569995471163499
Canada,2010 - 2015,0.013748764064833998,0.06956304761906935,0.19764464806261653
Canada,2015 - 2020,0.17654372708356,0.21556169884751958,0.8189939494234574
Chile,1975 - 1980,0.12494288455122787,0.20109942451668913,0.6212990656313834
Chile,1980 - 1985,-0.05527823472311471,0.00601260184302405,-9.193729464599373
Chile,1985 - 1990,0.2118894419596733,0.2873747745449595,0.7373279102008425
Chile,1990 - 1995,0.5334026580470206,0.6682200371806093,0.7982440339526219
Chile,1995 - 2000,0.18337965281160656,0.2852222595334927,0.6429359795113498
Chile,2000 - 2005,-0.03809126991980245,0.053049841259724936,-0.7180279717202673
Chile,2005 - 2010,-0.01795219058765179,0.07154328867452271,-0.2509276679930531
Chile,2010 - 2015,-0.027594500107258214,0.04408616871315319,-0.6259219368052126
Chile,2015 - 2020,0.4573207279709747,0.4999827282191281,0.9146730520069969
China,1975 - 1980,1.3294715409519318,1.8224848358416823,0.7294829097098846
China,1980 - 1985,0.13972852937389799,0.40419992627004714,0.345691625090859
China,1985 - 1990,0.12590110736652127,0.3803918579091234,0.3309773980404159
China,1990 - 1995,0.6890025258598551,1.0164194025175044,0.6778722682322953
China,1995 - 2000,0.15550385754165588,0.38201493046881335,0.40706225107699234
China,2000 - 2005,0.46343224330421035,0.6859476346041214,0.675608778171047
China,2005 - 2010,0.5761776688813605,0.8311312095989866,0.6932451365403076
China,2010 - 2015,0.10869559743546373,0.276870142684972,0.3925869231740874
China,2015 - 2020,0.038963087902959,0.1620520858804688,0.24043558397451642
Colombia,1975 - 1980,0.2071010256548712,0.330617626892694,0.6264064853447404
Colombia,1980 - 1985,0.09462029820581605,0.20106963328252955,0.47058472560529296
Colombia,1985 - 1990,0.1140460206394491,0.21701450167948264,0.5255225791679499
Colombia,1990 - 1995,0.09996499929160234,0.19621271726702294,0.5094725799834955
Colombia,1995 - 2000,-0.34300977794307286,-0.28700035898398224,1.1951545257900411
Colombia,2000 - 2005,0.2109858205566405,0.27341396999686884,0.7716716909492837
Colombia,2005 - 2010,0.16879791430010083,0.22944576432155667,0.7356767504478272
Colombia,2010 - 2015,0.5680921472744859,0.6448180394130665,0.8810115607056854
Colombia,2015 - 2020,-0.18730327668157626,-0.1527770993629427,1.2259905277859213
Croatia,1995 - 2000,0.2860371290472549,0.39387007343261354,0.7262220420922445
Croatia,2000 - 2005,0.4420835914555354,0.5416269693080128,0.8162141409249711
Croatia,2005 - 2010,-0.2211210849642518,-0.16867718796508108,1.3109128011431366
Croatia,2010 - 2015,-0.39805074393552803,-0.3610993322609183,1.1023303240226152
Croatia,2015 - 2020,0.5266415735646366,0.5991734045057328,0.8789468451108428
Cyprus,1975 - 1980,1.0265687966056927,1.1290168933517974,0.9092590222968592
Cyprus,1980 - 1985,-0.3455981965146924,-0.3138101234006516,1.1012971562853502
Cyprus,1985 - 1990,-0.24186036929269308,-0.20648024680122906,1.1713487030336764
Cyprus,1990 - 1995,-0.3520440987692389,-0.2453123958124958,1.4350848337819966
Cyprus,1995 - 2000,0.5451364033390219,0.7786273873855907,0.70012487637949
Cyprus,2000 - 2005,0.5863023961879064,0.7474258172786271,0.7844288792734373
Cyprus,2005 - 2010,-0.13148206497750137,-0.04642091459802431,2.832388506690415
Cyprus,2010 - 2015,-0.5499336722887214,-0.5131998738999898,1.0715779567706794
Cyprus,2015 - 2020,1.7035955510684453,1.7952358026440676,0.9489536408305514
Czechia,1975 - 1980,-0.010236559573654082,0.05848435039596314,-0.17503074761621454
Czechia,1980 - 1985,-0.1180961205840676,-0.05986321919202441,1.9727659517482408
Czechia,1985 - 1990,-0.09646591036704624,-0.03966913439629348,2.431762422727823
Czechia,1990 - 1995,-0.28160667230204517,-0.2299234715026642,1.2247843617774452
Czechia,1995 - 2000,-0.07406683451215312,-0.009915481578876215,7.469817166515032
Czechia,2000 - 2005,0.10401736042511113,0.1724291419866313,0.6032469872939213
Czechia,2005 - 2010,-0.017507993378070942,0.04215413408330509,-0.41533277242681843
Czechia,2010 - 2015,0.0631336248918638,0.125378321008086,0.5035449859612663
Czechia,2015 - 2020,0.12071548935489684,0.1834740553335871,0.6579431033745644
Denmark,1975 - 1980,-0.14324234271905859,-0.07725921874931707,1.8540485528832087
Denmark,1980 - 1985,-0.17807104263369078,-0.11842222790274881,1.503696103234327
Denmark,1985 - 1990,-0.023788958349658114,0.04314621792858583,-0.5513567467033333
Denmark,1990 - 1995,0.07352679746537949,0.14907069361690628,0.49323442241661863
Denmark,1995 - 2000,0.02296736938690869,0.09314026820860889,0.24658904068719262
Denmark,2000 - 2005,-0.07618303431801404,-0.012806894530384135,5.94859543328565
Denmark,2005 - 2010,-0.09444773994962403,-0.0334130150583081,2.826675167889099
Denmark,2010 - 2015,0.05880373495703311,0.12160231365289241,0.48357414584138064
Denmark,2015 - 2020,0.2569470329777294,0.3013781367017432,0.8525735668477349
Ecuador,1975 - 1980,1.176771922629234,1.4657530408965,0.8028446060118584
Ecuador,1980 - 1985,-0.04807436574193315,0.06980469579549721,-0.6886981626963011
Ecuador,1985 - 1990,0.38387118673561305,0.5438930360437426,0.7057843386410636
Ecuador,1990 - 1995,0.03786914172629837,0.1212479285579478,0.3123281541935757
Ecuador,1995 - 2000,0.02192905952995536,0.10220652281156042,0.21455636026661695
Ecuador,2000 - 2005,0.018316691068180728,0.09160604753416841,0.19995067532357763
Ecuador,2005 - 2010,0.5289726756368842,0.6375375557469404,0.8297121806685391
Ecuador,2010 - 2015,0.1787487714705328,0.25141582155648445,0.7109686668242322
Ecuador,2015 - 2020,-0.2718434971304478,-0.2455212839875079,1.1072094961196082
Egypt,1975 - 1980,-0.20067305157473753,-0.08187406293285462,2.450996620740693
Egypt,1980 - 1985,0.7737335749026522,1.0719261683507806,0.7218161080003161
Egypt,1985 - 1990,0.22477352943160706,0.4323518564014973,0.5198856581822431
Egypt,1990 - 1995,0.4227283048968455,0.5599272864425429,0.7549700025919774
Egypt,1995 - 2000,0.3053097153661622,0.44501949920520256,0.6860591859714917
Egypt,2000 - 2005,-0.06465960842285631,0.011088155157671553,-5.831412665444199
Egypt,2005 - 2010,0.6706096676716083,0.8259307338865979,0.8119441984146876
Egypt,2010 - 2015,0.026808020949240483,0.14743700528222434,0.18182694973981933
Egypt,2015 - 2020,-0.2428409397109248,-0.09654312291448525,2.5153623829428575
Estonia,1975 - 1980,-0.017337096333533114,0.05687877462295433,-0.30480783822189544
Estonia,1980 - 1985,-0.023471795920757155,0.04615172439217123,-0.5085789584221625
Estonia,1985 - 1990,-0.014355483587315532,0.052237829194375925,-0.2748101100047451
Estonia,1990 - 1995,-0.5933806389650954,-0.576891235436848,1.0285832103442532
Estonia,1995 - 2000,-0.28636627941956555,-0.2578256049569536,1.1106975952500027
Estonia,2000 - 2005,1.0696353857751248,1.1410419924687762,0.9374198257689405
Estonia,2005 - 2010,-0.4258726600599841,-0.4057468308904749,1.0496019380492507
Estonia,2010 - 2015,0.3455606708672753,0.3936986386509558,0.8777288944949629
Estonia,2015 - 2020,0.593262420572073,0.6581182132761476,0.9014526700587437
Finland,1975 - 1980,-0.12141765517598226,-0.05745473479740299,2.113275008650296
Finland,1980 - 1985,-0.08264587027710371,-0.019197145232011048,4.305112519505897
Finland,1985 - 1990,0.033454465283651,0.10132850100280556,0.33015849393375235
Finland,1990 - 1995,-0.2997294258993173,-0.24109998628366672,1.24317479448825
Finland,1995 - 2000,0.25079455638151343,0.3525580482790135,0.7113567754466218
Finland,2000 - 2005,-0.0011332990318424555,0.05950906412940157,-0.019044141399671713
Finland,2005 - 2010,0.06156759968981094,0.1257419494355316,0.4896345250427097
Finland,2010 - 2015,-0.04663073291563923,0.006790395969547257,-6.867159606709694
Finland,2015 - 2020,0.036880691181000694,0.0833591662118082,0.44243114293262187
France,1975 - 1980,-0.03859452687459626,0.0392215573314538,-0.9840131167776275
France,1980 - 1985,-0.15085017503595763,-0.08592736522966653,1.7555545271609982
France,1985 - 1990,-0.01598596008294168,0.05518053739550105,-0.2897028705676403
France,1990 - 1995,-0.16596031523528373,-0.0915884128395118,1.8120230506242319
France,1995 - 2000,0.018646637010133416,0.10614316123817008,0.17567440796579467
France,2000 - 2005,0.015246420106877497,0.09154071406243804,0.16655343213161117
France,2005 - 2010,-0.03847742865639219,0.03166698388064911,-1.2150645227663999
France,2010 - 2015,-0.015497943934511269,0.04832812695551043,-0.32068165912530106
France,2015 - 2020,0.09352162301563369,0.14092244595544917,0.6636389425514183
Germany,1975 - 1980,0.007276569944813705,0.07911672274698552,0.09197259052405522
Germany,1980 - 1985,-0.1389885259667139,-0.08049647022722878,1.7266412499128387
Germany,1985 - 1990,-0.06560899493141338,-0.005190834691046408,12.639392089403529
Germany,1990 - 1995,0.07135516656211761,0.16301630241595574,0.43771797976405025
Germany,1995 - 2000,-0.087257950135816,-0.01164131581325826,7.495540155043142
Germany,2000 - 2005,-0.1304067980353419,-0.07636645860530479,1.7076449584933768
Germany,2005 - 2010,0.02569545908619734,0.08798560315346653,0.29204163141757095
Germany,2010 - 2015,0.0038532065649228646,0.05968184393545028,0.06456245837662712
Germany,2015 - 2020,0.1418914164323673,0.19009675822112973,0.7464168129964234
Greece,1975 - 1980,0.5559624300322927,0.638749464281814,0.8703920098898182
Greece,1980 - 1985,0.06390445928484711,0.11856661213846258,0.5389751645279299
Greece,1985 - 1990,-0.25467258960541883,-0.21767973368404656,1.169941662897594
Greece,1990 - 1995,-0.25067983802436977,-0.18481809961412282,1.3563597859071057
Greece,1995 - 2000,0.2069338334073608,0.3108915401258013,0.6656142310068189
Greece,2000 - 2005,0.0859149839085715,0.1565813533774058,0.5486923063022188
Greece,2005 - 2010,-0.18757618956371236,-0.13579940783250705,1.381273987549828
Greece,2010 - 2015,-0.4804835947473742,-0.45199220112856736,1.063035144296002
Greece,2015 - 2020,0.06077918296327227,0.09097502703227307,0.6680864512599822
Hong Kong,1975 - 1980,0.9362738236247784,1.1421221822735228,0.819766779908801
Hong Kong,1980 - 1985,0.23868997836361086,0.3912223107220164,0.6101134107691838
Hong Kong,1985 - 1990,0.021081552650689547,0.16327411218433246,0.1291175457557472
Hong Kong,1990 - 1995,0.7197283002403976,0.9771931019102448,0.7365261777160034
Hong Kong,1995 - 2000,-0.10354974806003944,0.045876169522304756,-2.2571576733252345
Hong Kong,2000 - 2005,0.29846389794497585,0.3656873123581846,0.8161724179608274
Hong Kong,2005 - 2010,-0.09313514823379997,-0.04460125003354012,2.088173496567078
Hong Kong,2010 - 2015,0.05273589671035722,0.10949984659074836,0.48160703738203114
Hong Kong,2015 - 2020,0.6373053912661742,0.7261113907809834,0.8776964517533706
Hungary,1975 - 1980,0.1711007630638384,0.25225236036376075,0.6782920200116359
Hungary,1980 - 1985,-0.18007278913574054,-0.12613486647742841,1.4276210390087836
Hungary,1985 - 1990,-0.00983305423979735,0.052114018248579516,-0.1886834784624456
Hungary,1990 - 1995,-0.2294369431727836,-0.16639859018682343,1.3788394656179723
Hungary,1995 - 2000,0.02490791014508431,0.10532535441208692,0.2364854149707559
Hungary,2000 - 2005,0.051605217793447025,0.11004360524279229,0.46895244552910625
Hungary,2005 - 2010,-0.1819800536231991,-0.1371194584648301,1.3271643256225034
Hungary,2010 - 2015,-0.02950445987888796,0.019036970679674865,-1.5498505710464154
Hungary,2015 - 2020,0.01636299288482137,0.05257295510188864,0.31124354438720797
Iceland,1975 - 1980,-0.17894262594406457,-0.1274964557521114,1.4035105908510808
Iceland,1980 - 1985,-0.12750638914308163,-0.07411761371428438,1.7203250719134775
Iceland,1985 - 1990,-0.04288491556566563,0.014078063494707948,-3.046222627265916
Iceland,1990 - 1995,-0.24177685034553287,-0.18941628004186428,1.2764312037597612
Iceland,1995 - 2000,0.44486609826862744,0.5450077597819711,0.8162564482505623
Iceland,2000 - 2005,0.3381845336527916,0.4147105648181838,0.8154712282313268
Iceland,2005 - 2010,-0.047400079677612346,0.008127386578969683,-5.832142868688461
India,1975 - 1980,-0.06087498718175321,0.1563543734535772,-0.38933984280156675
India,1980 - 1985,0.311088765713938,0.6540540816902458,0.4756315638456131
India,1985 - 1990,0.16488729683263076,0.4555901310008025,0.36192025597749466
India,1990 - 1995,0.1157495594547451,0.267312004817522,0.4330129487965213
India,1995 - 2000,0.2888051317966203,0.47507353083997916,0.6079166972026055
India,2000 - 2005,0.2503672125914816,0.38731150428172445,0.6464233822741509
India,2005 - 2010,0.35083081183587633,0.526286106806836,0.666616137683153
India,2010 - 2015,0.23828335463438025,0.41716848361977255,0.5711921297764266
India,2015 - 2020,-0.08847721695956164,0.0719919603103361,-1.228987467186092
Indonesia,1975 - 1980,3.4196872791702475,4.3554378045927615,0.7851535098410141
Indonesia,1980 - 1985,0.451633330094758,0.7907793890627733,0.5711243064010949
Indonesia,1985 - 1990,0.02773855425217986,0.25994878660383347,0.10670776584333092
Indonesia,1990 - 1995,0.7473171949455688,0.8895697381976968,0.8400883740263723
Indonesia,1995 - 2000,0.03380091549438881,0.13022302815756268,0.2595617378325097
Indonesia,2000 - 2005,0.4219086256370674,0.5103034728244621,0.8267798439659034
Indonesia,2005 - 2010,0.13165861911467577,0.2113786848381242,0.6228566480839882
Indonesia,2010 - 2015,0.4168496392452077,0.5106524957890514,0.8163078466915135
Indonesia,2015 - 2020,-0.08780024048542602,-0.0567704164966989,1.5465843991215291
Iran,1975 - 1980,1.1971290690124188,1.318687253438076,0.907818791674272
Iran,1980 - 1985,0.17868486437524236,0.2439727930214163,0.7323966830988287
Iran,1985 - 1990,0.12286747103286957,0.1840279171340143,0.6676566954968796
Iran,1990 - 1995,0.15008943821233528,0.292154415003214,0.5137332537339343
Iran,1995 - 2000,-0.0027974072964909225,0.11536728369260231,-0.024247838788894884
Iran,2000 - 2005,0.4869396543649801,0.6671699884179783,0.7298584510967467
Iran,2005 - 2010,0.4467518427715001,0.61371183858419,0.7279505049179754
Iran,2010 - 2015,-0.11690885329900479,-0.028693909606966685,4.07434382070473
Iran,2015 - 2020,-0.001824459323385811,0.062191483155346984,-0.02933616036826983
Iraq,1975 - 1980,1.4740265687149052,1.6637658506132904,0.8859579418411285
Iraq,1980 - 1985,0.4298986809042107,0.5337404212011734,0.8054452385988142
Iraq,1985 - 1990,0.5106272808481491,0.6145281923973404,0.8309257201954191
Iraq,1990 - 1995,0.24958040329421854,0.3496424926900283,0.7138159935139271
Iraq,1995 - 2000,-0.7613131373176177,-0.7428634961956003,1.0248358429462519
Iraq,2000 - 2005,0.10473873063120515,0.22587931817704582,0.46369331852290335
Iraq,2005 - 2010,0.6342199722454565,0.806643046455955,0.786246128361173
Iraq,2010 - 2015,0.1645444141594038,0.2735715010419247,0.6014676731045441
Iraq,2015 - 2020,1.1570972172929999,1.304866862081894,0.8867550023048865
Ireland,1975 - 1980,0.25045356864870927,0.3684338580791122,0.679778915961981
Ireland,1980 - 1985,-0.29132851365049706,-0.22902605359223344,1.2720321949449003
Ireland,1985 - 1990,0.05932007130156929,0.1464078476782151,0.4051700249835438
Ireland,1990 - 1995,0.017295489464076157,0.0826200384761478,0.20933770769266008
Ireland,1995 - 2000,0.7156491967281312,0.8264649349547671,0.8659159831957046
Ireland,2000 - 2005,0.1189856877337188,0.20193373555148733,0.5892313506149192
Ireland,2005 - 2010,-0.2858839961575338,-0.23389098905640288,1.222295896523798
Ireland,2010 - 2015,0.04594875335583472,0.1128783364225076,0.4070644094527307
Ireland,2015 - 2020,-0.16867652801237448,-0.13618932823268984,1.2385443867097854
Israel,1975 - 1980,-0.04077842075281822,-0.0009533724197781613,42.77281354783358
Israel,1980 - 1985,0.1109534904158548,0.15572131088548308,0.7125132057066332
Israel,1985 - 1990,0.23046792468064448,0.2786501388520688,0.8270870620416108
Israel,1990 - 1995,0.12319141986416891,0.29977788976011577,0.4109423145340955
Israel,1995 - 2000,0.5761092117257067,0.8071694859953795,0.7137400777920445
Israel,2000 - 2005,-0.3085723584386719,-0.24890275336007192,1.239730594672369
Israel,2005 - 2010,0.06435751122192268,0.1527939568840105,0.42120455896549613
Israel,2010 - 2015,0.4986202798984898,0.6097500552585606,0.817745362379759
Israel,2015 - 2020,-0.20354164061232377,-0.1623631041837226,1.2536200366186978
Italy,1975 - 1980,0.13477449459263743,0.20727811849407102,0.6502109126221759
Italy,1980 - 1985,-0.08640266087314225,-0.03060468033854283,2.8231845560016753
Italy,1985 - 1990,-0.10759778670418986,-0.0554994578718813,1.9387177970742682
Italy,1990 - 1995,-0.07737339910306532,0.005105135001246788,-15.155994715941695
Italy,1995 - 2000,-0.029200820390194077,0.05422830429301633,-0.5384793194419438
Italy,2000 - 2005,0.13506650180023266,0.20641131652007963,0.6543560889845564
Italy,2005 - 2010,-0.2120215581759224,-0.16335593842471757,1.2979115434706545
Italy,2010 - 2015,-0.2751902834997547,-0.2358894974683464,1.1666067648335299
Italy,2015 - 2020,-0.04387835416147363,-0.013162351234576607,3.3336258377764723
Japan,1975 - 1980,0.40335360971943013,0.45154886740529276,0.8932667953242712
Japan,1980 - 1985,0.05147921418848679,0.08719891739924786,0.5903652903485569
Japan,1985 - 1990,0.20206161304205747,0.24259131279292498,0.8329301272817485
Japan,1990 - 1995,0.12488102346735273,0.21713847205389905,0.5751215907808094
Japan,1995 - 2000,0.07869689318887962,0.1646920902994819,0.47784257911703243
Japan,2000 - 2005,0.004473617516074913,0.059248974276955656,0.07550540023128949
Japan,2005 - 2010,-0.16615469452961454,-0.12190107033484943,1.3630290043656308
Japan,2010 - 2015,-0.06147126687028825,-0.016342998887429655,3.7613211194408973
Japan,2015 - 2020,-0.12053525297352688,-0.09004287727405554,1.3386428401956147
Kazakhstan,1975 - 1980,-0.04537143080418664,0.056878774749225744,-0.7976865008823745
Kazakhstan,1980 - 1985,-0.06435741639991917,0.04615172542268505,-1.3944747636300816
Kazakhstan,1985 - 1990,-0.059789520202286235,0.05223782724477906,-1.1445636879597043
Kazakhstan,1990 - 1995,-0.5819453334607579,-0.5347761881089413,1.088203525887371
Kazakhstan,1995 - 2000,-0.23473881545888395,-0.14878130762902286,1.577744000235506
Kazakhstan,2000 - 2005,0.7269963706349999,0.871344384415814,0.8343387340728763
Kazakhstan,2005 - 2010,0.1730751127125598,0.27544750125297895,0.6283415602801298
Kazakhstan,2010 - 2015,0.18815123037767337,0.2872061863697034,0.6551085572212484
Kazakhstan,2015 - 2020,0.049513323951574005,0.11760836478045732,0.42100172078747844
Kuwait,1980 - 1985,0.8018037262337021,0.8997488219005806,0.891141735023354
Kuwait,1985 - 1990,-0.2143443773348349,-0.16766427177519494,1.2784141490933076
Kuwait,1990 - 1995,0.8170998899651166,0.9140400824072192,0.8939431713029471
Kuwait,1995 - 2000,0.9922149962925362,1.1374738598797844,0.8722969654857825
Kuwait,2000 - 2005,-0.14758193836065892,-0.12976710951173542,1.1372830828701814
Kuwait,2005 - 2010,0.2638936507767861,0.2966604615213868,0.8895477658985625
Kuwait,2010 - 2015,0.10813151484612453,0.15924277016793126,0.6790356305161812
Kuwait,2015 - 2020,0.5122297276792148,0.6857747605517697,0.7469358120836619
Latvia,1975 - 1980,-0.016562882576813088,0.056878774622954154,-0.29119619201727537
Latvia,1980 - 1985,-0.022857654673061348,0.0461517281264535,-0.49527191290502665
Latvia,1985 - 1990,-0.013798322148990821,0.05223781829928588,-0.2641443038439347
Latvia,1990 - 1995,-0.46716029968639144,-0.44168356778123613,1.0576809593192151
Latvia,1995 - 2005,0.15039732426284147,0.24396281287955854,0.6164764313366513
Latvia,2005 - 2010,0.541909310156723,0.5934508181641743,0.9131494869837845
Latvia,2010 - 2015,0.5872988781418822,0.6383645229100748,0.9200055094925973
Latvia,2015 - 2020,-0.4647185992314672,-0.4484041433728123,1.0363833744620212
Lithuania,1975 - 1980,-0.011674521984344856,0.05687877313407377,-0.2052527039714069
Lithuania,1980 - 1985,-0.0185963293159589,0.04615172453004612,-0.4029389910197645
Lithuania,1985 - 1990,-0.009996748080603003,0.05223782934354801,-0.19136989814140737
Lithuania,1990 - 1995,-0.5441667141845292,-0.512460943419516,1.0618696335245552
Lithuania,1995 - 2000,-0.14656507783549302,-0.08873953667578455,1.6516322185789376
Lithuania,2000 - 2005,0.20120486837348356,0.26290191428571713,0.7653229491315825
Lithuania,2005 - 2010,0.09893422375123577,0.15459518291831892,0.6399567042364322
Lithuania,2010 - 2015,-0.04592754804267731,-2.2186316547326448e-05,2070.0844119260432
Lithuania,2015 - 2020,0.24505663540471573,0.30000833597283455,0.81683275436355
Luxembourg,1975 - 1980,-0.12385977482372305,-0.03589079298645446,3.4510180611074537
Luxembourg,1980 - 1985,-0.020994255643260087,0.06995506097492586,-0.3001106045892105
Luxembourg,1985 - 1990,1.2869007563489447,1.4846448831218593,0.8668071206650407
Luxembourg,1990 - 1995,-0.09123310337008925,0.004634027875145881,-19.687646649561252
Luxembourg,1995 - 2000,-0.6505540989024772,-0.6151603160301224,1.057535868211989
Luxembourg,2000 - 2005,0.07579220532767661,0.1762298330392984,0.43007590724310174
Luxembourg,2005 - 2010,0.5023585738834209,0.6366125027603105,0.7891120135172129
Luxembourg,2010 - 2015,-0.01817651033098384,0.0618277384459384,-0.2939863366808607
Luxembourg,2015 - 2020,0.3949099822061168,0.4849863186380373,0.814270355739359
Malaysia,1975 - 1980,0.48237142573144826,0.7321506898929799,0.6588417280627811
Malaysia,1980 - 1985,0.1533940481908383,0.3806939498866787,0.40293271862213503
Malaysia,1985 - 1990,0.02246279325124286,0.2251048153093175,0.09978815077934534
Malaysia,1990 - 1995,1.8381289587901068,2.4297789441824573,0.7565004887342038
Malaysia,1995 - 2000,-0.2669210023016806,-0.09681277140996575,2.757084612022626
Malaysia,2000 - 2005,0.32198050792618366,0.4264532514087339,0.7550194701589498
Malaysia,2005 - 2010,0.1940621252251466,0.30290014801637916,0.6406801927830448
Malaysia,2010 - 2015,0.1989557737140111,0.31027501048059375,0.6412239690390885
Malaysia,2015 - 2020,-0.2611221962613516,-0.2024540116247097,1.289785241427547
Mexico,1975 - 1980,0.22952976432394334,0.3585711762458766,0.6401232991648833
Mexico,1980 - 1985,0.1171467198566073,0.2552832748236181,0.45888912987953095
Mexico,1985 - 1990,-0.06667262556235042,0.05386747046684233,-1.237715916201972
Mexico,1990 - 1995,-0.03602611602292077,0.09707699306849377,-0.37110869305049593
Mexico,1995 - 2000,0.05860174789092543,0.21581932270572335,0.2715315160674043
Mexico,2000 - 2005,0.18768890246287276,0.2901195809257513,0.6469363490184654
Mexico,2005 - 2010,-0.08656045818549885,0.005102578285844161,-16.964062741700484
Mexico,2010 - 2015,0.07309051693653396,0.19117104294454842,0.38233048170237155
Mexico,2015 - 2020,0.09108133620934578,0.23098834189499037,0.394311398844329
Morocco,1975 - 1980,0.510896656251809,0.6469697863167214,0.7896762214514013
Morocco,1980 - 1985,0.060525679238178955,0.16289067052701262,0.3715724113747927
Morocco,1985 - 1990,0.14417600204654596,0.2528830424386208,0.5701291816810533
Morocco,1990 - 1995,0.15981316130569184,0.28099124199347636,0.5687478377329716
Morocco,1995 - 2000,0.044751354930843486,0.15193612184334362,0.29454058974195185
Morocco,2000 - 2005,0.3624548050701279,0.48473626725100644,0.7477360980758663
Morocco,2005 - 2010,0.2519570559567655,0.367976873694105,0.6847089422424262
Morocco,2010 - 2015,-0.10113822059129267,-0.021461881329628493,4.712458290022768
Morocco,2015 - 2020,-0.1715146921728576,-0.1061025256464693,1.616499617967058
Netherlands,1975 - 1980,-0.2490942495352839,-0.19100466963352158,1.304126490798461
Netherlands,1980 - 1985,-0.23393285074808373,-0.17781695491104904,1.3155823687629002
Netherlands,1985 - 1990,-0.17708096812150126,-0.12004230153608698,1.4751547234227875
Netherlands,1990 - 1995,0.3405101234742568,0.5035903678579294,0.6761648856046427
Netherlands,1995 - 2000,-0.1618748377944738,-0.06467560494568088,2.5028731919929883
Netherlands,2000 - 2005,0.09734027788422327,0.17232047531164651,0.5648793488306052
Netherlands,2005 - 2010,-0.034439534535239506,0.03058557026929665,-1.1260059639892235
Netherlands,2010 - 2015,-0.0901439721433516,-0.03603437276684381,2.5016106906208027
Netherlands,2015 - 2020,-0.09807876886343121,-0.06665255357355111,1.4714930427264314
New Zealand,1975 - 1980,-0.23138690353211555,-0.16472948108605598,1.4046478019999178
New Zealand,1980 - 1985,0.2755039801857114,0.3914435177673428,0.7038154106040378
New Zealand,1985 - 1990,-0.37702384577305204,-0.28830520166598217,1.3077247430653556
New Zealand,1990 - 1995,-0.009645193429202725,-0.005030717147100124,1.9172601335303738
New Zealand,1995 - 2000,0.3565564392966065,0.36773245150051886,0.9696083058258551
New Zealand,2000 - 2005,0.4612099009298817,0.5237365264791516,0.880614350177925
New Zealand,2005 - 2010,-0.15102476308288018,-0.11034079892163748,1.3687118867984263
New Zealand,2010 - 2015,0.13097918668575192,0.19352530075735833,0.6768065269665872
New Zealand,2015 - 2020,0.4495450351907346,0.6457753128131329,0.6961322711957227
Norway,1975 - 1980,-0.12763943191775234,-0.05543826382821859,2.302370657083649
Norway,1980 - 1985,-0.15863929950094996,-0.09295450627078349,1.7066337702749097
Norway,1985 - 1990,-0.06934159337569083,-0.0008227019667219233,84.28519218446037
Norway,1990 - 1995,0.08915857923330829,0.19581874299111354,0.4553117738956909
Norway,1995 - 2000,0.030523181180162288,0.12827816949321277,0.23794525055003435
Norway,2000 - 2005,-0.045458387792577014,0.02722594638411183,-1.6696715387313419
Norway,2005 - 2010,0.0641658190302039,0.14311920709407794,0.44833827920822084
Norway,2010 - 2015,0.023290413407764842,0.09485165389013768,0.24554567529988522
Norway,2015 - 2020,0.07193291464973553,0.14032587970094884,0.5126133169664294
Oman,1985 - 1990,-0.755006231260274,-0.7078927249397255,1.0665545847000475
Oman,1990 - 1995,0.47230485569844805,0.5169421730550012,0.9136512366697466
Oman,1995 - 2000,-0.1558295107177713,-0.12436797736006469,1.2529713357532586
Oman,2000 - 2005,0.46640172234331745,0.5362827911390717,0.8696936206971587
Oman,2005 - 2010,0.847273169816845,0.9666193912774834,0.8765323533361868
Oman,2010 - 2015,0.7062817555016967,0.8642851626228285,0.8171860238331038
Oman,2015 - 2020,-0.34615443999165285,-0.23837270817042536,1.4521563422611643
Pakistan,1975 - 1980,-0.051382959019702856,0.11569000568116261,-0.44414345662072485
Pakistan,1980 - 1985,-0.7781227016468898,-0.7329307010458982,1.0616593090404076
Pakistan,1985 - 1990,4.956335447543548,6.1478350946454325,0.8061919962460212
Pakistan,1990 - 1995,0.12355983499566774,0.2627491407538741,0.47025780804136047
Pakistan,1995 - 2000,0.027112513710982555,0.16935410780127835,0.1600936290414439
Pakistan,2000 - 2005,0.3867263009974879,0.5263049325041917,0.7347951294270034
Pakistan,2005 - 2010,0.14614477671264195,0.28774583720957003,0.5078953639430144
Pakistan,2010 - 2015,0.1805914623128278,0.3556503146857475,0.507778159770218
Pakistan,2015 - 2020,0.0019180274362586161,0.20889849571549327,0.00918162397335235
Peru,1975 - 1980,0.37440883573120715,0.5326331370930809,0.7029394336495758
Peru,1980 - 1985,-0.2777526026517333,-0.19912089754222545,1.3948942882443227
Peru,1985 - 1990,-0.15946047905610564,-0.07305049778679985,2.182880115635844
Peru,1990 - 1995,0.40922051382999,0.4879124041248462,0.8387171762193595
Peru,1995 - 2000,0.10799861846705272,0.1713315162672269,0.630348816259856
Peru,2000 - 2005,-0.12354253556042115,-0.0884524750618952,1.3967108944545807
Peru,2005 - 2010,0.8747748504848615,0.9517726596672162,0.9191006293359206
Peru,2010 - 2015,0.3119774760516735,0.36497374051663795,0.854794308242709
Peru,2015 - 2020,-0.02055714136729058,0.018118964524009473,-1.1345649107072469
Philippines,1975 - 1980,0.4290584942133536,0.6669427868628032,0.6433212903187381
Philippines,1980 - 1985,-0.44933017783621915,-0.3424439038056678,1.31212783420203
Philippines,1985 - 1990,-0.010633864008081018,0.1864841326037644,-0.05702288907697856
Philippines,1990 - 1995,0.9068038046434606,1.121105109319564,0.8088481598249337
Philippines,1995 - 2000,0.21374547774308278,0.3593674238225189,0.5947825639550608
Philippines,2000 - 2005,-0.10145622165401925,-0.04088575514401134,2.4814564705154982
Philippines,2005 - 2010,0.26088880389580643,0.3600841541442447,0.7245217566316401
Philippines,2010 - 2015,0.584230865624366,0.7117921763855757,0.8207885461611057
Philippines,2015 - 2020,0.2647659287885063,0.3548718322416905,0.7460888826143398
Poland,1975 - 1980,-0.06941360495595247,0.00912156780079194,-7.609832703312904
Poland,1980 - 1985,-0.23767439180510097,-0.17707916555854522,1.3421928607774132
Poland,1985 - 1990,-0.04659793708320806,0.024842427247764462,-1.8757401045584765
Poland,1990 - 1995,-0.18267560210513936,-0.11379412218905115,1.6053166770920944
Poland,1995 - 2000,0.174569950617539,0.26988147926631023,0.646839312916612
Poland,2000 - 2005,-0.19176862329628006,-0.12118586980201669,1.582433856435371
Poland,2005 - 2010,0.13001674398362,0.22462033351987862,0.5788289152019876
Poland,2010 - 2015,-0.025552185643393472,0.04933659653395167,-0.5179154509737893
Poland,2015 - 2020,0.19988503662215723,0.27698684746954977,0.7216408954007514
Portugal,1975 - 1980,0.5506862027009047,0.6393895766155525,0.8612686581721011
Portugal,1980 - 1985,0.06283949086004394,0.12134186846736222,0.5178714622887657
Portugal,1985 - 1990,-0.010456064126060241,0.041902119078891596,-0.2495354496600516
Portugal,1990 - 1995,-0.00516145753541955,0.14853859321054388,-0.03474825918206669
Portugal,1995 - 2000,0.29814889609444567,0.48487869398219086,0.6148937864145385
Portugal,2000 - 2005,-0.36839887940896543,-0.3099872174635385,1.1884324857759576
Portugal,2005 - 2010,-0.26728264450608497,-0.20256462253848434,1.3194932123713021
Portugal,2010 - 2015,-0.0010501363513237426,0.07473885473045537,-0.014050741814428981
Portugal,2015 - 2020,-0.11241075458171473,-0.07412201173691854,1.5165637298228565
Qatar,1975 - 1980,2.1208846744086514,2.339587477711671,0.9065207839473775
Qatar,1980 - 1985,0.16054744317114988,0.2553622443540778,0.6287046997775424
Qatar,1985 - 1990,0.06476719588230233,0.15389525867807505,0.42085244495923835
Qatar,1990 - 1995,-0.009642890111696067,0.11314018154063574,-0.08522957962757644
Qatar,1995 - 2000,0.8506023437679675,1.1070828506400916,0.7683276308328392
Qatar,2000 - 2005,2.110104407776689,2.4451132778088702,0.8629884050474784
Qatar,2005 - 2010,0.4143264173294138,0.6114399188830276,0.6776240878847118
Qatar,2010 - 2015,-0.003326319596376666,0.17739355671697551,-0.01875107336442709
Qatar,2015 - 2020,-0.5096206777760124,-0.3704523817902446,1.375671213971481
Romania,1975 - 1980,0.17061777630038627,0.2599424466254185,0.6563675094827794
Romania,1980 - 1985,-0.21796716573187389,-0.16162481148555932,1.348599659473376
Romania,1985 - 1990,-0.144248300120992,-0.08588812378885348,1.6794906415188506
Romania,1990 - 1995,-0.4348994762919302,-0.3792925383877707,1.1466069913753736
Romania,1995 - 2000,-0.04342228626887881,0.04581454140294987,-0.94778393364171
Romania,2000 - 2005,0.047419521143072955,0.13602670892361535,0.34860448744445466
Romania,2005 - 2010,0.11003985971629485,0.20027301368826111,0.549449262732819
Romania,2010 - 2015,0.06127215985578085,0.1410426781995925,0.4344228331305033
Romania,2015 - 2020,0.1313571638270149,0.2032175781994386,0.6463868184577046
Russia,1975 - 1980,-0.007307198041457503,0.05687877454675466,-0.12846968134749365
Russia,1980 - 1985,-0.01557053426005574,0.0461517251188178,-0.33737708005430644
Russia,1985 - 1990,-0.007719023548841587,0.05223782725482489,-0.14776693355156015
Russia,1990 - 1995,-0.42576627387066357,-0.3633098735512723,1.1719094493879123
Russia,1995 - 2000,-0.2136071854193042,-0.13146632761421578,1.6248052965024509
Russia,2000 - 2005,0.17328202153987704,0.2567248507508277,0.6749717490655446
Russia,2005 - 2010,0.014303767931844034,0.08501661769373897,0.16824673010835894
Russia,2010 - 2015,0.19337450180541682,0.2708118548360434,0.7140547887849695
Russia,2015 - 2020,-0.014578201879990416,0.03703081567087047,-0.39367757949382837
Saudi Arabia,1975 - 1980,1.5366404904164535,1.875110690963408,0.8194932159588654
Saudi Arabia,1980 - 1985,1.3769666118219368,1.7445791985178898,0.7892829474246518
Saudi Arabia,1985 - 1990,0.017709175777103375,0.17472863224424887,0.10135245465865121
Saudi Arabia,1990 - 1995,0.5105811782745282,0.6656565644303547,0.767033941461188
Saudi Arabia,1995 - 2000,-0.30168529778293635,-0.22259425598784444,1.3553148370522685
Saudi Arabia,2000 - 2005,0.7992312135158507,0.9254420484174651,0.8636210283318778
Saudi Arabia,2005 - 2010,0.4697424131356901,0.5946164977021514,0.7899922302037913
Saudi Arabia,2010 - 2015,0.4287588870372586,0.5930305197068609,0.7229963261405115
Saudi Arabia,2015 - 2020,-0.1223140134236966,0.054870460488599546,-2.2291413692274338
Singapore,1975 - 1980,0.2544419564101684,0.310398448913053,0.8197268939363843
Singapore,1980 - 1985,0.5359627347747834,0.6120404723561407,0.8756981915125894
Singapore,1985 - 1990,0.8370510795405786,0.932440862706263,0.8976988386278668
Singapore,1990 - 1995,0.8957779819249899,0.9979149261369638,0.897649647743664
Singapore,1995 - 2000,-0.10656441525894204,-0.05203594704150623,2.0478999867906977
Slovakia,1995 - 2000,0.651353210105293,0.7624398908049287,0.8543010642027683
Slovakia,2000 - 2005,0.017183204866397607,0.0781545029220233,0.21986199417763194
Slovakia,2005 - 2010,-0.22077887362622112,-0.17491548126814005,1.262203162496371
Slovakia,2010 - 2015,0.9206430754676922,1.0341294166394275,0.8902590533199145
Slovakia,2015 - 2020,0.06799044305511204,0.13691253093939976,0.49659766413350415
Slovenia,1995 - 2000,0.3766476672319466,0.4554250007008921,0.8270245740841886
Slovenia,2000 - 2005,0.01342217572644865,0.07195454458127835,0.18653687275148048
Slovenia,2005 - 2010,-0.09402180465661748,-0.04281048471231683,2.1962331257970282
Slovenia,2010 - 2015,-0.5374483998102684,-0.5135369799236186,1.0465622162014627
Slovenia,2015 - 2020,0.6672678379716818,0.7336586141908255,0.9095072627309527
South Africa,1975 - 1980,-0.08727218329186007,0.03981496795380322,-2.191944079752138
South Africa,1980 - 1985,-0.08120213255653974,0.08003876298113943,-1.0145350769061041
South Africa,1985 - 1990,-0.059613172829804446,0.10985241643613193,-0.5426660128542868
South Africa,1990 - 1995,-0.0062293399378891105,0.10177511518954074,-0.061206906288319186
South Africa,1995 - 2000,-0.12022511457653924,-0.00725424788163854,16.573064022370243
South Africa,2000 - 2005,0.26012566437628953,0.35077159732039037,0.7415813206184252
South Africa,2005 - 2010,-0.03698527292626325,0.0496669470257164,-0.7446657211910596
South Africa,2010 - 2015,-0.020791993488244162,0.0805412240422027,-0.2581534330462794
South Africa,2015 - 2020,-0.06837025998196589,0.04569109276219788,-1.496358608401054
Spain,1975 - 1980,0.14638670614775426,0.23199900129300863,0.6309798978956452
Spain,1980 - 1985,-0.09330462684472962,-0.029123365004299805,3.2037721887891055
Spain,1985 - 1990,-0.0737019718357657,-0.01148328565029526,6.418195460797465
Spain,1990 - 1995,-0.13887565668088633,-0.04884692990999621,2.843078509473864
Spain,1995 - 2000,0.29104273655786816,0.4211942883552652,0.6909940248581482
Spain,2000 - 2005,0.01751557077684289,0.09363528865573886,0.18706164127117655
Spain,2005 - 2010,-0.2723738970344634,-0.2187845010976699,1.244941463713968
Spain,2010 - 2015,-0.17312856777648364,-0.12023313063689359,1.439940612536617
Spain,2015 - 2020,-0.002931276020808834,0.03221987934278524,-0.09097725008908865
Sri Lanka,1975 - 1980,0.27328204148202284,0.4565533720609902,0.5985763290902066
Sri Lanka,1980 - 1985,-0.1306738716353018,0.03104477642097635,-4.209206401209835
Sri Lanka,1985 - 1990,0.3094350890619967,0.5748761864082641,0.5382638842553183
Sri Lanka,1990 - 1995,0.1284299004911456,0.25550201588483046,0.5026570927293051
Sri Lanka,1995 - 2000,1.3639245640382374,1.6895030286060606,0.807293352509439
Sri Lanka,2000 - 2005,0.10637736576147662,0.20657319435892132,0.5149620989867918
Sri Lanka,2005 - 2010,0.2998857297880603,0.4466026669308138,0.6714821741862047
Sri Lanka,2010 - 2015,0.575393832250728,0.8018646830302432,0.7175697401665294
Sri Lanka,2015 - 2020,-0.25739690775855684,-0.09127503709168705,2.820014277288083
Sweden,1975 - 1980,-0.1760692571705494,-0.11726391985935533,1.5014785228203555
Sweden,1980 - 1985,0.004216016737113025,0.07229410531191596,0.05831757262812567
Sweden,1985 - 1990,-0.051648559782736164,0.009474019547711881,-5.451599452864763
Sweden,1990 - 1995,-0.18883570004480266,-0.1352301627761505,1.3964022239430902
Sweden,1995 - 2000,0.01756295366976252,0.0831059852218355,0.21133199519723617
Sweden,2000 - 2005,0.12884910165302527,0.1902878454332694,0.677127334957452
Sweden,2005 - 2010,0.06424254611539072,0.1219993695833992,0.5265809678752011
Sweden,2010 - 2015,0.2197371595175068,0.28441703919618255,0.7725878876263055
Sweden,2015 - 2020,0.03619454614118532,0.09032213584124399,0.40072730570502885
Switzerland,1975 - 1980,-0.06687864242005422,-0.0066120412236383135,10.114674146458794
Switzerland,1980 - 1985,0.013891780793833425,0.07651720603979786,0.18155107214197133
Switzerland,1985 - 1990,0.21301526303358106,0.28470684513031985,0.7481915755698703
Switzerland,1990 - 1995,-0.18622387118075404,-0.12315095120376797,1.512159421916477
Switzerland,1995 - 2000,-0.142449942790113,-0.07879175677764602,1.8079295171969996
Switzerland,2000 - 2005,-0.011992993896497679,0.05870654786421802,-0.20428715931715477
Switzerland,2005 - 2010,0.08813886324646006,0.16287836960726113,0.5411330151387446
Switzerland,2010 - 2015,-0.06396545168844811,-0.005949755652813467,10.750937588201745
Switzerland,2015 - 2020,0.037530978443617656,0.08529520896704439,0.4400127380908176
Thailand,1975 - 1980,0.08318695213251613,0.3777538762182652,0.2202146883714594
Thailand,1980 - 1985,0.1845144224053802,0.5376247672277245,0.34320298031810076
Thailand,1985 - 1990,0.9171832292061325,1.4487183828866765,0.6330997383898576
Thailand,1990 - 1995,-0.013866470176602929,0.1390409290641423,-0.09972941255452956
Thailand,1995 - 2000,-0.44995460219447037,-0.36070861240691193,1.2474185165473146
Thailand,2000 - 2005,0.1077201329454651,0.2243631833116233,0.48011501421715025
Thailand,2005 - 2010,-0.10699544310176691,-0.006684105490632877,16.007443816036506
Thailand,2010 - 2015,0.7047235387418832,0.8799342198723072,0.8008820691666589
Thailand,2015 - 2020,0.15983901363549236,0.23598991181610793,0.6773129088672436
Turkmenistan,1975 - 1980,-0.06226264901208203,0.05687877259266266,-1.0946552848103106
Turkmenistan,1980 - 1985,-0.09208880355866053,0.04615172729602411,-1.995349014089746
Turkmenistan,1985 - 1990,-0.08824067971213854,0.052237829262181415,-1.6892103090513007
Turkmenistan,1990 - 1995,-0.5076620444414743,-0.45935228439116677,1.1051693040219406
Turkmenistan,1995 - 2000,-0.12803715161594184,-0.03927614792513332,3.2599213105114413
Turkmenistan,2000 - 2005,31.133863525148577,33.36074248022174,0.9332485193819235
Turkmenistan,2005 - 2010,-0.9302010994176706,-0.9251641371438297,1.0054443985360166
Turkmenistan,2010 - 2015,0.5965276171695182,0.7152672270370908,0.83399265983507
Turkmenistan,2015 - 2020,-0.24797680283305615,-0.18640617045045255,1.3303036172773546
USA,1975 - 1980,0.0027693232195843387,0.07824562062399545,0.03539269287532592
USA,1980 - 1985,-0.026571904777005825,0.043401740673722315,-0.6122313152544558
USA,1985 - 1990,0.1046943029901232,0.18038106082082977,0.5804062938409854
USA,1990 - 1995,0.16783550378796203,0.28427394436906117,0.5904005875757227
USA,1995 - 2000,-0.02445812452569597,0.07128750732477719,-0.3430913135210036
USA,2000 - 2005,0.036080427137495666,0.10369516542551312,0.3479470522028643
USA,2005 - 2010,-0.07272574468611982,-0.012270699988707924,5.926780440646865
USA,2010 - 2015,0.13462796191724546,0.20011686557918093,0.6727467049196648
USA,2015 - 2020,0.09353512569297424,0.13057708024910214,0.7163211607621882
Ukraine,1975 - 1980,-0.01563501229354119,0.056878773898788745,-0.27488307538700557
Ukraine,1980 - 1985,-0.022230642485928133,0.04615172539712083,-0.4816860538721049
Ukraine,1985 - 1990,-0.013272504317274747,0.052237827567446056,-0.25407841281565857
Ukraine,1990 - 1995,-0.4359013524861386,-0.38682173829435157,1.126879152159851
Ukraine,1995 - 2000,-0.3972871934636943,-0.3468067829827879,1.1455577369241126
Ukraine,2000 - 2005,0.3451817058704439,0.42246931334971477,0.8170574642061796
Ukraine,2005 - 2010,0.07086543761328322,0.13092403917337547,0.5412713972217129
Ukraine,2010 - 2015,-0.09213592942348278,-0.04498950887695491,2.04794254757197
Ukraine,2015 - 2020,0.09858971926221731,0.14360927260878228,0.6865136036918285
United Arab Emirates,1980 - 1985,15.7382349822362,17.878125217026806,0.8803067878307166
United Arab Emirates,1985 - 1990,-0.22911147199393153,-0.1287808182006516,1.779080729530357
United Arab Emirates,1990 - 1995,0.48945830001228835,0.8014524890100019,0.6107140556976672
United Arab Emirates,1995 - 2000,-0.09527816326448761,0.13683773937709307,-0.6962857154627723
United Arab Emirates,2000 - 2005,0.9203950452205288,1.0900180881083645,0.8443851118267199
United Arab Emirates,2005 - 2010,0.20358953934457685,0.33844102032357043,0.6015510151515698
United Arab Emirates,2010 - 2015,-0.37531219577741665,-0.2923999831138986,1.2835575152246887
United Arab Emirates,2015 - 2020,0.09646527205342617,0.27643045961027796,0.34896759275163286
United Kingdom,1975 - 1980,-0.09460874791261298,-0.035922484073202705,2.6336916934758636
United Kingdom,1980 - 1985,-0.07021710037433823,-0.01247671843562944,5.627850042189065
United Kingdom,1985 - 1990,0.06578225873006423,0.1291522528043424,0.5093388407999375
United Kingdom,1990 - 1995,-0.00947404048941288,0.04356336124506997,-0.2174772611350105
United Kingdom,1995 - 2000,0.021288492556055992,0.07556302270761207,0.2817316167781021
United Kingdom,2000 - 2005,0.015480821349056305,0.06241412149131745,0.24803395416227836
United Kingdom,2005 - 2010,-0.07716346880008067,-0.03477607396194163,2.2188665944444192
United Kingdom,2010 - 2015,0.08754034432106075,0.1338568936953824,0.6539845793842787
United Kingdom,2015 - 2020,0.00024428228371062055,0.032823157552259605,0.007442376112708989
Uzbekistan,1975 - 1980,-0.08350174124428887,0.0568787743357402,-1.4680650597602616
Uzbekistan,1980 - 1985,-0.11422507364222623,0.04615172500367343,-2.4749903418157073
Uzbekistan,1985 - 1990,-0.10965330724701994,0.052237827830850965,-2.099116900535825
Uzbekistan,1990 - 1995,-0.4132659745532992,-0.34638725769259315,1.1930749915750614
Uzbekistan,1995 - 2000,-0.1575350512977065,-0.05924656270974087,2.6589736871233844
Uzbekistan,2000 - 2005,0.16468433567206503,0.25100344328867813,0.6561038905058453
Uzbekistan,2005 - 2010,0.1778263531132198,0.2712842823843098,0.6554981790699743
Uzbekistan,2010 - 2015,0.07745978247232098,0.1652927876478421,0.4686216717292578
Uzbekistan,2015 - 2020,0.4997604866725596,0.6242964721409004,0.800517877281495
Venezuela,1975 - 1980,0.09045586532293744,0.15651581148468502,0.5779343598891827
Venezuela,1980 - 1985,0.11363189244620141,0.18237076437371663,0.623081735915442
Venezuela,1985 - 1990,-0.0006141242508771048,0.06131978969564256,-0.01001510693244835
Venezuela,1990 - 1995,-0.3479131106316599,-0.23394440931003282,1.4871614656565315
Venezuela,1995 - 2000,0.069593833733561,0.24205626490898496,0.28751097915077234
Venezuela,2000 - 2005,0.07060331131782857,0.1483057436460442,0.47606592692953864
Venezuela,2005 - 2010,0.5581671443404029,0.6707250261811789,0.8321847591081664
Venezuela,2010 - 2015,-0.20215281178112543,-0.15086900864615313,1.3399227157066624
Venezuela,2015 - 2020,-0.6130876497222966,-0.5981959580873507,1.024894336769777
Vietnam,1975 - 1980,-0.06300739421133426,0.19900381583134172,-0.3166140003301939
Vietnam,1980 - 1985,0.06127817031390821,0.40840563661700274,0.15004242062254897
Vietnam,1985 - 1990,0.5449804623689475,1.039495593177386,0.5242739516606576
Vietnam,1990 - 1995,1.0149710948046955,1.5999559629616764,0.6343743942338786
Vietnam,1995 - 2000,0.2690697641314642,0.645934708952551,0.41655876422523924
Vietnam,2000 - 2005,1.1796541116133488,1.5812996221001208,0.7460029049059359
Vietnam,2005 - 2010,0.3068022529393328,0.5495558992631194,0.5582730589385235
Vietnam,2010 - 2015,-0.016621377042161257,0.1385895357488989,-0.11993241013720124
Vietnam,2015 - 2020,-0.05338302355428785,0.023209516780803043,-2.300048900563143
