Countries,Years,grad(built_surface_area/cement_CS),grad(cement_CS),CS_tapio_elasticity
Algeria,1975 - 1980,-0.6775425666348488,2.3881940129787993,-0.28370499337687755
Algeria,1980 - 1985,-0.2570301408786242,0.4629902501294456,-0.555152383461125
Algeria,1985 - 1990,-0.12339133583694825,0.23419735473132688,-0.5268690416187826
Algeria,1990 - 1995,-0.10041019761527831,0.22849082678839536,-0.43944957890264835
Algeria,1995 - 2000,-0.04941562481067187,0.15839302662280197,-0.3119810629564552
Algeria,2000 - 2005,0.001762053249601772,0.09589796898244206,0.01837424992727829
Algeria,2005 - 2010,-0.4299510577707294,0.9205059880874329,-0.4670812176507983
Algeria,2010 - 2015,-0.18275005026058042,0.3268895162253251,-0.5590575444903859
Algeria,2015 - 2020,0.15432612067588605,-0.08012516089486078,-1.9260631610885728
Argentina,1975 - 1980,-0.7070294248728421,2.6332672485561885,-0.2684989247713099
Argentina,1980 - 1985,-0.2453194167745274,0.4072969734147028,-0.6023109249200027
Argentina,1985 - 1990,-0.10306959173369917,0.18154615762779294,-0.5677321573779219
Argentina,1990 - 1995,0.15004922124640882,-0.04952579668987082,-3.029718475525249
Argentina,1995 - 2000,-0.1943986200183182,0.3528032196424477,-0.551011468136072
Argentina,2000 - 2005,0.035263906007369034,0.021994836954611397,1.6032810827440878
Argentina,2005 - 2010,-0.48581119455916444,1.0573121386381068,-0.45947755332207174
Argentina,2010 - 2015,0.6356185220617518,-0.35621948904916173,-1.7843451624681612
Argentina,2015 - 2020,0.08987296683062833,-0.04520712440831836,-1.9880266220624998
Australia,1975 - 1980,0.06855986648762472,0.028201456161181707,2.4310754060279667
Australia,1980 - 1985,0.10017169474114222,0.02011803668704276,4.979198333287607
Australia,1985 - 1990,0.06751463589146466,0.058455910554752986,1.1549667989215013
Australia,1990 - 1995,0.08486679030505653,-0.0002914071676592315,-291.23096383236145
Australia,1995 - 2000,-0.0152015348651883,0.11824401102110926,-0.12856071723137402
Australia,2000 - 2005,-0.18096589027165436,0.2871551104910084,-0.6302025757515498
Australia,2005 - 2010,-0.12566840988369624,0.22097617578462148,-0.568696645407518
Australia,2010 - 2015,-0.13278753690214087,0.24473299028917225,-0.5425812708995278
Australia,2015 - 2020,0.07531655544679841,0.02992829814663277,2.5165665978662495
Austria,1975 - 1980,0.02063025423742716,0.06740734241030459,0.30605351731347
Austria,1980 - 1985,0.14046517812831977,-0.04918547290162615,-2.8558265244141987
Austria,1985 - 1990,-0.0805808406681203,0.17431959376574221,-0.4622592270172917
Austria,1990 - 1995,-0.10202931572484646,0.21553479235407716,-0.4733774747477164
Austria,1995 - 2000,-0.0679871411085542,0.16685571230094592,-0.4074606746811914
Austria,2000 - 2005,-0.016301929657800758,0.0927141225956422,-0.17583005912593289
Austria,2005 - 2010,0.0539597177387573,0.01737842569163429,3.1049830805291347
Austria,2010 - 2015,0.0769997875053386,-0.01052551075404751,-7.315539293494987
Austria,2015 - 2020,0.07020267837675952,-0.01764743415503152,-3.9780671660272944
Azerbaijan,1975 - 1980,-0.0009136300173520813,0.056878774622954154,-0.01606275844387432
Azerbaijan,1980 - 1985,0.007705370359699136,0.04615172252503026,0.16695737316240256
Azerbaijan,1985 - 1990,0.00021959395057633005,0.052237829287608624,0.0042037342204114155
Azerbaijan,1990 - 1995,1.3396456502496903,-0.5192283104087152,-2.580070507317246
Azerbaijan,1995 - 2000,-0.2535006068874023,0.4963657998733538,-0.5107132823254185
Azerbaijan,2000 - 2005,-0.672245171206426,2.378213340273512,-0.2826681525254218
Azerbaijan,2005 - 2010,-0.0746015390116198,0.1908456720102441,-0.3908998209171617
Azerbaijan,2010 - 2015,0.000533914086765837,0.09227197552873559,0.005786308179774086
Azerbaijan,2015 - 2020,0.1972401370668865,-0.10184359299635039,-1.936696568373768
Bangladesh,1975 - 1980,-0.6456420880638475,2.9711789189405606,-0.21730165219873915
Bangladesh,1980 - 1985,0.8158869508644127,-0.19217653154619335,-4.245507733436735
Bangladesh,1985 - 1990,-0.7413975455550225,4.457396973826394,-0.16632970989760856
Bangladesh,1990 - 1995,-0.35530782089394164,0.7597131308891654,-0.46768682341726897
Bangladesh,1995 - 2000,-0.5697739761813476,1.6528838084008481,-0.3447150811723417
Bangladesh,2000 - 2005,-0.5178630075915412,1.3088958746965298,-0.39564874303818004
Bangladesh,2005 - 2010,-0.31222382632293394,0.6364673894864448,-0.49055746057133
Bangladesh,2010 - 2015,-0.3297406615331068,0.6768949885774348,-0.4871370996941359
Bangladesh,2015 - 2020,0.49792696459505753,-0.25751391843381505,-1.9335924350164095
Belarus,1975 - 1980,0.013652690672790242,0.05687877365194516,0.24003138246851677
Belarus,1980 - 1985,0.02091385658587956,0.04615172578097043,0.4531543779128384
Belarus,1985 - 1990,0.011994999037265591,0.05223782736443523,0.22962285459506063
Belarus,1990 - 1995,0.7904291686077319,-0.3843777033874629,-2.0563866260758585
Belarus,1995 - 2000,-0.019486371992279077,0.12102521294574413,-0.16101084656644943
Belarus,2000 - 2005,-0.18979156318690518,0.3140843770343171,-0.6042693526464974
Belarus,2005 - 2010,-0.357864909779541,0.6566023655710673,-0.5450253129507001
Belarus,2010 - 2015,0.11525144668656986,-0.05113732363069908,-2.2537637581287377
Belarus,2015 - 2020,0.053712696069508827,-0.009891722852837499,-5.430064799490518
Belgium,1975 - 1980,-0.03191910267576892,0.12855763632173803,-0.24828632191000904
Belgium,1980 - 1985,0.24644975624687934,-0.1281816916629319,-1.9226595705644653
Belgium,1985 - 1990,-0.10557373144107308,0.20886453397067511,-0.5054650946909722
Belgium,1990 - 1995,-0.04377617279743581,0.1671769291033275,-0.2618553470998319
Belgium,1995 - 2000,0.14212857737059437,-0.02844621572509131,-4.996396664644156
Belgium,2000 - 2005,0.025690919117123307,0.053672645706822855,0.47865945080209604
Belgium,2005 - 2010,-0.03580573331689521,0.11740915730159052,-0.30496542296884505
Belgium,2010 - 2015,0.019171253964961454,0.04739446785943827,0.4045040451096369
Belgium,2015 - 2020,-0.04280075633579697,0.08804463130796174,-0.4861256808048734
Brazil,1975 - 1980,-0.3076325215399228,0.5926716375842089,-0.5190606434177699
Brazil,1980 - 1985,0.07442430164808696,0.020944550923331823,3.55339686778291
Brazil,1985 - 1990,0.14890911869198145,-0.05007436318178166,-2.973759609311585
Brazil,1990 - 1995,0.12501667509508885,0.006274942551119292,19.92315851127418
Brazil,1995 - 2000,-0.2270246667338436,0.4568328577444166,-0.4969534543875928
Brazil,2000 - 2005,0.1995610714323635,-0.10673045293614154,-1.869766931016061
Brazil,2005 - 2010,-0.31062287763119,0.5541345779847935,-0.5605549445422157
Brazil,2010 - 2015,-0.07017689842649036,0.14487869597481487,-0.4843838354169728
Brazil,2015 - 2020,0.08423906969279783,-0.03423885656431911,-2.4603353658890814
Bulgaria,1975 - 1980,-0.12946130683874074,0.2267854855516331,-0.5708535822909434
Bulgaria,1980 - 1985,0.035118481810951674,0.028656849639807018,1.2254829910601495
Bulgaria,1985 - 1990,0.0852866232658566,-0.021623458717283203,-3.944171206879531
Bulgaria,1990 - 1995,0.2641401537357008,-0.14749294211854197,-1.7908663963283613
Bulgaria,1995 - 2000,1.2332323264345066,-0.5191669786023455,-2.3754059431023586
Bulgaria,2000 - 2005,-0.2664537336051537,0.4459415099505535,-0.5975082553644723
Bulgaria,2005 - 2010,-0.04508434689175393,0.10937144855769305,-0.4122131277064699
Bulgaria,2010 - 2015,0.08540379314928774,-0.026315231791761283,-3.2454129161813343
Bulgaria,2015 - 2020,-0.15894822756268948,0.2522948104256038,-0.630009897130087
Canada,1975 - 1980,-0.057679740073729245,0.13285566660287942,-0.43415340533528385
Canada,1980 - 1985,0.10589261257055346,-0.0370349769404604,-2.859259578878438
Canada,1985 - 1990,-0.012705683151836593,0.07601976763265401,-0.16713656917807931
Canada,1990 - 1995,0.23298453366401953,-0.12067767691804486,-1.9306348913415443
Canada,1995 - 2000,-0.3024681743836703,0.5535587976941782,-0.5464065888638868
Canada,2000 - 2005,0.09555469494472948,-0.02852548370069272,-3.3498010392163486
Canada,2005 - 2010,-0.030721686965474636,0.09923060720777854,-0.30959890128603795
Canada,2010 - 2015,-0.01032752267738029,0.06956304761906935,-0.14846276911176043
Canada,2015 - 2020,-0.14849963518992645,0.21556169884751958,-0.6888961999458431
Chile,1975 - 1980,-0.10827072681850579,0.20109942451668913,-0.5383940161873534
Chile,1980 - 1985,0.06173624903560027,0.00601260184302405,10.26780928579663
Chile,1985 - 1990,-0.17241790179577046,0.2873747745449595,-0.5999757705553096
Chile,1990 - 1995,-0.3449192795140188,0.6682200371806093,-0.5161761999375553
Chile,1995 - 2000,-0.15105909653657115,0.2852222595334927,-0.5296188901372644
Chile,2000 - 2005,0.04425067707642566,0.053049841259724936,0.8341340148367317
Chile,2005 - 2010,0.022853153393100827,0.07154328867452271,0.31943112787376055
Chile,2010 - 2015,0.03209628720751154,0.04408616871315319,0.7280353032341309
Chile,2015 - 2020,-0.3129196650454638,0.4999827282191281,-0.6258609495572817
China,1975 - 1980,-0.5670294976920315,1.8224848358416823,-0.3111298851659081
China,1980 - 1985,-0.11194491811926717,0.40419992627004714,-0.27695432592552344
China,1985 - 1990,-0.10060759147584884,0.3803918579091234,-0.2644840823587877
China,1990 - 1995,-0.4033087897425001,1.0164194025175044,-0.3967936746815048
China,1995 - 2000,-0.1268011204743955,0.38201493046881335,-0.3319271325829691
China,2000 - 2005,-0.31306367138586305,0.6859476346041214,-0.45639587570928847
China,2005 - 2010,-0.3613085931265264,0.8311312095989866,-0.43471907799113285
China,2010 - 2015,-0.0925155869780334,0.276870142684972,-0.33414793693843453
China,2015 - 2020,-0.03290981307491126,0.1620520858804688,-0.20308169991212494
Colombia,1975 - 1980,-0.16751291519251366,0.330617626892694,-0.506666618978794
Colombia,1980 - 1985,-0.08187098572182717,0.20106963328252955,-0.40717727677350246
Colombia,1985 - 1990,-0.09795283356735016,0.21701450167948264,-0.4513653825402903
Colombia,1990 - 1995,-0.08579982737076906,0.19621271726702294,-0.43727964510070655
Colombia,1995 - 2000,0.5307550972649206,-0.28700035898398224,-1.8493185832375303
Colombia,2000 - 2005,-0.17171074079852922,0.27341396999686884,-0.6280247523581025
Colombia,2005 - 2010,-0.14170001735356108,0.22944576432155667,-0.617575215531003
Colombia,2010 - 2015,-0.36036674916138256,0.6448180394130665,-0.5588657995508308
Colombia,2015 - 2020,0.2335994580562792,-0.1527770993629427,-1.5290214242209956
Croatia,1995 - 2000,-0.2187244062308236,0.39387007343261354,-0.5553212111918544
Croatia,2000 - 2005,-0.30425237034346847,0.5416269693080128,-0.5617378520352926
Croatia,2005 - 2010,0.28809052013038783,-0.16867718796508108,-1.7079400220379963
Croatia,2010 - 2015,0.6661752288928934,-0.3610993322609183,-1.8448531176223208
Croatia,2015 - 2020,-0.34349386635065854,0.5991734045057328,-0.5732795610880157
Cyprus,1975 - 1980,-0.5052995756793954,1.1290168933517974,-0.44755714343589187
Cyprus,1980 - 1985,0.5318077803311894,-0.3138101234006516,-1.6946801287612159
Cyprus,1985 - 1990,0.3220416878065672,-0.20648024680122906,-1.5596731057600144
Cyprus,1990 - 1995,0.553813657367434,-0.2453123958124958,-2.2575852945920465
Cyprus,1995 - 2000,-0.348731540739965,0.7786273873855907,-0.44787987988825606
Cyprus,2000 - 2005,-0.36720570255043294,0.7474258172786271,-0.4912938435648727
Cyprus,2005 - 2010,0.15579138405928972,-0.04642091459802431,-3.3560602027845494
Cyprus,2010 - 2015,1.2290240301317596,-0.5131998738999898,-2.394825276927614
Cyprus,2015 - 2020,-0.6296253720111682,1.7952358026440676,-0.35072015112657645
Czechia,1975 - 1980,0.013678274117006266,0.05848435039596314,0.23387921767786968
Czechia,1980 - 1985,0.13744932386393657,-0.05986321919202441,-2.2960563384177135
Czechia,1985 - 1990,0.11001652345206778,-0.03966913439629348,-2.773353266370926
Czechia,1990 - 1995,0.3967723821559305,-0.2299234715026642,-1.7256715008816879
Czechia,1995 - 2000,0.0835377772624747,-0.009915481578876215,-8.42498436389033
Czechia,2000 - 2005,-0.09185750077446962,0.1724291419866313,-0.5327260793398338
Czechia,2005 - 2010,0.020464687218661872,0.04215413408330509,0.48547284065234303
Czechia,2010 - 2015,-0.057035315347367,0.125378321008086,-0.4549057196553831
Czechia,2015 - 2020,-0.10559098219750937,0.1834740553335871,-0.5755090658759734
Denmark,1975 - 1980,0.1722282107465093,-0.07725921874931707,-2.229225373160167
Denmark,1980 - 1985,0.22152726664646724,-0.11842222790274881,-1.8706561307763165
Denmark,1985 - 1990,0.028180600795690583,0.04314621792858583,0.6531418545730745
Denmark,1990 - 1995,-0.06516924102226632,0.14907069361690628,-0.4371700395367007
Denmark,1995 - 2000,-0.018989786358192977,0.09314026820860889,-0.20388374140882884
Denmark,2000 - 2005,0.08574354806738499,-0.012806894530384135,-6.695108471765728
Denmark,2005 - 2010,0.10773653261579183,-0.0334130150583081,-3.2243882339796
Denmark,2010 - 2015,-0.052929305934664155,0.12160231365289241,-0.43526561579862827
Denmark,2015 - 2020,-0.2031540270323337,0.3013781367017432,-0.6740834927696951
Ecuador,1975 - 1980,-0.537248517013865,1.4657530408965,-0.3665341309374103
Ecuador,1980 - 1985,0.05769397293390618,0.06980469579549721,0.8265056136470945
Ecuador,1985 - 1990,-0.27284995707034165,0.5438930360437426,-0.5016610601508008
Ecuador,1990 - 1995,-0.033029961524971806,0.1212479285579478,-0.2724167077970809
Ecuador,1995 - 2000,-0.017649974931233575,0.10220652281156042,-0.1726893200718224
Ecuador,2000 - 2005,-0.015134261622277406,0.09160604753416841,-0.1652102893821768
Ecuador,2005 - 2010,-0.34387630783309914,0.6375375557469404,-0.5393820406865489
Ecuador,2010 - 2015,-0.14920674450968047,0.25141582155648445,-0.5934660101578327
Ecuador,2015 - 2020,0.3756113350521298,-0.2455212839875079,-1.5298524386636918
Egypt,1975 - 1980,0.26038322398083785,-0.08187406293285462,-3.180289516038548
Egypt,1980 - 1985,-0.4308602977904409,1.0719261683507806,-0.40194960297810806
Egypt,1985 - 1990,-0.17547994328647779,0.4323518564014973,-0.4058729960061068
Egypt,1990 - 1995,-0.2948511245364176,0.5599272864425429,-0.5265882404298113
Egypt,1995 - 2000,-0.23030586508512246,0.44501949920520256,-0.5175185929974865
Egypt,2000 - 2005,0.0723743429143618,0.011088155157671553,6.527176242144143
Egypt,2005 - 2010,-0.3989476885253731,0.8259307338865979,-0.48302802179068627
Egypt,2010 - 2015,-0.021131968053882826,0.14743700528222434,-0.14332879329332518
Egypt,2015 - 2020,0.33219962631316496,-0.09654312291448525,-3.4409455203496635
Estonia,1975 - 1980,0.02212029416378452,0.05687877462295433,0.3889024387465887
Estonia,1980 - 1985,0.02834223337609697,0.04615172439217123,0.6141099547063662
Estonia,1985 - 1990,0.018622324361742635,0.052237829194375925,0.3564911606960032
Estonia,1990 - 1995,1.4675958205895456,-0.576891235436848,-2.543973162425004
Estonia,1995 - 2000,0.4059734764865448,-0.2578256049569536,-1.5746049604123913
Estonia,2000 - 2005,-0.515659134539488,1.1410419924687762,-0.451919506856886
Estonia,2005 - 2010,0.7462081807753592,-0.4057468308904749,-1.8390979891024375
Estonia,2010 - 2015,-0.25488063141542705,0.3936986386509558,-0.647400337193948
Estonia,2015 - 2020,-0.3705490962867031,0.6581182132761476,-0.5630433694306831
Finland,1975 - 1980,0.1441414547781285,-0.05745473479740299,-2.508782875534983
Finland,1980 - 1985,0.0955418406845685,-0.019197145232011048,-4.976877526834221
Finland,1985 - 1990,-0.02778510059205551,0.10132850100280556,-0.27420814792558906
Finland,1990 - 1995,0.43927216819066206,-0.24109998628366672,-1.8219501998388148
Finland,1995 - 2000,-0.19444838221818533,0.3525580482790135,-0.5515357915309862
Finland,2000 - 2005,0.0061563867707047,0.05950906412940157,0.10345292537818658
Finland,2005 - 2010,-0.05327504091797975,0.1257419494355316,-0.4236855015938342
Finland,2010 - 2015,0.05366945886735766,0.006790395969547257,7.90373037272759
Finland,2015 - 2020,-0.032396199239031115,0.0833591662118082,-0.3886339164755471
France,1975 - 1980,0.04476271520965198,0.0392215573314538,1.1412783748327717
France,1980 - 1985,0.18252412475625632,-0.08592736522966653,-2.1241675951358
France,1985 - 1990,0.02015718997820816,0.05518053739550105,0.3652952821704778
France,1990 - 1995,0.20459160224459086,-0.0915884128395118,-2.23381534739653
France,1995 - 2000,-0.013881065471100056,0.10614316123817008,-0.1307768235765367
France,2000 - 2005,-0.011407237461435462,0.09154071406243804,-0.1246138134082592
France,2005 - 2010,0.04371894942387294,0.03166698388064911,1.380584573151865
France,2010 - 2015,0.018913218560511563,0.04832812695551043,0.3913501257336657
France,2015 - 2020,-0.08364819816668857,0.14092244595544917,-0.5935761162784023
Germany,1975 - 1980,-0.0033647091431451325,0.07911672274698552,-0.04252841910433321
Germany,1980 - 1985,0.16569635221160195,-0.08049647022722878,-2.0584300372906714
Germany,1985 - 1990,0.07391319621169465,-0.005190834691046408,-14.239173584006904
Germany,1990 - 1995,-0.06269761764715956,0.16301630241595574,-0.3846094943754707
Germany,1995 - 2000,0.10014339496397114,-0.01164131581325826,-8.602412009982421
Germany,2000 - 2005,0.1532951176197928,-0.07636645860530479,-2.0073618761358167
Germany,2005 - 2010,-0.022258599559210175,0.08798560315346653,-0.25298001901954587
Germany,2010 - 2015,-0.0012310216311793602,0.05968184393545028,-0.020626400761189427
Germany,2015 - 2020,-0.12250403811677732,0.19009675822112973,-0.6444299169703605
Greece,1975 - 1980,-0.3556349652641621,0.638749464281814,-0.5567675358663897
Greece,1980 - 1985,-0.057677000552962335,0.11856661213846258,-0.4864522947286956
Greece,1985 - 1990,0.34499994249611776,-0.21767973368404656,-1.5848969339372283
Greece,1990 - 1995,0.3406425047232001,-0.18481809961412282,-1.8431230784994503
Greece,1995 - 2000,-0.16758001790521296,0.3108915401258013,-0.5390304858002962
Greece,2000 - 2005,-0.0761805439402733,0.1565813533774058,-0.4865237290206351
Greece,2005 - 2010,0.23475088358315896,-0.13579940783250705,-1.7286591107429363
Greece,2010 - 2015,0.9300025514057644,-0.45199220112856736,-2.0575632700822397
Greece,2015 - 2020,-0.05607441703917187,0.09097502703227307,-0.6163715347870099
Hungary,1975 - 1980,-0.14345733517403406,0.25225236036376075,-0.5687056207012742
Hungary,1980 - 1985,0.22316630515491476,-0.12613486647742841,-1.7692673832960368
Hungary,1985 - 1990,0.01268116800622544,0.052114018248579516,0.24333506477541852
Hungary,1990 - 1995,0.30209331844129755,-0.16639859018682343,-1.815480035630851
Hungary,1995 - 2000,-0.021167523289659106,0.10532535441208692,-0.20097272311888814
Hungary,2000 - 2005,-0.04728923579824486,0.11004360524279229,-0.4297317930824721
Hungary,2005 - 2010,0.22483729323212331,-0.1371194584648301,-1.6397183576231236
Hungary,2010 - 2015,0.03225234575138423,0.019036970679674865,1.694195273716473
Hungary,2015 - 2020,-0.014830127443550788,0.05257295510188864,-0.2820866244784864
Iceland,1975 - 1980,0.21891809101752502,-0.1274964557521114,-1.7170523660921422
Iceland,1980 - 1985,0.1478982347013915,-0.07411761371428438,-1.995453270683048
Iceland,1985 - 1990,0.046898021801496145,0.014078063494707948,3.3312835830812575
Iceland,1990 - 1995,0.32761821408700104,-0.18941628004186428,-1.7296201467719234
Iceland,1995 - 2000,-0.30317961429829965,0.5450077597819711,-0.5562849498135326
Iceland,2000 - 2005,-0.24884582906007294,0.4147105648181838,-0.6000469970403846
Iceland,2005 - 2010,0.05531931448438015,0.008127386578969683,6.806531711869553
India,1975 - 1980,0.0765026636474028,0.1563543734535772,0.4892902063281077
India,1980 - 1985,-0.22676749007477592,0.6540540816902458,-0.3467106106711386
India,1985 - 1990,-0.13032582277590773,0.4555901310008025,-0.2860593632474409
India,1990 - 1995,-0.098524642883927,0.267312004817522,-0.36857545156336663
India,1995 - 2000,-0.21900164332109467,0.47507353083997916,-0.4609847299509133
India,2000 - 2005,-0.19735438037169756,0.38731150428172445,-0.5095494923077343
India,2005 - 2010,-0.2563212687723786,0.526286106806836,-0.48703787817537203
India,2010 - 2015,-0.1886220477902468,0.41716848361977255,-0.45214836498091265
India,2015 - 2020,0.10304441217303903,0.0719919603103361,1.4313322172204366
Indonesia,1975 - 1980,-0.7721814854157539,4.3554378045927615,-0.17729135854069528
Indonesia,1980 - 1985,-0.30519644755561803,0.7907793890627733,-0.38594385713230955
Indonesia,1985 - 1990,-0.01873412849576195,0.25994878660383347,-0.0720685360394203
Indonesia,1990 - 1995,-0.4262687528149523,0.8895697381976968,-0.4791853123045637
Indonesia,1995 - 2000,-0.02965086027094424,0.13022302815756268,-0.22769291031282377
Indonesia,2000 - 2005,-0.2953625600328908,0.5103034728244621,-0.5787978639418191
Indonesia,2005 - 2010,-0.11435898204686315,0.2113786848381242,-0.5410147297228212
Indonesia,2010 - 2015,-0.2927386703085752,0.5106524957890514,-0.5732639568445475
Indonesia,2015 - 2020,0.09717995956871768,-0.0567704164966989,-1.7118063520701583
Iraq,1975 - 1980,-0.5944705053750204,1.6637658506132904,-0.35730418745876363
Iraq,1980 - 1985,-0.2984627208722493,0.5337404212011734,-0.5591907770458235
Iraq,1985 - 1990,-0.336069095444406,0.6145281923973404,-0.5468733568322788
Iraq,1990 - 1995,-0.1968227743520771,0.3496424926900283,-0.5629257840996121
Iraq,1995 - 2000,3.2047141922753855,-0.7428634961956003,-4.314001439951715
Iraq,2000 - 2005,-0.09127213861694795,0.22587931817704582,-0.4040747924757246
Iraq,2005 - 2010,-0.3855268149743696,0.806643046455955,-0.477939798363365
Iraq,2010 - 2015,-0.13804585385209528,0.2735715010419247,-0.5046061206168542
Iraq,2015 - 2020,-0.5351144775168803,1.304866862081894,-0.41009124613917614
Ireland,1975 - 1980,-0.19522905808271582,0.3684338580791122,-0.5298890256736262
Ireland,1980 - 1985,0.4192294385857749,-0.22902605359223344,-1.8304879816520205
Ireland,1985 - 1990,-0.05103238450859844,0.1464078476782151,-0.34856317689172517
Ireland,1990 - 1995,-0.012615857377438276,0.0826200384761478,-0.1526973069745113
Ireland,1995 - 2000,-0.41443760284476006,0.8264649349547671,-0.5014581808814943
Ireland,2000 - 2005,-0.10225106210875884,0.20193373555148733,-0.5063594838648827
Ireland,2005 - 2010,0.4066679418543953,-0.23389098905640288,-1.7387071793361275
Ireland,2010 - 2015,-0.04020435626927501,0.1128783364225076,-0.35617424515177726
Ireland,2015 - 2020,0.2055350222281551,-0.13618932823268984,-1.5091859611568306
Israel,1975 - 1980,0.044841446729980396,-0.0009533724197781613,-47.03455417811906
Israel,1980 - 1985,-0.09791339470753448,0.15572131088548308,-0.6287732497932775
Israel,1985 - 1990,-0.18558226876833797,0.2786501388520688,-0.6660045802699593
Israel,1990 - 1995,-0.10448691997175595,0.29977788976011577,-0.3485477866808892
Israel,1995 - 2000,-0.3615414295564417,0.8071694859953795,-0.4479126575388298
Israel,2000 - 2005,0.4517555736415124,-0.24890275336007192,-1.8149882536172113
Israel,2005 - 2010,-0.05686925698515495,0.1527939568840105,-0.37219572125045325
Israel,2010 - 2015,-0.33039445080081736,0.6097500552585606,-0.5418522687311864
Israel,2015 - 2020,0.2587731744835692,-0.1623631041837226,-1.5937929727603224
Italy,1975 - 1980,-0.1157489772863961,0.20727811849407102,-0.55842352356024
Italy,1980 - 1985,0.09813399996296122,-0.03060468033854283,-3.2065030210223604
Italy,1985 - 1990,0.12401704877631575,-0.0554994578718813,-2.2345632467727
Italy,1990 - 1995,0.0888176370521809,0.005105135001246788,17.39770584528904
Italy,1995 - 2000,0.03462258739288118,0.05422830429301633,0.6384597092655168
Italy,2000 - 2005,-0.11631287035337849,0.20641131652007963,-0.5635004529514912
Italy,2005 - 2010,0.2728866311619249,-0.16335593842471757,-1.6705032813219978
Italy,2010 - 2015,0.38328887589471816,-0.2358894974683464,-1.624866219175998
Italy,2015 - 2020,0.04750577228939595,-0.013162351234576607,-3.60921627471857
Japan,1975 - 1980,-0.2861842005510518,0.45154886740529276,-0.6337834533735724
Japan,1980 - 1985,-0.04729772992477773,0.08719891739924786,-0.5424118938108021
Japan,1985 - 1990,-0.16663605748082516,0.24259131279292498,-0.6869003492431943
Japan,1990 - 1995,-0.10754752481037994,0.21713847205389905,-0.49529465595430744
Japan,1995 - 2000,-0.06934010253189479,0.1646920902994819,-0.42102873553796244
Japan,2000 - 2005,-0.0017590431554622005,0.059248974276955656,-0.029689006044892226
Japan,2005 - 2010,0.20242745933176112,-0.12190107033484943,-1.6605880389377563
Japan,2010 - 2015,0.06802426169952044,-0.016342998887429655,-4.162287605112782
Japan,2015 - 2020,0.1390043031252279,-0.09004287727405554,-1.5437567893588386
Kazakhstan,1975 - 1980,0.05224738238824503,0.056878774749225744,0.9185743296792138
Kazakhstan,1980 - 1985,0.07469304438251281,0.04615172542268505,1.6184236601866848
Kazakhstan,1985 - 1990,0.06983597322022093,0.05223782724477906,1.3368851061316056
Kazakhstan,1990 - 1995,1.4039788307718881,-0.5347761881089413,-2.625357788903417
Kazakhstan,1995 - 2000,0.31357022383030553,-0.14878130762902286,-2.107591530329696
Kazakhstan,2000 - 2005,-0.4190347898114873,0.871344384415814,-0.4809060542605389
Kazakhstan,2005 - 2010,-0.14436263910763392,0.27544750125297895,-0.5241021917096539
Kazakhstan,2010 - 2015,-0.1553681347469811,0.2872061863697034,-0.5409637470238366
Kazakhstan,2015 - 2020,-0.04467742236785468,0.11760836478045732,-0.37988303341565216
Kuwait,1980 - 1985,-0.4436390171628921,0.8997488219005806,-0.49306985056759856
Kuwait,1985 - 1990,0.2768454863016173,-0.16766427177519494,-1.651189507284015
Kuwait,1990 - 1995,-0.4492379269362327,0.9140400824072192,-0.4914860251567066
Kuwait,1995 - 2000,-0.4965191825517382,1.1374738598797844,-0.43651041141658725
Kuwait,2000 - 2005,0.17390403918020167,-0.12976710951173542,-1.3401241642395891
Kuwait,2005 - 2010,-0.20794859049950123,0.2966604615213868,-0.7009649665919833
Kuwait,2010 - 2015,-0.09572605007224486,0.15924277016793126,-0.6011327859424693
Kuwait,2015 - 2020,-0.3345524870086545,0.6857747605517697,-0.4878460192082249
Lithuania,1975 - 1980,0.01578055091454045,0.05687877313407377,0.27744183014184887
Lithuania,1980 - 1985,0.02277991557387603,0.04615172453004612,0.4935875269199451
Lithuania,1985 - 1990,0.013720121743143845,0.05223782934354801,0.2626472408130114
Lithuania,1990 - 1995,1.2047212273283463,-0.512460943419516,-2.3508547193656573
Lithuania,1995 - 2000,0.17745417156234305,-0.08873953667578455,-1.999719383375676
Lithuania,2000 - 2005,-0.1648670937891111,0.26290191428571713,-0.6271049575163476
Lithuania,2005 - 2010,-0.08715441893115033,0.15459518291831892,-0.5637589560419795
Lithuania,2010 - 2015,0.05126245598018118,-2.2186316547326448e-05,-2310.5437926494624
Lithuania,2015 - 2020,-0.19468169854145725,0.30000833597283455,-0.6489209638464362
Luxembourg,1975 - 1980,0.148598710545829,-0.03589079298645446,-4.140301681322884
Luxembourg,1980 - 1985,0.027289242435943384,0.06995506097492586,0.390096757198521
Luxembourg,1985 - 1990,-0.5604658494695249,1.4846448831218593,-0.37750835626833334
Luxembourg,1990 - 1995,0.10633933196138676,0.004634027875145881,22.947495100693402
Luxembourg,1995 - 2000,1.8769485354342808,-0.6151603160301224,-3.0511534741821227
Luxembourg,2000 - 2005,-0.06622644886580528,0.1762298330392984,-0.37579590086223996
Luxembourg,2005 - 2010,-0.33146369064248565,0.6366125027603105,-0.5206678932714652
Luxembourg,2010 - 2015,0.0225418388214511,0.0618277384459384,0.3645910296583381
Luxembourg,2015 - 2020,-0.2808519175742833,0.4849863186380373,-0.57909245432528
Malaysia,1975 - 1980,-0.32155393007947364,0.7321506898929799,-0.439190913180012
Malaysia,1980 - 1985,-0.1256806315581914,0.3806939498866787,-0.33013561575013944
Malaysia,1985 - 1990,-0.012986044216768989,0.2251048153093175,-0.057688877951921236
Malaysia,1990 - 1995,-0.6461170865979025,2.4297789441824573,-0.26591599542208566
Malaysia,1995 - 2000,0.37612666660980304,-0.09681277140996575,-3.8850934761184326
Malaysia,2000 - 2005,-0.2416388699979226,0.4264532514087339,-0.5666245226169561
Malaysia,2005 - 2010,-0.15966175592517423,0.30290014801637916,-0.5271101944675861
Malaysia,2010 - 2015,-0.16320667535875574,0.31027501048059375,-0.5260065098570468
Malaysia,2015 - 2020,0.3570957852435244,-0.2024540116247097,-1.7638365492380323
Mexico,1975 - 1980,-0.18407196270521523,0.3585711762458766,-0.5133484644036052
Mexico,1980 - 1985,-0.10047827993393156,0.2552832748236181,-0.39359523260328994
Mexico,1985 - 1990,0.07764821522181359,0.05386747046684233,1.4414676343417554
Mexico,1990 - 1995,0.042733070822016904,0.09707699306849377,0.4401977180305338
Mexico,1995 - 2000,-0.04935158634042876,0.21581932270572335,-0.22867084245149472
Mexico,2000 - 2005,-0.15583135159353517,0.2901195809257513,-0.5371280045844828
Mexico,2005 - 2010,0.09875051263294513,0.005102578285844161,19.353061746627965
Mexico,2010 - 2015,-0.06443309342305815,0.19117104294454842,-0.33704421145909524
Mexico,2015 - 2020,-0.0792651416880604,0.23098834189499037,-0.3431564599225321
Morocco,1975 - 1980,-0.3354942287114223,0.6469697863167214,-0.5185624364646644
Morocco,1980 - 1985,-0.05229583823967217,0.16289067052701262,-0.32104870138035196
Morocco,1985 - 1990,-0.1213694331800502,0.2528830424386208,-0.4799429491580429
Morocco,1990 - 1995,-0.13352812758273508,0.28099124199347636,-0.4752038769444463
Morocco,1995 - 2000,-0.03765129352486103,0.15193612184334362,-0.24781002086970505
Morocco,2000 - 2005,-0.2632153326065892,0.48473626725100644,-0.543007301886679
Morocco,2005 - 2010,-0.1976475428639204,0.367976873694105,-0.5371194686224291
Morocco,2010 - 2015,0.11745565624341192,-0.021461881329628493,-5.472756765328973
Morocco,2015 - 2020,0.2119684061338645,-0.1061025256464693,-1.9977696557397455
New Zealand,1975 - 1980,0.3040440253634416,-0.16472948108605598,-1.8457171318630368
New Zealand,1980 - 1985,-0.21360939381192132,0.3914435177673428,-0.5456965925257231
New Zealand,1985 - 1990,0.6128138378310664,-0.28830520166598217,-2.1255732962495966
New Zealand,1990 - 1995,0.009708122049496289,-0.005030717147100124,-1.9297690101882152
New Zealand,1995 - 2000,-0.26281173659440926,0.36773245150051886,-0.7146819257370829
New Zealand,2000 - 2005,-0.31461350012350586,0.5237365264791516,-0.6007094869600043
New Zealand,2005 - 2010,0.1800118101670748,-0.11034079892163748,-1.6314165922880142
New Zealand,2010 - 2015,-0.11383877009474438,0.19352530075735833,-0.5882371434083197
New Zealand,2015 - 2020,-0.30662615157000417,0.6457753128131329,-0.4748186334876696
Norway,1975 - 1980,0.15293466584163853,-0.05543826382821859,-2.758648184140885
Norway,1980 - 1985,0.1950206483796708,-0.09295450627078349,-2.0980225295539836
Norway,1985 - 1990,0.07997199235820474,-0.0008227019667219233,-97.2065165674213
Norway,1990 - 1995,-0.07500315123023862,0.19581874299111354,-0.3830233515166745
Norway,1995 - 2000,-0.022572758706604,0.12827816949321277,-0.175967265480806
Norway,2000 - 2005,0.052985312829182646,0.02722594638411183,1.9461330042177392
Norway,2005 - 2010,-0.055563387964310304,0.14311920709407794,-0.3882315245625018
Norway,2010 - 2015,-0.018205629394396336,0.09485165389013768,-0.19193792251090405
Norway,2015 - 2020,-0.06331964909134669,0.14032587970094884,-0.4512328675671829
Oman,1985 - 1990,3.121729509181138,-0.7078927249397255,-4.409890650376357
Oman,1990 - 1995,-0.32012692553517264,0.5169421730550012,-0.6192702824830506
Oman,1995 - 2000,0.18621375472482385,-0.12436797736006469,-1.4972805594940728
Oman,2000 - 2005,-0.3172626101850109,0.5362827911390717,-0.5915957316309571
Oman,2005 - 2010,-0.45751985333049366,0.9666193912774834,-0.4733195479617223
Oman,2010 - 2015,-0.4119830845488877,0.8642851626228285,-0.4766749475354304
Oman,2015 - 2020,0.5392961258612362,-0.23837270817042536,-2.262407177400798
Pakistan,1975 - 1980,0.062048640759467415,0.11569000568116261,0.5363353592571443
Pakistan,1980 - 1985,3.5519246212540607,-0.7329307010458982,-4.846194348504484
Pakistan,1985 - 1990,-0.8304080485920818,6.1478350946454325,-0.13507324705494145
Pakistan,1990 - 1995,-0.10511541124087961,0.2627491407538741,-0.4000599619061922
Pakistan,1995 - 2000,-0.020271851603420425,0.16935410780127835,-0.11970097369712225
Pakistan,2000 - 2005,-0.2764153060422346,0.5263049325041917,-0.5251999154312184
Pakistan,2005 - 2010,-0.12366684334420427,0.28774583720957003,-0.4297780449005616
Pakistan,2010 - 2015,-0.14874579536725205,0.3556503146857475,-0.4182360853488455
Pakistan,2015 - 2020,0.004835034009401269,0.20889849571549327,0.023145374947966518
Peru,1975 - 1980,-0.26875537939559546,0.5326331370930809,-0.504578781677695
Peru,1980 - 1985,0.3915343478438354,-0.19912089754222545,-1.9663146996452587
Peru,1985 - 1990,0.19547790264737958,-0.07305049778679985,-2.6759284134912797
Peru,1990 - 1995,-0.2882287445210649,0.4879124041248462,-0.5907387106463344
Peru,1995 - 2000,-0.09454898560377943,0.1713315162672269,-0.5518481810218194
Peru,2000 - 2005,0.1432455693561413,-0.0884524750618952,-1.6194636640286693
Peru,2005 - 2010,-0.46546709461563684,0.9517726596672162,-0.48905281097104186
Peru,2010 - 2015,-0.23619585164673532,0.36497374051663795,-0.6471584813537233
Peru,2015 - 2020,0.022931710690157543,0.018118964524009473,1.2656192719937551
Philippines,1975 - 1980,-0.29523478456905977,0.6669427868628032,-0.44266883214645597
Philippines,1980 - 1985,0.8326105037544955,-0.3424439038056678,-2.4313777950241757
Philippines,1985 - 1990,0.020326339825929626,0.1864841326037644,0.10899769080685481
Philippines,1990 - 1995,-0.47308932330965725,1.121105109319564,-0.42198480711303765
Philippines,1995 - 2000,-0.171892293185074,0.3593674238225189,-0.47831907343378627
Philippines,2000 - 2005,0.11549928718554595,-0.04088575514401134,-2.824927331749759
Philippines,2005 - 2010,-0.20475421403466149,0.3600841541442447,-0.5686287821280794
Philippines,2010 - 2015,-0.36712052062065964,0.7117921763855757,-0.5157692551284683
Philippines,2015 - 2020,-0.207862796400332,0.3548718322416905,-0.5857404773077738
Poland,1975 - 1980,0.0799086339178049,0.00912156780079194,8.760405630144763
Poland,1980 - 1985,0.3177717053615664,-0.17707916555854522,-1.794517747806452
Poland,1985 - 1990,0.05329482533118729,0.024842427247764462,2.14531473916194
Poland,1990 - 1995,0.22937745248165067,-0.11379412218905115,-2.0157232031771897
Poland,1995 - 2000,-0.1447334314655344,0.26988147926631023,-0.5362851569474176
Poland,2000 - 2005,0.24267096747310912,-0.12118586980201669,-2.002469164677075
Poland,2005 - 2010,-0.11137282800278979,0.22462033351987862,-0.495827008434806
Poland,2010 - 2015,0.030053062171666162,0.04933659653395167,0.6091434002948445
Poland,2015 - 2020,-0.1640439349563941,0.27698684746954977,-0.5922444926719059
Portugal,1975 - 1980,-0.35315382336949125,0.6393895766155525,-0.552329653603085
Portugal,1980 - 1985,-0.056355819032797856,0.12134186846736222,-0.46443836529479593
Portugal,1985 - 1990,0.013412801382234298,0.041902119078891596,0.32009840258869066
Portugal,1990 - 1995,0.012925187426255121,0.14853859321054388,0.08701568492664058
Portugal,1995 - 2000,-0.22414190795514077,0.48487869398219086,-0.4622638831876026
Portugal,2000 - 2005,0.5904394334714729,-0.3099872174635385,-1.9047218730589168
Portugal,2005 - 2010,0.37061286006711863,-0.20256462253848434,-1.829603093682894
Portugal,2010 - 2015,0.004634602001425928,0.07473885473045537,0.06201061038653261
Portugal,2015 - 2020,0.1289080157725004,-0.07412201173691854,-1.7391327184970908
Qatar,1975 - 1980,-0.6792115294257682,2.339587477711671,-0.29031251701265676
Qatar,1980 - 1985,-0.13649617870895298,0.2553622443540778,-0.5345198114709996
Qatar,1985 - 1990,-0.058070305803665144,0.15389525867807505,-0.3773365489130448
Qatar,1990 - 1995,0.01147791994366979,0.11314018154063574,0.10144866118627667
Qatar,1995 - 2000,-0.45721282442197325,1.1070828506400916,-0.4129888058130632
Qatar,2000 - 2005,-0.6782379453046607,2.4451132778088702,-0.27738508128034356
Qatar,2005 - 2010,-0.28997662991367895,0.6114399188830276,-0.47425204171066454
Qatar,2010 - 2015,0.009663603072220913,0.17739355671697551,0.05447550210427774
Qatar,2015 - 2020,1.0609816899696056,-0.3704523817902446,-2.8640163813829886
Romania,1975 - 1980,-0.1426669055702983,0.2599424466254185,-0.5488403584039653
Romania,1980 - 1985,0.2830350890207516,-0.16162481148555932,-1.7511858879788385
Romania,1985 - 1990,0.17224139538626734,-0.08588812378885348,-2.0054157407106006
Romania,1990 - 1995,0.7782876788661346,-0.3792925383877707,-2.0519456622435586
Romania,1995 - 2000,0.05013148973400096,0.04581454140294987,1.0942265970335159
Romania,2000 - 2005,-0.0419184898732603,0.13602670892361535,-0.3081636702450787
Romania,2005 - 2010,-0.09606834651349093,0.20027301368826111,-0.4796869270815887
Romania,2010 - 2015,-0.05481057586367285,0.1410426781995925,-0.38860986308065726
Romania,2015 - 2020,-0.1138057996400332,0.2032175781994386,-0.5600194660736667
Saudi Arabia,1975 - 1980,-0.6035499229920761,1.875110690963408,-0.3218742903556162
Saudi Arabia,1980 - 1985,-0.5759924281472422,1.7445791985178898,-0.3301612381006133
Saudi Arabia,1985 - 1990,-0.009117895753019942,0.17472863224424887,-0.05218318048912705
Saudi Arabia,1990 - 1995,-0.33504301656852614,0.6656565644303547,-0.5033271426613873
Saudi Arabia,1995 - 2000,0.440147399194752,-0.22259425598784444,-1.9773529071603169
Saudi Arabia,2000 - 2005,-0.44291784044377336,0.9254420484174651,-0.4786013788774529
Saudi Arabia,2005 - 2010,-0.3172407141081894,0.5946164977021514,-0.5335215476431299
Saudi Arabia,2010 - 2015,-0.2968137467934393,0.5930305197068609,-0.5005033247532629
Saudi Arabia,2015 - 2020,0.149205689864632,0.054870460488599546,2.7192352412575893
Slovakia,1995 - 2000,-0.39263015400724305,0.7624398908049287,-0.5149653877536925
Slovakia,2000 - 2005,-0.014547556026700796,0.0781545029220233,-0.18613842431082
Slovakia,2005 - 2010,0.28640193580863893,-0.17491548126814005,-1.6373732829834173
Slovakia,2010 - 2015,-0.4780880922982562,1.0341294166394275,-0.46230973087670363
Slovakia,2015 - 2020,-0.06116150768298166,0.13691253093939976,-0.4467195753619731
Slovenia,1995 - 2000,-0.2713412068540914,0.4554250007008921,-0.5957977854454662
Slovenia,2000 - 2005,-0.010560565606827641,0.07195454458127835,-0.14676718014521858
Slovenia,2005 - 2010,0.10673338725084328,-0.04281048471231683,-2.4931599809739002
Slovenia,2010 - 2015,1.1671722450328688,-0.5135369799236186,-2.272810509588753
Slovenia,2015 - 2020,-0.39908939931756027,0.7336586141908255,-0.5439715306249463
South Africa,1975 - 1980,0.10012480981365142,0.03981496795380322,2.5147529926389725
South Africa,1980 - 1985,0.09550110652897,0.08003876298113943,1.1931856886827967
South Africa,1985 - 1990,0.07125993464824924,0.10985241643613193,0.6486879120194837
South Africa,1990 - 1995,0.00977952455151754,0.10177511518954074,0.09608954539923296
South Africa,1995 - 2000,0.14222521802627291,-0.00725424788163854,-19.605784134598398
South Africa,2000 - 2005,-0.2050029994464678,0.35077159732039037,-0.584434432583835
South Africa,2005 - 2010,0.041211914790574455,0.0496669470257164,0.8297654125838635
South Africa,2010 - 2015,0.024500904201614403,0.0805412240422027,0.3042032759370059
South Africa,2015 - 2020,0.07740528293790895,0.04569109276219788,1.6941000588620092
Spain,1975 - 1980,-0.12343319345979858,0.23199900129300863,-0.5320419173007805
Spain,1980 - 1985,0.10793847770024453,-0.029123365004299805,-3.7062502112756674
Spain,1985 - 1990,0.08415001920136511,-0.01148328565029526,-7.328043711879747
Spain,1990 - 1995,0.1678533489846503,-0.04884692990999621,-3.4363131786159644
Spain,1995 - 2000,-0.22101490340918117,0.4211942883552652,-0.5247338568436652
Spain,2000 - 2005,-0.013566313863708374,0.09363528865573886,-0.14488462692293844
Spain,2005 - 2010,0.3796236697574503,-0.2187845010976699,-1.7351488238555735
Spain,2010 - 2015,0.21347587194054246,-0.12023313063689359,-1.7755162059719112
Spain,2015 - 2020,0.004835269752447079,0.03221987934278524,0.15007100743627724
Sri Lanka,1975 - 1980,-0.2116309494627391,0.4565533720609902,-0.4635404367015992
Sri Lanka,1980 - 1985,0.1582466231511287,0.03104477642097635,5.097367138524616
Sri Lanka,1985 - 1990,-0.22995911669927988,0.5748761864082641,-0.40001503303872826
Sri Lanka,1990 - 1995,-0.11057104766167694,0.25550201588483046,-0.43275998147708433
Sri Lanka,1995 - 2000,-0.5749781547812661,1.6895030286060606,-0.34032383786589415
Sri Lanka,2000 - 2005,-0.09393490214318341,0.20657319435892132,-0.45472938749241265
Sri Lanka,2005 - 2010,-0.22821597450655168,0.4466026669308138,-0.5110045044623662
Sri Lanka,2010 - 2015,-0.36254629928098947,0.8018646830302432,-0.45212902744504047
Sri Lanka,2015 - 2020,0.3560975371215842,-0.09127503709168705,-3.901368309101636
Sweden,1975 - 1980,0.2192222311745882,-0.11726391985935533,-1.8694772564103281
Sweden,1980 - 1985,0.00013691061376348298,0.07229410531191596,0.001893800513510422
Sweden,1985 - 1990,0.05881514619165153,0.009474019547711881,6.208045686992094
Sweden,1990 - 1995,0.23877336180177303,-0.1352301627761505,-1.7656812422611656
Sweden,1995 - 2000,-0.012586584046073402,0.0831059852218355,-0.15145219700453497
Sweden,2000 - 2005,-0.11108481025321662,0.1902878454332694,-0.5837724947712023
Sweden,2005 - 2010,-0.05702201726862025,0.1219993695833992,-0.46739599936735576
Sweden,2010 - 2015,-0.1773222797577082,0.28441703919618255,-0.6234587078849255
Sweden,2015 - 2020,-0.031780080626866276,0.09032213584124399,-0.35185262539323686
Switzerland,1975 - 1980,0.07578636959035354,-0.0066120412236383135,-11.461871913232212
Switzerland,1980 - 1985,-0.010111836906605042,0.07651720603979786,-0.13215115174678108
Switzerland,1985 - 1990,-0.17277477606127364,0.28470684513031985,-0.6068515001182667
Switzerland,1990 - 1995,0.23452135425924167,-0.12315095120376797,-1.9043405833804568
Switzerland,1995 - 2000,0.17118308427618445,-0.07879175677764602,-2.1726014405196095
Switzerland,2000 - 2005,0.016164596463275022,0.05870654786421802,0.2753457161313932
Switzerland,2005 - 2010,-0.0775628096093165,0.16287836960726113,-0.47620079815594335
Switzerland,2010 - 2015,0.07185228800161861,-0.005949755652813467,-12.076510733283937
Switzerland,2015 - 2020,-0.03385985293371985,0.08529520896704439,-0.3969725069411849
Thailand,1975 - 1980,-0.06495606429427675,0.3777538762182652,-0.17195340242318335
Thailand,1980 - 1985,-0.14363527428156356,0.5376247672277245,-0.267166401247142
Thailand,1985 - 1990,-0.47169903830598087,1.4487183828866765,-0.3255974686854503
Thailand,1990 - 1995,0.019773637025248047,0.1390409290641423,0.1422145058893132
Thailand,1995 - 2000,0.8295988751434841,-0.36070861240691193,-2.2999142427118473
Thailand,2000 - 2005,-0.09388461106041271,0.2243631833116233,-0.41844927351567374
Thailand,2005 - 2010,0.12427947546836823,-0.006684105490632877,-18.59328456777557
Thailand,2010 - 2015,-0.41136541050556724,0.8799342198723072,-0.46749563912318703
Thailand,2015 - 2020,-0.13629265455042563,0.23598991181610793,-0.5775359357591096
Ukraine,1975 - 1980,0.01975418862501647,0.056878773898788745,0.3473033483486736
Ukraine,1980 - 1985,0.026415089022806967,0.04615172539712083,0.572353228303245
Ukraine,1985 - 1990,0.01686840784347078,0.052237827567446056,0.32291556959736506
Ukraine,1990 - 1995,0.7801141345471417,-0.38682173829435157,-2.016727751617503
Ukraine,1995 - 2000,0.6658717512842592,-0.3468067829827879,-1.9200078659283508
Ukraine,2000 - 2005,-0.254717207471166,0.42246931334971477,-0.602924755532041
Ukraine,2005 - 2010,-0.06381009485833318,0.13092403917337547,-0.4873825713078787
Ukraine,2010 - 2015,0.10406743196590314,-0.04498950887695491,-2.3131488776755655
Ukraine,2015 - 2020,-0.0880756249350552,0.14360927260878228,-0.6133004041806491
Uzbekistan,1975 - 1980,0.09711218012836571,0.0568787743357402,1.7073536000466267
Uzbekistan,1980 - 1985,0.13687790584225626,0.04615172500367343,2.9658242640196333
Uzbekistan,1985 - 1990,0.13119076787767053,0.052237827830850965,2.511413152600327
Uzbekistan,1990 - 1995,0.7110769629914312,-0.34638725769259315,-2.0528381087923497
Uzbekistan,1995 - 2000,0.1918372126006932,-0.05924656270974087,-3.237946706554721
Uzbekistan,2000 - 2005,-0.13940117690350626,0.25100344328867813,-0.5553755561161027
Uzbekistan,2005 - 2010,-0.14886020928185356,0.2712842823843098,-0.5487240468689356
Uzbekistan,2010 - 2015,-0.06967213514296934,0.1652927876478421,-0.42150741199553426
Uzbekistan,2015 - 2020,-0.33174017807870443,0.6242964721409004,-0.5313824326782876
