Countries,Region,Years,CE_Start,CE_End,GDP_Start,GDP_End,pct_CE,pct_GDP,GDP_Decoupling_Elasticity,Decoupling_State
Algeria,Africa,1975 - 1980,15.5,38.5,0.015557902754,0.042345829079,1.4838709677419355,1.7218211701517878,0.8618031845961821,Expansive Coupling
Algeria,Africa,1980 - 1985,38.5,57.6,0.042345829079,0.05793786867,0.49610389610389616,0.36820721025231623,1.347349759294333,Expansive Negative Decoupling
Algeria,Africa,1985 - 1990,57.6,65.4,0.05793786867,0.062048507531,0.13541666666666674,0.07094908658813792,1.9086456666139413,Expansive Negative Decoupling
Algeria,Africa,1990 - 1995,65.4,65.2,0.062048507531,0.041764291672,-0.0030581039755352116,-0.3269090050049281,0.009354603050745302,Weak Negative Decoupling
Algeria,Africa,1995 - 2000,65.2,62.6,0.041764291672,0.05479039857,-0.03987730061349695,0.3118957936675144,-0.12785456368163384,Strong Decoupling
Algeria,Africa,2000 - 2005,62.6,76.9,0.05479039857,0.107047,0.22843450479233232,0.9537547233433092,0.23951074547927148,Weak Decoupling
Algeria,Africa,2005 - 2010,76.9,94.6,0.107047,0.177785,0.2301690507152144,0.6608125402860425,0.34831217127868414,Weak Decoupling
Algeria,Africa,2010 - 2015,94.6,129.0,0.177785,0.187494,0.3636363636363637,0.054610906431926176,6.658676579368725,Expansive Negative Decoupling
Algeria,Africa,2015 - 2020,129.0,132.7,0.187494,0.164873,0.028682170542635572,-0.1206491941075448,-0.2377319695734456,Strong Negative Decoupling
Argentina,Americas,1975 - 1980,93.1,101.7,1e-22,1e-22,0.09237379162191202,0.0,,N/A
Argentina,Americas,1980 - 1985,101.7,94.6,1e-22,0.088416666667,-0.06981317600786635,8.841666666699999e+20,-7.895929425930612e-23,Strong Decoupling
Argentina,Americas,1985 - 1990,94.6,100.3,0.088416666667,0.141353,0.060253699788583547,0.5987144203521255,0.10063846425002787,Weak Decoupling
Argentina,Americas,1990 - 1995,100.3,118.9,0.141353,0.258032,0.18544366899302103,0.8254441009387843,0.22465926981865209,Weak Decoupling
Argentina,Americas,1995 - 2000,118.9,131.4,0.258032,0.284204,0.10513036164844407,0.10142928008929136,1.0364892815555284,Expansive Coupling
Argentina,Americas,2000 - 2005,131.4,145.3,0.284204,0.198737,0.1057838660578387,-0.30072412773922963,-0.3517638137421693,Strong Negative Decoupling
Argentina,Americas,2005 - 2010,145.3,166.9,0.198737,0.423627,0.14865794907088778,1.1315960289226463,0.13137015796389803,Weak Decoupling
Argentina,Americas,2010 - 2015,166.9,191.2,0.423627,0.594749,0.14559616536848402,0.40394497989977035,0.36043563508230836,Weak Decoupling
Argentina,Americas,2015 - 2020,191.2,162.3,0.594749,0.385741,-0.15115062761506265,-0.35142219659049445,0.43011121403693114,Weak Negative Decoupling
Australia,Oceania,1975 - 1980,191.9,224.3,0.097303017889,0.149986,0.1688379364252215,0.5414321493203733,0.3118358166155324,Weak Decoupling
Australia,Oceania,1980 - 1985,224.3,232.8,0.149986,0.180637,0.03789567543468569,0.2043590735135278,0.18543671579220158,Weak Decoupling
Australia,Oceania,1985 - 1990,232.8,274.9,0.180637,0.311421,0.1808419243986253,0.7240155671318723,0.24977629295322418,Weak Decoupling
Australia,Oceania,1990 - 1995,274.9,307.7,0.311421,0.368166,0.11931611495089128,0.18221314554895138,0.6548161747135699,Weak Decoupling
Australia,Oceania,1995 - 2000,307.7,355.1,0.368166,0.416168,0.15404614884627896,0.13038140404056864,1.1815039880867286,Expansive Coupling
Australia,Oceania,2000 - 2005,355.1,382.9,0.416168,0.695693,0.07828780625175993,0.6716638472924397,0.11655801717979582,Weak Decoupling
Australia,Oceania,2005 - 2010,382.9,402.0,0.695693,1.14889,0.049882475842256524,0.6514324565577058,0.07657351938809606,Weak Decoupling
Australia,Oceania,2010 - 2015,402.0,407.6,1.14889,1.35177,0.013930348258706524,0.1765878369556702,0.07888622738044826,Weak Decoupling
Australia,Oceania,2015 - 2020,407.6,377.0,1.35177,1.33038,-0.07507360157016688,-0.01582369781841587,4.7443778585556045,Recessive Decoupling
Austria,Europe,1975 - 1980,53.6,58.2,0.040059206763,0.082058912997,0.08582089552238809,1.0484407862212664,0.0818557391607199,Weak Decoupling
Austria,Europe,1980 - 1985,58.2,54.6,0.082058912997,0.069386774408,-0.06185567010309281,-0.15442732697986486,0.4005487326162028,Weak Negative Decoupling
Austria,Europe,1985 - 1990,54.6,58.2,0.069386774408,0.166463,0.06593406593406596,1.3990594954188782,0.047127421063909304,Weak Decoupling
Austria,Europe,1990 - 1995,58.2,61.2,0.166463,0.241038,0.05154639175257732,0.4479974528874284,0.1150595643353574,Weak Decoupling
Austria,Europe,1995 - 2000,61.2,63.7,0.241038,0.19729,0.04084967320261438,-0.18149835295679523,-0.22506911240312158,Strong Negative Decoupling
Austria,Europe,2000 - 2005,63.7,74.9,0.19729,0.316092,0.17582417582417587,0.6021693953064017,0.2919845764242324,Weak Decoupling
Austria,Europe,2005 - 2010,74.9,67.9,0.316092,0.392275,-0.09345794392523364,0.24101527403414197,-0.38776772260497683,Strong Decoupling
Austria,Europe,2010 - 2015,67.9,60.6,0.392275,0.381971,-0.1075110456553756,-0.026267286979797286,4.092963454431536,Recessive Decoupling
Austria,Europe,2015 - 2020,60.6,56.2,0.381971,0.435049,-0.07260726072607258,0.13895819316126096,-0.5225115487923182,Strong Decoupling
Azerbaijan,Asia,1975 - 1980,1e-10,1e-10,1e-22,1e-22,0.0,0.0,,N/A
Azerbaijan,Asia,1980 - 1985,1e-10,50.4,1e-22,1e-22,503999999998.99994,0.0,,N/A
Azerbaijan,Asia,1985 - 1990,50.4,54.4,1e-22,0.008884848485,0.07936507936507936,8.884848484999999e+19,8.932631715562606e-22,Weak Decoupling
Azerbaijan,Asia,1990 - 1995,54.4,35.9,0.008884848485,0.002417331193,-0.3400735294117647,-0.7279265710517066,0.46718109069768854,Weak Negative Decoupling
Azerbaijan,Asia,1995 - 2000,35.9,28.6,0.002417331193,0.005272615723,-0.20334261838440104,1.1811722523865185,-0.1721532299574039,Strong Decoupling
Azerbaijan,Asia,2000 - 2005,28.6,33.5,0.005272615723,0.013245421881,0.17132867132867127,1.5121159168155067,0.11330392691685097,Weak Decoupling
Azerbaijan,Asia,2005 - 2010,33.5,24.6,0.013245421881,0.052909294792,-0.26567164179104474,2.994534509157172,-0.08871884460794525,Strong Decoupling
Azerbaijan,Asia,2010 - 2015,24.6,33.9,0.052909294792,0.053076235355,0.3780487804878047,0.0031552218500791643,119.81686184073538,Expansive Negative Decoupling
Azerbaijan,Asia,2015 - 2020,33.9,35.2,0.053076235355,0.042693,0.03834808259587033,-0.1956287081318373,-0.19602482152070927,Strong Negative Decoupling
Bangladesh,Asia,1975 - 1980,4.7,7.1,0.019448348073,0.018138049096,0.5106382978723403,-0.06737327880402749,-7.579240715858035,Strong Negative Decoupling
Bangladesh,Asia,1980 - 1985,7.1,8.9,0.018138049096,0.022278423077,0.2535211267605635,0.22827008346300484,1.1106191530422382,Expansive Coupling
Bangladesh,Asia,1985 - 1990,8.9,12.8,0.022278423077,0.031598340778,0.43820224719101125,0.4183383028856195,1.047482968134579,Expansive Coupling
Bangladesh,Asia,1990 - 1995,12.8,18.2,0.031598340778,0.037939748769,0.4218749999999999,0.20068800559981093,2.102143567270556,Expansive Negative Decoupling
Bangladesh,Asia,1995 - 2000,18.2,23.5,0.037939748769,0.053369787319,0.2912087912087913,0.4066984903866221,0.7160311584435876,Weak Decoupling
Bangladesh,Asia,2000 - 2005,23.5,36.4,0.053369787319,0.06947600143,0.5489361702127659,0.30178524067803586,1.8189629452369631,Expansive Negative Decoupling
Bangladesh,Asia,2005 - 2010,36.4,50.5,0.06947600143,0.115276,0.38736263736263743,0.6592204160762681,0.5876071613016028,Weak Decoupling
Bangladesh,Asia,2010 - 2015,50.5,84.2,0.115276,0.195147,0.6673267326732674,0.6928675526562336,0.9631375146879793,Expansive Coupling
Bangladesh,Asia,2015 - 2020,84.2,102.4,0.195147,0.373979,0.21615201900237532,0.916396357617591,0.235871757024786,Weak Decoupling
Belarus,Europe,1975 - 1980,1e-10,1e-10,1e-22,1e-22,0.0,0.0,,N/A
Belarus,Europe,1980 - 1985,1e-10,89.6,1e-22,1e-22,895999999998.9999,0.0,,N/A
Belarus,Europe,1985 - 1990,89.6,92.6,1e-22,1e-22,0.033482142857142856,0.0,,N/A
Belarus,Europe,1990 - 1995,92.6,55.2,1e-22,0.013970425777,-0.40388768898488114,1.3970425777e+20,-2.8910191817475994e-21,Strong Decoupling
Belarus,Europe,1995 - 2000,55.2,52.7,0.013970425777,0.012736780455,-0.04528985507246377,-0.08830406042677619,0.5128853062200824,Weak Negative Decoupling
Belarus,Europe,2000 - 2005,52.7,57.3,0.012736780455,0.030210091837,0.08728652751423138,1.371878195100757,0.06362556663262707,Weak Decoupling
Belarus,Europe,2005 - 2010,57.3,62.4,0.030210091837,0.057231904543,0.08900523560209427,0.8944631102678366,0.09950688248668263,Weak Decoupling
Belarus,Europe,2010 - 2015,62.4,54.9,0.057231904543,0.056454889147,-0.1201923076923077,-0.013576612594050724,8.852893669881691,Recessive Decoupling
Belarus,Europe,2015 - 2020,54.9,56.0,0.056454889147,0.061371755326,0.020036429872495473,0.08709371771499232,0.23005597186772062,Weak Decoupling
Belgium,Europe,1975 - 1980,126.0,136.1,0.065678189097,0.126829,0.08015873015873011,0.931067249931122,0.08609338387174509,Weak Decoupling
Belgium,Europe,1980 - 1985,136.1,114.2,0.126829,0.086268264148,-0.16091109478324755,-0.31980647842370435,0.5031514545182543,Weak Negative Decoupling
Belgium,Europe,1985 - 1990,114.2,126.5,0.086268264148,0.205332,0.10770577933450085,1.380156851744887,0.07803879624140689,Weak Decoupling
Belgium,Europe,1990 - 1995,126.5,128.9,0.205332,0.288026,0.018972332015810323,0.40273313463074445,0.047108942335240336,Weak Decoupling
Belgium,Europe,1995 - 2000,128.9,136.3,0.288026,0.236792,0.05740884406516684,-0.17787977474255798,-0.32273958154182264,Strong Negative Decoupling
Belgium,Europe,2000 - 2005,136.3,136.2,0.236792,0.385715,-0.0007336757153339892,0.6289190513193011,-0.0011665662119710592,Strong Decoupling
Belgium,Europe,2005 - 2010,136.2,133.5,0.385715,0.481421,-0.019823788546255425,0.24812620717369047,-0.07989397320041491,Strong Decoupling
Belgium,Europe,2010 - 2015,133.5,115.2,0.481421,0.462336,-0.13707865168539324,-0.03964305670089166,3.4578224560143473,Recessive Decoupling
Belgium,Europe,2015 - 2020,115.2,105.3,0.462336,0.526022,-0.08593750000000004,0.1377483042635658,-0.6238733787645644,Strong Decoupling
Brazil,Americas,1975 - 1980,145.1,185.2,1e-22,1e-22,0.27636113025499653,0.0,,N/A
Brazil,Americas,1980 - 1985,185.2,185.0,1e-22,1e-22,-0.0010799136069113858,0.0,,N/A
Brazil,Americas,1985 - 1990,185.0,206.4,1e-22,0.38496,0.1156756756756757,3.8496e+21,3.004875199388916e-23,Weak Decoupling
Brazil,Americas,1990 - 1995,206.4,253.6,0.38496,0.769333,0.2286821705426356,0.998475166251039,0.2290314053590991,Weak Decoupling
Brazil,Americas,1995 - 2000,253.6,319.4,0.769333,0.655448,0.2594637223974763,-0.14803082670313117,-1.7527681779270106,Strong Negative Decoupling
Brazil,Americas,2000 - 2005,319.4,345.3,0.655448,0.891634,0.08108954289292435,0.36034284947089623,0.2250344165618685,Weak Decoupling
Brazil,Americas,2005 - 2010,345.3,410.6,0.891634,2.20884,0.1891109180422821,1.477294495274967,0.12801165823547128,Weak Decoupling
Brazil,Americas,2010 - 2015,410.6,494.8,2.20884,1.80221,0.2050657574281539,-0.1840921026421107,-1.1139302256046126,Strong Negative Decoupling
Brazil,Americas,2015 - 2020,494.8,408.4,1.80221,1.47611,-0.17461600646725955,-0.1809445070219342,0.9650251855730138,Recessive Coupling
Bulgaria,Europe,1975 - 1980,75.1,89.1,1e-22,0.019839230769,0.18641810918774968,1.9839230769e+20,9.396438367914912e-22,Weak Decoupling
Bulgaria,Europe,1980 - 1985,89.1,84.9,0.019839230769,0.017155421053,-0.047138047138047014,-0.13527791209493933,0.3484533905650841,Weak Negative Decoupling
Bulgaria,Europe,1985 - 1990,84.9,74.4,0.017155421053,0.020632090909,-0.12367491166077738,0.20265721518924926,-0.6102665110900931,Strong Decoupling
Bulgaria,Europe,1990 - 1995,74.4,58.9,0.020632090909,0.01899148442,-0.20833333333333343,-0.0795172188914864,2.619977612869442,Recessive Decoupling
Bulgaria,Europe,1995 - 2000,58.9,43.4,0.01899148442,0.013245990274,-0.2631578947368421,-0.3025300191884632,0.8698571316749432,Recessive Coupling
Bulgaria,Europe,2000 - 2005,43.4,48.3,0.013245990274,0.029868657858,0.11290322580645158,1.2549207148844084,0.08996841351594963,Weak Decoupling
Bulgaria,Europe,2005 - 2010,48.3,45.5,0.029868657858,0.050760929303,-0.05797101449275357,0.6994713838273195,-0.08287832187723213,Strong Decoupling
Bulgaria,Europe,2010 - 2015,45.5,45.9,0.050760929303,0.050811995689,0.00879120879120876,0.0010060175552574092,8.738623640577881,Expansive Negative Decoupling
Bulgaria,Europe,2015 - 2020,45.9,36.1,0.050811995689,0.070368758395,-0.2135076252723311,0.3848847588215025,-0.5547313069139982,Strong Decoupling
Canada,Americas,1975 - 1980,398.1,440.6,0.17442,0.274777,0.10675709620698316,0.5753755303290907,0.18554333748938293,Weak Decoupling
Canada,Americas,1980 - 1985,440.6,403.5,0.274777,0.366186,-0.084203359055833,0.332666125621868,-0.2531167214528615,Strong Decoupling
Canada,Americas,1985 - 1990,403.5,444.8,0.366186,0.596076,0.10235439900867413,0.6277957103766939,0.16303774829435966,Weak Decoupling
Canada,Americas,1990 - 1995,444.8,471.5,0.596076,0.605961,0.06002697841726616,0.016583455800938004,3.6196905601467506,Expansive Negative Decoupling
Canada,Americas,1995 - 2000,471.5,533.1,0.605961,0.744773,0.13064687168610822,0.2290774488787233,0.570317472652118,Weak Decoupling
Canada,Americas,2000 - 2005,533.1,555.0,0.744773,1.17311,0.04108047270680919,0.5751242324842604,0.07142886768891876,Weak Decoupling
Canada,Americas,2005 - 2010,555.0,545.6,1.17311,1.61734,-0.016936936936936896,0.37867719139722605,-0.04472658327913479,Strong Decoupling
Canada,Americas,2010 - 2015,545.6,564.3,1.61734,1.55651,0.03427419354838697,-0.03761113927807384,-0.9112777279886279,Strong Negative Decoupling
Canada,Americas,2015 - 2020,564.3,500.1,1.55651,1.65568,-0.1137692716640084,0.06371305034982105,-1.7856509936245413,Strong Decoupling
Chile,Americas,1975 - 1980,18.0,22.1,0.007621570062,0.029036709872,0.22777777777777786,2.8098068555155926,0.08106527939123459,Weak Decoupling
Chile,Americas,1980 - 1985,22.1,20.2,0.029036709872,0.017717662228,-0.08597285067873313,-0.389818532950075,0.22054582687002178,Weak Negative Decoupling
Chile,Americas,1985 - 1990,20.2,31.7,0.017717662228,0.033137824762,0.5693069306930694,0.8703271535242861,0.654129804393358,Weak Decoupling
Chile,Americas,1990 - 1995,31.7,42.3,0.033137824762,0.073444831671,0.33438485804416396,1.2163443798284876,0.2749096913583918,Weak Decoupling
Chile,Americas,1995 - 2000,42.3,55.5,0.073444831671,0.078339750722,0.31205673758865254,0.06664756307056507,4.682192764621465,Expansive Negative Decoupling
Chile,Americas,2000 - 2005,55.5,63.8,0.078339750722,0.122294,0.1495495495495495,0.5610721105557005,0.26654247597769865,Weak Decoupling
Chile,Americas,2005 - 2010,63.8,74.6,0.122294,0.217051,0.16927899686520373,0.774829509215497,0.21847257345244392,Weak Decoupling
Chile,Americas,2010 - 2015,74.6,87.4,0.217051,0.24245,0.1715817694369975,0.11701858088651979,1.466277988821203,Expansive Negative Decoupling
Chile,Americas,2015 - 2020,87.4,85.1,0.24245,0.254042,-0.026315789473684337,0.04781191998350172,-0.5504022738004462,Strong Decoupling
China,Asia,1975 - 1980,1131.3,1460.9,0.16343,0.191149,0.2913462388402724,0.16960778314874883,1.717764559099018,Expansive Negative Decoupling
China,Asia,1980 - 1985,1460.9,1821.7,0.191149,0.309488,0.24697104524608113,0.6190929588959396,0.3989240092255569,Weak Decoupling
China,Asia,1985 - 1990,1821.7,2308.8,0.309488,0.360858,0.2673876049843553,0.1659838184356099,1.6109257366439187,Expansive Negative Decoupling
China,Asia,1990 - 1995,2308.8,3009.2,0.360858,0.734485,0.3033610533610532,1.035385109932439,0.2929934479942909,Weak Decoupling
China,Asia,1995 - 2000,3009.2,3328.0,0.734485,1.21133,0.10594177854579297,0.6492236056556634,0.16318226512851505,Weak Decoupling
China,Asia,2000 - 2005,3328.0,6079.3,1.21133,2.28596,0.8267127403846154,0.8871488364029622,0.9318760352959586,Expansive Coupling
China,Asia,2005 - 2010,6079.3,8121.7,2.28596,6.08719,0.3359597322060105,1.6628593676179806,0.20203736933404504,Weak Decoupling
China,Asia,2010 - 2015,8121.7,9171.3,6.08719,11.0616,0.12923402735880413,0.8171931548054194,0.15814379574627718,Weak Decoupling
China,Asia,2015 - 2020,9171.3,10130.9,11.0616,14.6877,0.10463075027531543,0.32780972011282267,0.3191813538637736,Weak Decoupling
Colombia,Americas,1975 - 1980,34.0,38.1,0.013098633902,0.033400735644,0.12058823529411769,1.5499403902646764,0.07780185357549485,Weak Decoupling
Colombia,Americas,1980 - 1985,38.1,42.5,0.033400735644,0.034894419443,0.1154855643044619,0.044720086854384035,2.5824092131238903,Expansive Negative Decoupling
Colombia,Americas,1985 - 1990,42.5,42.2,0.034894419443,0.04784409071,-0.007058823529411698,0.371110093639852,-0.019020834114692697,Strong Decoupling
Colombia,Americas,1990 - 1995,42.2,57.7,0.04784409071,0.092495970511,0.3672985781990521,0.933278888539253,0.39355714857531976,Weak Decoupling
Colombia,Americas,1995 - 2000,57.7,55.1,0.092495970511,0.099875074951,-0.045060658578856175,0.07977757732832738,-0.5648286158579054,Strong Decoupling
Colombia,Americas,2000 - 2005,55.1,53.1,0.099875074951,0.145601,-0.036297640653357534,0.45783119633636066,-0.07928171112806888,Strong Decoupling
Colombia,Americas,2005 - 2010,53.1,77.5,0.145601,0.286499,0.4595103578154425,0.967699397668972,0.47484824204947024,Weak Decoupling
Colombia,Americas,2010 - 2015,77.5,88.0,0.286499,0.293492,0.13548387096774195,0.02440846215868108,5.550692628112007,Expansive Negative Decoupling
Colombia,Americas,2015 - 2020,88.0,89.6,0.293492,0.270348,0.01818181818181812,-0.07885734534501793,-0.23056594287150722,Strong Negative Decoupling
Croatia,Europe,1995 - 2000,15.1,17.5,0.022778296981,0.022128414549,0.1589403973509934,-0.02853077350523983,-5.570840808848143,Strong Negative Decoupling
Croatia,Europe,2000 - 2005,17.5,20.6,0.022128414549,0.04502567959,0.1771428571428572,1.034744942539715,0.17119470688889907,Weak Decoupling
Croatia,Europe,2005 - 2010,20.6,18.8,0.04502567959,0.058836405999,-0.08737864077669906,0.3067299935227919,-0.2848715242130577,Strong Decoupling
Croatia,Europe,2010 - 2015,18.8,16.2,0.058836405999,0.051011170112,-0.1382978723404256,-0.13299989613799662,1.039834438644463,Recessive Coupling
Croatia,Europe,2015 - 2020,16.2,14.9,0.051011170112,0.058221300898,-0.08024691358024685,0.14134415599895966,-0.5677412908450031,Strong Decoupling
Cyprus,Asia,1975 - 1980,2.1,2.7,0.0004899147607,0.002154311277,0.28571428571428575,3.3973185741982483,0.084099939253331,Weak Decoupling
Cyprus,Asia,1980 - 1985,2.7,3.6,0.002154311277,0.0024304119,0.33333333333333326,0.12816189839774939,2.6008769962101845,Expansive Negative Decoupling
Cyprus,Asia,1985 - 1990,3.6,5.0,0.0024304119,0.005591130218,0.38888888888888884,1.30048668622796,0.2990333488279335,Weak Decoupling
Cyprus,Asia,1990 - 1995,5.0,6.7,0.005591130218,0.009933133247,0.34,0.7765877129853679,0.4378127471177311,Weak Decoupling
Cyprus,Asia,1995 - 2000,6.7,8.0,0.009933133247,0.009985844486,0.19402985074626863,0.005306607461036411,36.56382202205955,Expansive Negative Decoupling
Cyprus,Asia,2000 - 2005,8.0,9.3,0.009985844486,0.018433411267,0.1625000000000001,0.8459541697092677,0.1920907843693791,Weak Decoupling
Cyprus,Asia,2005 - 2010,9.3,8.8,0.018433411267,0.025799940416,-0.05376344086021505,0.3996291864972255,-0.1345333190787563,Strong Decoupling
Cyprus,Asia,2010 - 2015,8.8,7.5,0.025799940416,0.019909269064,-0.1477272727272728,-0.22832112233665708,0.6470153580861016,Weak Negative Decoupling
Cyprus,Asia,2015 - 2020,7.5,7.0,0.019909269064,0.025227189745,-0.06666666666666667,0.2671077809991468,-0.24958713826041487,Strong Decoupling
Czechia,Europe,1975 - 1980,188.1,195.2,1e-22,1e-22,0.03774587985114298,0.0,,N/A
Czechia,Europe,1980 - 1985,195.2,193.9,1e-22,1e-22,-0.006659836065573683,0.0,,N/A
Czechia,Europe,1985 - 1990,193.9,155.3,1e-22,0.040728950705,-0.19907168643630735,4.0728950705e+20,-4.887719496585723e-22,Strong Decoupling
Czechia,Europe,1990 - 1995,155.3,130.2,0.040728950705,0.060147174077,-0.16162266580811346,0.4767670916112298,-0.33899710917947634,Strong Decoupling
Czechia,Europe,1995 - 2000,130.2,124.1,0.060147174077,0.061828166496,-0.04685099846390165,0.027947986664311204,-1.6763639909607178,Strong Decoupling
Czechia,Europe,2000 - 2005,124.1,123.4,0.061828166496,0.137143,-0.0056406124093472095,1.2181314402857555,-0.004630544966497216,Strong Decoupling
Czechia,Europe,2005 - 2010,123.4,116.5,0.137143,0.20907,-0.055915721231766656,0.5244671620133731,-0.10661434171991285,Strong Decoupling
Czechia,Europe,2010 - 2015,116.5,102.8,0.20907,0.188033,-0.11759656652360517,-0.10062180131056583,1.1686986815178084,Recessive Coupling
Czechia,Europe,2015 - 2020,102.8,88.4,0.188033,0.245975,-0.14007782101167307,0.3081480378444209,-0.4545796299452543,Strong Decoupling
Denmark,Europe,1975 - 1980,56.4,66.2,0.040474406216,0.0711275287,0.17375886524822703,0.7573458229482923,0.2294313376837498,Weak Decoupling
Denmark,Europe,1980 - 1985,66.2,62.7,0.0711275287,0.062658568287,-0.052870090634441085,-0.11906726646893881,0.44403547845144625,Weak Negative Decoupling
Denmark,Europe,1985 - 1990,62.7,55.8,0.062658568287,0.138247,-0.11004784688995224,1.2063542749137888,-0.0912234897976523,Strong Decoupling
Denmark,Europe,1990 - 1995,55.8,65.4,0.138247,0.185007,0.17204301075268832,0.3382351877436761,0.5086490613243564,Weak Decoupling
Denmark,Europe,1995 - 2000,65.4,57.5,0.185007,0.164159,-0.12079510703363922,-0.11268762803569597,1.0719464872876288,Recessive Coupling
Denmark,Europe,2000 - 2005,57.5,51.8,0.164159,0.264467,-0.09913043478260875,0.6110417339286911,-0.1622318563173253,Strong Decoupling
Denmark,Europe,2005 - 2010,51.8,50.1,0.264467,0.321995,-0.03281853281853274,0.2175243035993147,-0.15087294741550034,Strong Decoupling
Denmark,Europe,2010 - 2015,50.1,35.6,0.321995,0.302673,-0.2894211576846307,-0.06000714296805836,4.823111772521628,Recessive Decoupling
Denmark,Europe,2015 - 2020,35.6,26.0,0.302673,0.354763,-0.26966292134831465,0.17209992301923185,-1.5668973966837876,Strong Decoupling
Ecuador,Americas,1975 - 1980,4.8,9.2,0.007731674472,0.017881508242,0.9166666666666666,1.312760102194846,0.6982743192256239,Weak Decoupling
Ecuador,Americas,1980 - 1985,9.2,12.8,0.017881508242,0.017149088413,0.39130434782608714,-0.040959622593786466,-9.553416829710917,Strong Negative Decoupling
Ecuador,Americas,1985 - 1990,12.8,16.6,0.017149088413,0.015239272612,0.29687500000000006,-0.11136544141624746,-2.665773117985307,Strong Negative Decoupling
Ecuador,Americas,1990 - 1995,16.6,19.9,0.015239272612,0.024432884442,0.19879518072289137,0.603284163494824,0.32952162969316356,Weak Decoupling
Ecuador,Americas,1995 - 2000,19.9,20.3,0.024432884442,0.017539454727,0.020100502512562922,-0.28213736824090363,-0.07124367338466156,Strong Negative Decoupling
Ecuador,Americas,2000 - 2005,20.3,25.2,0.017539454727,0.040278849,0.2413793103448275,1.296470992225048,0.1861818056804835,Weak Decoupling
Ecuador,Americas,2005 - 2010,25.2,32.2,0.040278849,0.068151329,0.2777777777777779,0.6919879959827054,0.40141993703705847,Weak Decoupling
Ecuador,Americas,2010 - 2015,32.2,37.6,0.068151329,0.097209558,0.1677018633540372,0.4263780241174755,0.3933173237554852,Weak Decoupling
Ecuador,Americas,2015 - 2020,37.6,29.1,0.097209558,0.095865472,-0.22606382978723402,-0.013826685643401528,16.349820601809796,Recessive Decoupling
Egypt,Africa,1975 - 1980,27.5,45.2,0.011632178869,0.021669908176,0.6436363636363638,0.862927695665922,0.7458751954179302,Weak Decoupling
Egypt,Africa,1980 - 1985,45.2,73.5,0.021669908176,0.039053502251,0.6261061946902654,0.8021997109453742,0.7804866869777519,Weak Decoupling
Egypt,Africa,1985 - 1990,73.5,86.6,0.039053502251,0.042978914311,0.17823129251700673,0.10051370130061717,1.7732039533988624,Expansive Negative Decoupling
Egypt,Africa,1990 - 1995,86.6,93.6,0.042978914311,0.06015924506,0.08083140877598154,0.39973859331767436,0.20221066999088674,Weak Decoupling
Egypt,Africa,1995 - 2000,93.6,122.0,0.06015924506,0.09983854396,0.3034188034188035,0.6595710910339007,0.4600244121421149,Weak Decoupling
Egypt,Africa,2000 - 2005,122.0,144.2,0.09983854396,0.089600665557,0.181967213114754,-0.10254434807364353,-1.7745221119751224,Strong Negative Decoupling
Egypt,Africa,2005 - 2010,144.2,184.2,0.089600665557,0.218984,0.2773925104022192,1.4439997028893947,0.19210011598144108,Weak Decoupling
Egypt,Africa,2010 - 2015,184.2,203.0,0.218984,0.329367,0.10206297502714448,0.5040687904139115,0.2024782667923884,Weak Decoupling
Egypt,Africa,2015 - 2020,203.0,203.3,0.329367,0.383818,0.001477832512315327,0.165320144398194,0.008939216195914907,Weak Decoupling
Estonia,Europe,1975 - 1980,1e-10,1e-10,1e-22,1e-22,0.0,0.0,,N/A
Estonia,Europe,1980 - 1985,1e-10,38.4,1e-22,1e-22,383999999998.99994,0.0,,N/A
Estonia,Europe,1985 - 1990,38.4,41.0,1e-22,1e-22,0.06770833333333337,0.0,,N/A
Estonia,Europe,1990 - 1995,41.0,20.6,1e-22,0.004502970889,-0.49756097560975604,4.502970889e+19,-1.1049615639870419e-20,Strong Decoupling
Estonia,Europe,1995 - 2000,20.6,17.9,0.004502970889,0.005686579748,-0.13106796116504868,0.26285065752731335,-0.4986404158088482,Strong Decoupling
Estonia,Europe,2000 - 2005,17.9,20.4,0.005686579748,0.0141067902,0.13966480446927376,1.4807161466365495,0.09432247010105395,Weak Decoupling
Estonia,Europe,2005 - 2010,20.4,23.4,0.0141067902,0.019523477326,0.14705882352941177,0.3839772938566846,0.38298833259734333,Weak Decoupling
Estonia,Europe,2010 - 2015,23.4,21.4,0.019523477326,0.02289076209,-0.08547008547008547,0.17247361767443378,-0.49555454696509754,Strong Decoupling
Estonia,Europe,2015 - 2020,21.4,15.8,0.02289076209,0.031330419851,-0.2616822429906541,0.368692738486279,-0.7097569755917303,Strong Decoupling
Finland,Europe,1975 - 1980,47.0,57.5,0.029472623242,0.053645202423,0.22340425531914893,0.8201706031566554,0.2723875428591507,Weak Decoupling
Finland,Europe,1980 - 1985,57.5,53.4,0.053645202423,0.055875863392,-0.07130434782608698,0.0415817420430428,-1.7147994365478292,Strong Decoupling
Finland,Europe,1985 - 1990,53.4,57.5,0.055875863392,0.141438,0.0767790262172285,1.531289745050281,0.05014010344247908,Weak Decoupling
Finland,Europe,1990 - 1995,57.5,58.6,0.141438,0.13419,0.01913043478260872,-0.05124506851058417,-0.3733126979556582,Strong Negative Decoupling
Finland,Europe,1995 - 2000,58.6,58.8,0.13419,0.12602,0.0034129692832763777,-0.06088382144720181,-0.05605708055359321,Strong Negative Decoupling
Finland,Europe,2000 - 2005,58.8,58.2,0.12602,0.204885,-0.010204081632652965,0.6258133629582607,-0.016305311194407233,Strong Decoupling
Finland,Europe,2005 - 2010,58.2,63.9,0.204885,0.249424,0.09793814432989682,0.21738536252043825,0.45052777792565873,Weak Decoupling
Finland,Europe,2010 - 2015,63.9,44.9,0.249424,0.234534,-0.297339593114241,-0.05969754313939322,4.980767674474572,Recessive Decoupling
Finland,Europe,2015 - 2020,44.9,36.8,0.234534,0.271886,-0.18040089086859692,0.15926049101622802,-1.1327410189273797,Strong Decoupling
France,Europe,1975 - 1980,457.1,485.0,0.360832,0.701288,0.06103697221614521,0.9435305072720824,0.0646899827252159,Weak Decoupling
France,Europe,1980 - 1985,485.0,381.8,0.701288,0.553138,-0.21278350515463915,-0.21125414950776286,1.007239411156845,Recessive Coupling
France,Europe,1985 - 1990,381.8,367.2,0.553138,1.26918,-0.03823991618648513,1.2945087844263095,-0.029540097870739447,Strong Decoupling
France,Europe,1990 - 1995,367.2,356.2,1.26918,1.60109,-0.029956427015250545,0.2615153090972123,-0.11454942014165194,Strong Decoupling
France,Europe,1995 - 2000,356.2,381.5,1.60109,1.36564,0.07102751263335208,-0.14705606805363844,-0.48299613591902185,Strong Negative Decoupling
France,Europe,2000 - 2005,381.5,389.8,1.36564,2.19695,0.021756225425950227,0.6087329017896372,0.03574018319362772,Weak Decoupling
France,Europe,2005 - 2010,389.8,360.4,2.19695,2.64519,-0.07542329399692159,0.20402831197796933,-0.36967072493873143,Strong Decoupling
France,Europe,2010 - 2015,360.4,307.5,2.64519,2.43919,-0.14678135405105433,-0.07787720352791291,1.8847794656422743,Recessive Decoupling
France,Europe,2015 - 2020,307.5,251.5,2.43919,2.64742,-0.1821138211382114,0.08536850347861377,-2.1332671151232483,Strong Decoupling
Germany,Europe,1975 - 1980,1025.3,1077.8,0.490637,0.950291,0.05120452550473033,0.936851480830023,0.054655969011613896,Weak Decoupling
Germany,Europe,1980 - 1985,1077.8,1045.8,0.950291,0.732535,-0.029690109482278716,-0.22914665086799724,0.12956815807612249,Weak Negative Decoupling
Germany,Europe,1985 - 1990,1045.8,1007.6,0.732535,1.77167,-0.0365270606234461,1.4185465540895654,-0.025749638260472503,Strong Decoupling
Germany,Europe,1990 - 1995,1007.6,889.4,1.77167,2.58579,-0.11730845573640337,0.4595212426693457,-0.25528407578061446,Strong Decoupling
Germany,Europe,1995 - 2000,889.4,854.4,2.58579,1.94798,-0.03935237238587812,-0.24665962819873222,0.15954119720869822,Weak Negative Decoupling
Germany,Europe,2000 - 2005,854.4,826.3,1.94798,2.84686,-0.03288857677902624,0.461442109261902,-0.0712734623019842,Strong Decoupling
Germany,Europe,2005 - 2010,826.3,783.2,2.84686,3.39967,-0.05216023236112781,0.19418236232199687,-0.2686146761086093,Strong Decoupling
Germany,Europe,2010 - 2015,783.2,755.6,3.39967,3.35759,-0.035240040858018414,-0.012377671950512812,2.8470653446715724,Recessive Decoupling
Germany,Europe,2015 - 2020,755.6,605.5,3.35759,3.88773,-0.19865007940709373,0.1578930125476904,-1.2581309090362245,Strong Decoupling
Greece,Europe,1975 - 1980,56.2,52.9,0.028525876727,0.056829664269,-0.05871886120996449,0.9922144659347212,-0.05917960604882742,Strong Decoupling
Greece,Europe,1980 - 1985,52.9,60.2,0.056829664269,0.047820851221,0.1379962192816636,-0.1585230735370403,-0.870511883239632,Strong Negative Decoupling
Greece,Europe,1985 - 1990,60.2,81.5,0.047820851221,0.097891092003,0.35382059800664445,1.0470378402635419,0.3379253207482807,Weak Decoupling
Greece,Europe,1990 - 1995,81.5,88.7,0.097891092003,0.136878,0.08834355828220862,0.39826818967148914,0.22181926795378426,Weak Decoupling
Greece,Europe,1995 - 2000,88.7,102.6,0.136878,0.130458,0.15670800450958275,-0.04690308157629428,-3.341102529791688,Strong Negative Decoupling
Greece,Europe,2000 - 2005,102.6,107.8,0.130458,0.247875,0.05068226120857703,0.900036793450766,0.05631132146749227,Weak Decoupling
Greece,Europe,2005 - 2010,107.8,95.3,0.247875,0.297125,-0.11595547309833025,0.19868885526979307,-0.5836033074974342,Strong Decoupling
Greece,Europe,2010 - 2015,95.3,73.8,0.297125,0.195684,-0.2256033578174187,-0.3414084981068573,0.6608018226506102,Weak Negative Decoupling
Greece,Europe,2015 - 2020,73.8,56.3,0.195684,0.18848,-0.23712737127371275,-0.03681445595960829,6.441148323198956,Recessive Decoupling
Hong Kong,Asia,1975 - 1980,14.7,20.5,0.010048089558,0.028861857811,0.39455782312925175,1.872372667898946,0.21072611766545316,Weak Decoupling
Hong Kong,Asia,1980 - 1985,20.5,29.6,0.028861857811,0.035699772166,0.4439024390243903,0.2369187181150167,1.8736486612631824,Expansive Negative Decoupling
Hong Kong,Asia,1985 - 1990,29.6,41.3,0.035699772166,0.076928784621,0.3952702702702701,1.1548816688042052,0.3422604072324945,Weak Decoupling
Hong Kong,Asia,1990 - 1995,41.3,52.2,0.076928784621,0.144652,0.26392251815980644,0.8803364788960013,0.29979732123651437,Weak Decoupling
Hong Kong,Asia,1995 - 2000,52.2,53.4,0.144652,0.171669,0.022988505747126353,0.1867723916710449,0.12308299712526642,Weak Decoupling
Hong Kong,Asia,2000 - 2005,53.4,75.8,0.171669,0.181569,0.4194756554307116,0.05766911906051774,7.273834979003503,Expansive Negative Decoupling
Hong Kong,Asia,2005 - 2010,75.8,88.3,0.181569,0.228639,0.16490765171503957,0.25924028881582206,0.6361189168100281,Weak Decoupling
Hong Kong,Asia,2010 - 2015,88.3,90.5,0.228639,0.309386,0.02491506228765575,0.3531637209749867,0.07054819282929799,Weak Decoupling
Hong Kong,Asia,2015 - 2020,90.5,68.1,0.309386,0.344943,-0.2475138121546962,0.11492763085595342,-2.153649303577153,Strong Decoupling
Hungary,Europe,1975 - 1980,72.8,83.1,0.011383139029,0.023041569235,0.14148351648351645,1.0241841179571523,0.13814265814404628,Weak Decoupling
Hungary,Europe,1980 - 1985,83.1,79.5,0.023041569235,0.02144047572,-0.043321299638989105,-0.06948717332012039,0.6234431128664891,Weak Negative Decoupling
Hungary,Europe,1985 - 1990,79.5,70.9,0.02144047572,0.034365891769,-0.10817610062893075,0.602851178201376,-0.17944080486278105,Strong Decoupling
Hungary,Europe,1990 - 1995,70.9,57.9,0.034365891769,0.046425677734,-0.18335684062059246,0.35092312011174454,-0.522498604714919,Strong Decoupling
Hungary,Europe,1995 - 2000,57.9,55.5,0.046425677734,0.047218405892,-0.04145077720207251,0.017075209166401557,-2.427541402165317,Strong Decoupling
Hungary,Europe,2000 - 2005,55.5,57.3,0.047218405892,0.113211,0.03243243243243238,1.3976031774334177,0.023205751787135926,Weak Decoupling
Hungary,Europe,2005 - 2010,57.3,48.7,0.113211,0.132175,-0.1500872600349039,0.16751022427149287,-0.8959886519622192,Strong Decoupling
Hungary,Europe,2010 - 2015,48.7,43.8,0.132175,0.125174,-0.10061601642710484,-0.052967656515982446,1.8995746280892187,Recessive Decoupling
Hungary,Europe,2015 - 2020,43.8,44.7,0.125174,0.157289,0.020547945205479583,0.2565628644926263,0.08008931941929631,Weak Decoupling
Iceland,Europe,1975 - 1980,1.8,1.9,0.001406875081,0.003381419251,0.05555555555555548,1.4034964416289921,0.039583681089404105,Weak Decoupling
Iceland,Europe,1980 - 1985,1.9,1.9,0.003381419251,0.002984052357,0.0,-0.11751482572960606,-0.0,Weak Negative Decoupling
Iceland,Europe,1985 - 1990,1.9,2.2,0.002984052357,0.006468736356,0.15789473684210542,1.167769054328292,0.1352105848813809,Weak Decoupling
Iceland,Europe,1990 - 1995,2.2,2.4,0.006468736356,0.007123633418,0.09090909090909079,0.10124033906445383,0.8979532442222883,Expansive Coupling
Iceland,Europe,1995 - 2000,2.4,2.8,0.007123633418,0.009025660362,0.16666666666666663,0.2670023613503129,0.6242142047874862,Weak Decoupling
Iceland,Europe,2000 - 2005,2.8,2.9,0.009025660362,0.016852963067,0.03571428571428575,0.867227703133463,0.04118213196516101,Weak Decoupling
Iceland,Europe,2005 - 2010,2.9,2.5,0.016852963067,0.013751161918,-0.1379310344827586,-0.18405078897215865,0.7494183276966196,Weak Negative Decoupling
India,Asia,1975 - 1980,253.4,310.3,0.098473832017,0.186329,0.22454617205998423,0.8921676569652854,0.25168607078156097,Weak Decoupling
India,Asia,1980 - 1985,310.3,409.0,0.186329,0.232512,0.31807927811795034,0.2478572846953507,1.2833162378459513,Expansive Negative Decoupling
India,Asia,1985 - 1990,409.0,602.1,0.232512,0.320979,0.4721271393643032,0.3804835879438481,1.2408607212618588,Expansive Negative Decoupling
India,Asia,1990 - 1995,602.1,773.4,0.320979,0.360282,0.28450423517688084,0.12244726290504979,2.3234838282787598,Expansive Negative Decoupling
India,Asia,1995 - 2000,773.4,959.8,0.360282,0.468396,0.24101370571502453,0.3000816027445168,0.8031605520323036,Expansive Coupling
India,Asia,2000 - 2005,959.8,1200.2,0.468396,0.820384,0.2504688476765994,0.7514752474402002,0.333302857984728,Weak Decoupling
India,Asia,2005 - 2010,1200.2,1640.0,0.820384,1.67562,0.3664389268455257,1.0424825447595274,0.35150605512541533,Weak Decoupling
India,Asia,2010 - 2015,1640.0,2109.8,1.67562,2.10359,0.28646341463414643,0.2554099378140628,1.1215828839153879,Expansive Coupling
India,Asia,2015 - 2020,2109.8,2237.5,2.10359,2.67485,0.06052706417669912,0.2715643257478882,0.2228829726069784,Weak Decoupling
Indonesia,Asia,1975 - 1980,36.9,68.8,0.030463855422,0.072482337397,0.8644986449864499,1.3792896989872012,0.6267708992688358,Weak Decoupling
Indonesia,Asia,1980 - 1985,68.8,86.5,0.072482337397,0.085289488375,0.2572674418604652,0.17669340473738757,1.456010439341704,Expansive Negative Decoupling
Indonesia,Asia,1985 - 1990,86.5,132.4,0.085289488375,0.106141,0.530635838150289,0.24447926728461863,2.170473774909231,Expansive Negative Decoupling
Indonesia,Asia,1990 - 1995,132.4,193.4,0.106141,0.202132,0.4607250755287009,0.9043724856558729,0.5094417210123016,Weak Decoupling
Indonesia,Asia,1995 - 2000,193.4,264.1,0.202132,0.165021,0.3655635987590487,-0.18359784695149706,-1.9911104886519906,Strong Negative Decoupling
Indonesia,Asia,2000 - 2005,264.1,333.0,0.165021,0.285869,0.2608860280196894,0.7323189169863229,0.35624646853764375,Weak Decoupling
Indonesia,Asia,2005 - 2010,333.0,422.4,0.285869,0.755094,0.2684684684684684,1.641398682613365,0.16356079197104284,Weak Decoupling
Indonesia,Asia,2010 - 2015,422.4,467.7,0.755094,0.860854,0.10724431818181822,0.1400620320119084,0.7656915770913566,Weak Decoupling
Indonesia,Asia,2015 - 2020,467.7,512.9,0.860854,1.05905,0.09664314731665595,0.23023183954538173,0.41976447526757615,Weak Decoupling
Iran,Unknown,1975 - 1980,74.4,95.1,0.05177622235,0.09436227558,0.2782258064516127,0.8225021312316735,0.3382675811854463,Weak Decoupling
Iran,Unknown,1980 - 1985,95.1,153.8,0.09436227558,0.180184,0.6172450052576238,0.9094918906151289,0.6786701581694744,Weak Decoupling
Iran,Unknown,1985 - 1990,153.8,181.8,0.180184,0.124813,0.18205461638491546,-0.3073025351862541,-0.5924279676852432,Strong Negative Decoupling
Iran,Unknown,1990 - 1995,181.8,236.6,0.124813,0.096419225745,0.3014301430143013,-0.22749051985770707,-1.3250228765701653,Strong Negative Decoupling
Iran,Unknown,1995 - 2000,236.6,304.9,0.096419225745,0.109592,0.28867286559594246,0.13661978877364186,2.1129652460100736,Expansive Negative Decoupling
Iran,Unknown,2000 - 2005,304.9,409.1,0.109592,0.226452,0.3417513938996394,1.0663187093948463,0.32049648091947014,Weak Decoupling
Iran,Unknown,2005 - 2010,409.1,504.4,0.226452,0.486808,0.2329503788804692,1.1497182625898648,0.20261518535482187,Weak Decoupling
Iran,Unknown,2010 - 2015,504.4,547.2,0.486808,0.408213,0.08485329103885819,-0.16144968858358946,-0.5255711038112407,Strong Negative Decoupling
Iran,Unknown,2015 - 2020,547.2,653.0,0.408213,0.239735,0.19334795321637416,-0.4127208099693052,-0.4684715394669675,Strong Negative Decoupling
Iraq,Asia,1975 - 1980,12.9,24.2,0.013458516763,0.052569,0.8759689922480619,2.9060024908927624,0.3014343569880949,Weak Decoupling
Iraq,Asia,1980 - 1985,24.2,35.4,0.052569,0.04842516129,0.46280991735537186,-0.07882666038920277,-5.871235887328862,Strong Negative Decoupling
Iraq,Asia,1985 - 1990,35.4,54.8,0.04842516129,0.180408,0.5480225988700564,2.7255012723572496,0.20107222272403455,Weak Decoupling
Iraq,Asia,1990 - 1995,54.8,85.9,0.180408,0.012894029888,0.5675182481751827,-0.9285285026828078,-0.6112017525961194,Strong Negative Decoupling
Iraq,Asia,1995 - 2000,85.9,80.1,0.012894029888,0.048364250944,-0.06752037252619338,2.750902655267678,-0.02454480619185097,Strong Decoupling
Iraq,Asia,2000 - 2005,80.1,75.7,0.048364250944,0.050065104668,-0.05493133583021213,0.035167581236177636,-1.561987884845009,Strong Decoupling
Iraq,Asia,2005 - 2010,75.7,92.4,0.050065104668,0.138517,0.2206076618229855,1.766737449538093,0.12486725850559321,Weak Decoupling
Iraq,Asia,2010 - 2015,92.4,116.8,0.138517,0.166774,0.26406926406926395,0.2039966213533357,1.2944786159564792,Expansive Negative Decoupling
Iraq,Asia,2015 - 2020,116.8,129.8,0.166774,0.180899,0.11130136986301382,0.08469545612625468,1.3141362589404795,Expansive Negative Decoupling
Ireland,Europe,1975 - 1980,23.2,27.4,0.009483808362,0.02174785564,0.18103448275862066,1.2931563787328249,0.13999426963042005,Weak Decoupling
Ireland,Europe,1980 - 1985,27.4,26.9,0.02174785564,0.021270013326,-0.018248175182481754,-0.021971927803361224,0.8305222621244087,Recessive Coupling
Ireland,Europe,1985 - 1990,26.9,31.2,0.021270013326,0.049305632408,0.15985130111524168,1.3180818766920974,0.12127569913669542,Weak Decoupling
Ireland,Europe,1990 - 1995,31.2,34.4,0.049305632408,0.069139823232,0.10256410256410255,0.40227028546908666,0.2549631585253749,Weak Decoupling
Ireland,Europe,1995 - 2000,34.4,43.8,0.069139823232,0.100208,0.27325581395348836,0.4493528521724757,0.6081096684540553,Weak Decoupling
Ireland,Europe,2000 - 2005,43.8,47.7,0.100208,0.211877,0.08904109589041109,1.1143721060194796,0.07990248087639644,Weak Decoupling
Ireland,Europe,2005 - 2010,47.7,42.2,0.211877,0.221914,-0.11530398322851153,0.04737182421876839,-2.434020330228889,Strong Decoupling
Ireland,Europe,2010 - 2015,42.2,38.7,0.221914,0.292364,-0.08293838862559241,0.31746532440494973,-0.26125180373966944,Strong Decoupling
Ireland,Europe,2015 - 2020,38.7,33.5,0.292364,0.428609,-0.13436692506459955,0.4660115472493193,-0.28833389613994337,Strong Decoupling
Israel,Asia,1975 - 1980,19.1,23.2,0.016050008787,0.02524978992,0.2146596858638742,0.5731947723574788,0.37449693579898785,Weak Decoupling
Israel,Asia,1980 - 1985,23.2,26.5,0.02524978992,0.028740117286,0.14224137931034486,0.13823193686199187,1.0290051817211818,Expansive Coupling
Israel,Asia,1985 - 1990,26.5,34.7,0.028740117286,0.061661395509,0.30943396226415104,1.1454816935989593,0.27013435831693516,Weak Decoupling
Israel,Asia,1990 - 1995,34.7,52.2,0.061661395509,0.104893,0.5043227665706052,0.701112975697898,0.71931740539903,Weak Decoupling
Israel,Asia,1995 - 2000,52.2,60.2,0.104893,0.136036,0.1532567049808429,0.29690255784466063,0.5161851958885002,Weak Decoupling
Israel,Asia,2000 - 2005,60.2,64.9,0.136036,0.147084,0.07807308970099672,0.08121379634802554,0.9613279173212153,Expansive Coupling
Israel,Asia,2005 - 2010,64.9,67.9,0.147084,0.238364,0.046224961479198766,0.6205977536645727,0.07448457750007088,Weak Decoupling
Israel,Asia,2010 - 2015,67.9,66.8,0.238364,0.303414,-0.016200294550810138,0.2729019482807808,-0.05936305934372491,Strong Decoupling
Israel,Asia,2015 - 2020,66.8,63.0,0.303414,0.413268,-0.05688622754491014,0.36205975993197415,-0.1571183374689257,Strong Decoupling
Italy,Europe,1975 - 1980,368.7,383.2,0.227696,0.477257,0.03932736642256577,1.0960271590190427,0.03588174444305215,Weak Decoupling
Italy,Europe,1980 - 1985,383.2,354.4,0.477257,0.452217,-0.07515657620041757,-0.052466490800554016,1.4324681344921197,Recessive Decoupling
Italy,Europe,1985 - 1990,354.4,403.8,0.452217,1.18122,0.13939051918735904,1.6120645619249165,0.08646708232387239,Weak Decoupling
Italy,Europe,1990 - 1995,403.8,413.1,1.18122,1.17466,0.02303120356612187,-0.0055535801967456526,-4.147091200666904,Strong Negative Decoupling
Italy,Europe,1995 - 2000,413.1,434.4,1.17466,1.14668,0.05156136528685537,-0.02381965845436136,-2.164655945241504,Strong Negative Decoupling
Italy,Europe,2000 - 2005,434.4,470.2,1.14668,1.85822,0.08241252302025785,0.620521854397042,0.13281163658665607,Weak Decoupling
Italy,Europe,2005 - 2010,470.2,397.1,1.85822,2.1361,-0.1554657592513823,0.14954095855173224,-1.0396199192316962,Strong Decoupling
Italy,Europe,2010 - 2015,397.1,334.4,2.1361,1.83664,-0.15789473684210537,-0.14019006600814563,1.1262904807601062,Recessive Coupling
Italy,Europe,2015 - 2020,334.4,286.3,1.83664,1.89746,-0.14383971291866018,0.033114818363968915,-4.343666069301687,Strong Decoupling
Japan,Asia,1975 - 1980,923.6,920.7,0.532861,1.12938,-0.003139887397141595,1.1194645507927958,-0.0028048118137532375,Strong Decoupling
Japan,Asia,1980 - 1985,920.7,930.5,1.12938,1.42702,0.010644075160204143,0.2635428288087268,0.04038840748700228,Weak Decoupling
Japan,Asia,1985 - 1990,930.5,1084.1,1.42702,3.1859,0.16507254164427718,1.2325545542459113,0.13392716863982554,Weak Decoupling
Japan,Asia,1990 - 1995,1084.1,1187.5,3.1859,5.54556,0.09537865510561766,0.7406572711007877,0.1287756953548339,Weak Decoupling
Japan,Asia,1995 - 2000,1187.5,1230.0,5.54556,4.96836,0.035789473684210524,-0.1040832666132907,-0.3438542510121455,Strong Negative Decoupling
Japan,Asia,2000 - 2005,1230.0,1291.6,4.96836,4.83147,0.05008130081300806,-0.027552351278892693,-1.8176779290475418,Strong Negative Decoupling
Japan,Asia,2005 - 2010,1291.6,1195.9,4.83147,5.75907,-0.07409414679467313,0.19199125731920097,-0.38592458755288855,Strong Decoupling
Japan,Asia,2010 - 2015,1195.9,1209.1,5.75907,4.44493,0.011037712183292765,-0.22818614811071927,-0.04837152594353407,Strong Negative Decoupling
Japan,Asia,2015 - 2020,1209.1,1031.8,4.44493,5.05559,-0.14663799520304355,0.13738349085362409,-1.0673625651227607,Strong Decoupling
Kazakhstan,Asia,1975 - 1980,1e-10,1e-10,1e-22,1e-22,0.0,0.0,,N/A
Kazakhstan,Asia,1980 - 1985,1e-10,231.2,1e-22,1e-22,2311999999999.0,0.0,,N/A
Kazakhstan,Asia,1985 - 1990,231.2,240.6,1e-22,0.02693201627,0.04065743944636681,2.693201627e+20,1.5096322176091871e-22,Weak Decoupling
Kazakhstan,Asia,1990 - 1995,240.6,168.9,0.02693201627,0.020374302652,-0.29800498753117205,-0.24349137295393447,1.2238831459032877,Recessive Decoupling
Kazakhstan,Asia,1995 - 2000,168.9,101.5,0.020374302652,0.018291990662,-0.399052693901717,-0.10220285943360093,3.904515941268485,Recessive Decoupling
Kazakhstan,Asia,2000 - 2005,101.5,144.4,0.018291990662,0.057123671734,0.42266009852216757,2.12287890309661,0.19909760180179847,Weak Decoupling
Kazakhstan,Asia,2005 - 2010,144.4,178.6,0.057123671734,0.148047,0.2368421052631578,1.5916926469536177,0.1487988938797048,Weak Decoupling
Kazakhstan,Asia,2010 - 2015,178.6,176.7,0.148047,0.184388,-0.010638297872340458,0.24546934419474883,-0.04333860061931121,Strong Decoupling
Kazakhstan,Asia,2015 - 2020,176.7,202.8,0.184388,0.171082,0.1477079796264857,-0.07216304748682119,-2.0468644932638265,Strong Negative Decoupling
Kuwait,Asia,1980 - 1985,19.3,28.7,0.028638868356,0.021445970614,0.48704663212435223,-0.25115858813230835,-1.9391995939544777,Strong Negative Decoupling
Kuwait,Asia,1985 - 1990,28.7,21.6,0.021445970614,0.018427777778,-0.24738675958188147,-0.14073472776418483,1.7578231294581592,Recessive Decoupling
Kuwait,Asia,1990 - 1995,21.6,33.8,0.018427777778,0.027186980647,0.5648148148148145,0.475326052577928,1.1882681619312572,Expansive Coupling
Kuwait,Asia,1995 - 2000,33.8,46.6,0.027186980647,0.03771874348,0.37869822485207116,0.38738258469177017,0.9775819559709714,Expansive Coupling
Kuwait,Asia,2000 - 2005,46.6,77.3,0.03771874348,0.080798630137,0.6587982832618025,1.1421347235451442,0.5768131111686341,Weak Decoupling
Kuwait,Asia,2005 - 2010,77.3,87.4,0.080798630137,0.115416,0.13065976714100916,0.42844005899980864,0.30496627100190815,Weak Decoupling
Kuwait,Asia,2010 - 2015,87.4,98.3,0.115416,0.114586,0.12471395881006854,-0.00719137727871362,-17.34215213255744,Strong Negative Decoupling
Kuwait,Asia,2015 - 2020,98.3,85.1,0.114586,0.107513,-0.13428280773143442,-0.06172656345452321,2.1754460351638842,Recessive Decoupling
Latvia,Europe,1975 - 1980,1e-10,1e-10,1e-22,1e-22,0.0,0.0,,N/A
Latvia,Europe,1980 - 1985,1e-10,25.2,1e-22,1e-22,251999999999.0,0.0,,N/A
Latvia,Europe,1985 - 1990,25.2,18.4,1e-22,1e-22,-0.2698412698412699,0.0,,N/A
Latvia,Europe,1990 - 1995,18.4,9.1,1e-22,0.005789128637,-0.5054347826086957,5.7891286369999995e+19,-8.730757499121983e-21,Strong Decoupling
Latvia,Europe,1995 - 2005,9.1,8.7,0.005789128637,0.017003459863,-0.043956043956043994,1.9371362996368673,-0.022691249946781716,Strong Decoupling
Latvia,Europe,2005 - 2010,8.7,9.2,0.017003459863,0.023956163077,0.0574712643678161,0.40889932225671755,0.14055113628125349,Weak Decoupling
Latvia,Europe,2010 - 2015,9.2,7.9,0.023956163077,0.027263090547,-0.14130434782608686,0.13804078137934117,-1.023642045590696,Strong Decoupling
Latvia,Europe,2015 - 2020,7.9,7.1,0.027263090547,0.034390910339,-0.10126582278481021,0.26144577335104563,-0.3873301200736554,Strong Decoupling
Lithuania,Europe,1975 - 1980,1e-10,1e-10,1e-22,1e-22,0.0,0.0,,N/A
Lithuania,Europe,1980 - 1985,1e-10,37.4,1e-22,1e-22,373999999998.99994,0.0,,N/A
Lithuania,Europe,1985 - 1990,37.4,36.1,1e-22,1e-22,-0.03475935828876998,0.0,,N/A
Lithuania,Europe,1990 - 1995,36.1,14.3,1e-22,0.007867140395,-0.6038781163434903,7.867140395e+19,-7.675954489477372e-21,Strong Decoupling
Lithuania,Europe,1995 - 2000,14.3,10.9,0.007867140395,0.011524776867,-0.2377622377622378,0.46492579112031984,-0.5113982538789861,Strong Decoupling
Lithuania,Europe,2000 - 2005,10.9,13.2,0.011524776867,0.026097677572,0.2110091743119265,1.264484412425197,0.16687368562118132,Weak Decoupling
Lithuania,Europe,2005 - 2010,13.2,13.2,0.026097677572,0.037128694028,0.0,0.42268191970595487,0.0,Weak Decoupling
Lithuania,Europe,2010 - 2015,13.2,11.3,0.037128694028,0.04143553334,-0.14393939393939384,0.11599759767343452,-1.2408825426249193,Strong Decoupling
Lithuania,Europe,2015 - 2020,11.3,12.1,0.04143553334,0.056964942999,0.07079646017699105,0.3747848382105561,0.18889894403150118,Weak Decoupling
Luxembourg,Europe,1975 - 1980,12.6,11.4,0.003123333333,0.00601980549,-0.09523809523809519,0.9273656853711171,-0.10269745445668761,Strong Decoupling
Luxembourg,Europe,1980 - 1985,11.4,9.4,0.00601980549,0.004577211767,-0.17543859649122806,-0.23964125176409976,0.7320884664044732,Weak Negative Decoupling
Luxembourg,Europe,1985 - 1990,9.4,10.3,0.004577211767,0.012778792854,0.09574468085106387,1.7918290663609577,0.05343404828537168,Weak Decoupling
Luxembourg,Europe,1990 - 1995,10.3,8.7,0.012778792854,0.02085309387,-0.15533980582524284,0.6318516238779622,-0.24584855044266793,Strong Decoupling
Luxembourg,Europe,1995 - 2000,8.7,9.0,0.02085309387,0.021230182989,0.03448275862068974,0.018083125763055007,1.9069025495105631,Expansive Negative Decoupling
Luxembourg,Europe,2000 - 2005,9.0,12.8,0.021230182989,0.03767228012,0.4222222222222223,0.7744679892546921,0.5451771126506431,Weak Decoupling
Luxembourg,Europe,2005 - 2010,12.8,12.0,0.03767228012,0.056213985987,-0.06250000000000006,0.4921843277852543,-0.12698494541920793,Strong Decoupling
Luxembourg,Europe,2010 - 2015,12.0,10.1,0.056213985987,0.060071584216,-0.15833333333333335,0.06862346018110348,-2.3072770291016726,Strong Decoupling
Luxembourg,Europe,2015 - 2020,10.1,9.0,0.060071584216,0.0736993667,-0.10891089108910888,0.22685904928024622,-0.4800817575258714,Strong Decoupling
Malaysia,Asia,1975 - 1980,15.2,30.2,0.009298800799,0.024488224677,0.986842105263158,1.6334820162653108,0.6041340494947174,Weak Decoupling
Malaysia,Asia,1980 - 1985,30.2,38.3,0.024488224677,0.031199633353,0.26821192052980125,0.27406677145948993,0.9786371368608102,Expansive Coupling
Malaysia,Asia,1985 - 1990,38.3,54.6,0.031199633353,0.04402458524,0.4255874673629244,0.4110609808101098,1.0353390062082424,Expansive Coupling
Malaysia,Asia,1990 - 1995,54.6,84.9,0.04402458524,0.088705342903,0.554945054945055,1.014904681541527,0.5467952459359585,Weak Decoupling
Malaysia,Asia,1995 - 2000,84.9,131.4,0.088705342903,0.093789736842,0.5477031802120141,0.05731778687288116,9.55555352174893,Expansive Negative Decoupling
Malaysia,Asia,2000 - 2005,131.4,187.6,0.093789736842,0.143534,0.42770167427701666,0.5303806667226303,0.8064050994164329,Expansive Coupling
Malaysia,Asia,2005 - 2010,187.6,214.1,0.143534,0.255018,0.14125799573560768,0.7767079576964345,0.18186757884462978,Weak Decoupling
Malaysia,Asia,2010 - 2015,214.1,247.1,0.255018,0.301355,0.15413358243811304,0.18170089954434573,0.8482818897684948,Expansive Coupling
Malaysia,Asia,2015 - 2020,247.1,247.0,0.301355,0.337456,-0.0004046944556859341,0.11979558991886644,-0.0033782082959816816,Strong Decoupling
Mexico,Americas,1975 - 1980,131.1,198.1,0.088,0.205577,0.5110602593440122,1.3361022727272729,0.38250085324742994,Weak Decoupling
Mexico,Americas,1980 - 1985,198.1,233.9,0.205577,0.195241,0.18071680969207476,-0.05027799802507096,-3.59435174013812,Strong Negative Decoupling
Mexico,Americas,1985 - 1990,233.9,280.8,0.195241,0.261254,0.20051303976058146,0.33811033543159474,0.5930402556450349,Weak Decoupling
Mexico,Americas,1990 - 1995,280.8,304.1,0.261254,0.380157,0.08297720797720802,0.4551241320707053,0.18231775054353125,Weak Decoupling
Mexico,Americas,1995 - 2000,304.1,370.3,0.380157,0.742061,0.2176915488326208,0.9519856269909536,0.22867104571809826,Weak Decoupling
Mexico,Americas,2000 - 2005,370.3,455.6,0.742061,0.917572,0.23035376721577103,0.236518291622926,0.9739363735258882,Expansive Coupling
Mexico,Americas,2005 - 2010,455.6,466.8,0.917572,1.10542,0.02458296751536433,0.2047228991294416,0.12007922718904582,Weak Decoupling
Mexico,Americas,2010 - 2015,466.8,480.9,1.10542,1.21329,0.030205655526992215,0.09758281919994202,0.3095386644354108,Weak Decoupling
Mexico,Americas,2015 - 2020,480.9,417.8,1.21329,1.12083,-0.1312123102516115,-0.07620601834680908,1.7218103385807673,Recessive Decoupling
Morocco,Africa,1975 - 1980,10.3,14.9,0.008984853005,0.021728516153,0.44660194174757273,1.4183496536791702,0.31487436161393373,Weak Decoupling
Morocco,Africa,1980 - 1985,14.9,17.2,0.021728516153,0.014991283216,0.15436241610738247,-0.3100641060604504,-0.49784032750081636,Strong Negative Decoupling
Morocco,Africa,1985 - 1990,17.2,21.3,0.014991283216,0.030179954775,0.2383720930232559,1.0131668743866655,0.23527426631230686,Weak Decoupling
Morocco,Africa,1990 - 1995,21.3,27.1,0.030179954775,0.039030285468,0.2723004694835681,0.2932519534565803,0.9285546652765458,Expansive Coupling
Morocco,Africa,1995 - 2000,27.1,31.6,0.039030285468,0.043017455402,0.16605166051660517,0.10215579738121533,1.6254746649076537,Expansive Negative Decoupling
Morocco,Africa,2000 - 2005,31.6,43.9,0.043017455402,0.068852658069,0.38924050632911383,0.6005748695632716,0.6481132096189162,Weak Decoupling
Morocco,Africa,2005 - 2010,43.9,49.2,0.068852658069,0.100865,0.12072892938496593,0.4649398124749106,0.25966571617585615,Weak Decoupling
Morocco,Africa,2010 - 2015,49.2,56.8,0.100865,0.110414,0.15447154471544702,0.09467109502800776,1.6316653427294543,Expansive Negative Decoupling
Morocco,Africa,2015 - 2020,56.8,62.1,0.110414,0.121354,0.09330985915492966,0.09908163819805464,0.9417472384581718,Expansive Coupling
Netherlands,Unknown,1975 - 1980,184.9,180.9,0.10025,0.195152,-0.02163331530557058,0.9466533665835409,-0.02285241469498484,Strong Decoupling
Netherlands,Unknown,1980 - 1985,180.9,172.7,0.195152,0.143846,-0.045328911000552884,-0.2629027629745019,0.1724170202233637,Weak Negative Decoupling
Netherlands,Unknown,1985 - 1990,172.7,192.0,0.143846,0.318331,0.11175448755066597,1.2129986235279393,0.09213076204953492,Weak Decoupling
Netherlands,Unknown,1990 - 1995,192.0,208.6,0.318331,0.452302,0.0864583333333333,0.4208543936971266,0.2054352636640267,Weak Decoupling
Netherlands,Unknown,1995 - 2000,208.6,216.2,0.452302,0.417479,0.03643336529242567,-0.07699059477959415,-0.47321838981405157,Strong Negative Decoupling
Netherlands,Unknown,2000 - 2005,216.2,233.1,0.417479,0.685348,0.07816836262719706,0.6416346690492216,0.12182689994452364,Weak Decoupling
Netherlands,Unknown,2005 - 2010,233.1,229.9,0.685348,0.847381,-0.01372801372801368,0.23642441504170159,-0.058065127180677474,Strong Decoupling
Netherlands,Unknown,2010 - 2015,229.9,209.9,0.847381,0.765573,-0.0869943453675511,-0.09654216934295211,0.901102036132172,Recessive Coupling
Netherlands,Unknown,2015 - 2020,209.9,172.8,0.765573,0.909793,-0.17675083373034775,0.1883817741743766,-0.9382586744657018,Strong Decoupling
New Zealand,Oceania,1975 - 1980,19.4,18.7,0.012861983284,0.023244547385,-0.03608247422680409,0.8072288597914494,-0.04469918758371218,Strong Decoupling
New Zealand,Oceania,1980 - 1985,18.7,20.7,0.023244547385,0.024679795396,0.10695187165775401,0.061745577886630876,1.7321381598229593,Expansive Negative Decoupling
New Zealand,Oceania,1985 - 1990,20.7,25.2,0.024679795396,0.045495129385,0.21739130434782608,0.8434159868429728,0.25775098852649564,Weak Decoupling
New Zealand,Oceania,1990 - 1995,25.2,28.0,0.045495129385,0.063918703507,0.11111111111111115,0.4049570661969446,0.2743775090890104,Weak Decoupling
New Zealand,Oceania,1995 - 2000,28.0,31.6,0.063918703507,0.052623281957,0.12857142857142861,-0.17671543586241537,-0.7275619582633968,Strong Negative Decoupling
New Zealand,Oceania,2000 - 2005,31.6,37.3,0.052623281957,0.11472,0.1803797468354429,1.1800236650716887,0.15286112658129147,Weak Decoupling
New Zealand,Oceania,2005 - 2010,37.3,34.0,0.11472,0.146518,-0.08847184986595168,0.27717921896792197,-0.3191864462111445,Strong Decoupling
New Zealand,Oceania,2010 - 2015,34.0,35.4,0.146518,0.178104,0.04117647058823525,0.21557760821196031,0.19100532253679012,Weak Decoupling
New Zealand,Oceania,2015 - 2020,35.4,33.1,0.178104,0.212698,-0.06497175141242931,0.19423482908862227,-0.3345010352534924,Strong Decoupling
Norway,Europe,1975 - 1980,26.9,30.1,0.0328778052,0.064439382896,0.11895910780669156,0.9599660775409669,0.12392011612682734,Weak Decoupling
Norway,Europe,1980 - 1985,30.1,28.7,0.064439382896,0.065416879914,-0.04651162790697681,0.015169248587895387,-3.0661787653800943,Strong Decoupling
Norway,Europe,1985 - 1990,28.7,29.0,0.065416879914,0.119792,0.010452961672473893,0.8312093171897529,0.01257560695760059,Weak Decoupling
Norway,Europe,1990 - 1995,29.0,31.6,0.119792,0.15203,0.08965517241379316,0.2691164685454789,0.3331463618646662,Weak Decoupling
Norway,Europe,1995 - 2000,31.6,33.9,0.15203,0.171457,0.07278481012658218,0.1277839900019733,0.5695925610513352,Weak Decoupling
Norway,Europe,2000 - 2005,33.9,36.6,0.171457,0.309979,0.07964601769911513,0.8079110214222809,0.0985826602029799,Weak Decoupling
Norway,Europe,2005 - 2010,36.6,37.4,0.309979,0.431052,0.02185792349726768,0.3905845234677187,0.05596208293971025,Weak Decoupling
Norway,Europe,2010 - 2015,37.4,36.0,0.431052,0.38816,-0.037433155080213866,-0.09950539610070244,0.37619221215229764,Weak Negative Decoupling
Norway,Europe,2015 - 2020,36.0,32.8,0.38816,0.367633,-0.08888888888888896,-0.05288283182192915,1.6808647688951677,Recessive Decoupling
Oman,Asia,1985 - 1990,7.4,10.7,0.01000564542,0.011685045514,0.4459459459459458,0.16784525370478295,2.6568874371050386,Expansive Negative Decoupling
Oman,Asia,1990 - 1995,10.7,14.7,0.011685045514,0.01380260078,0.3738317757009346,0.18121925699501387,2.0628700387576377,Expansive Negative Decoupling
Oman,Asia,1995 - 2000,14.7,24.4,0.01380260078,0.019507452536,0.6598639455782312,0.4133171600722048,1.5965074991392947,Expansive Negative Decoupling
Oman,Asia,2000 - 2005,24.4,31.7,0.019507452536,0.031081991678,0.2991803278688525,0.5933393466235422,0.5042313973805522,Weak Decoupling
Oman,Asia,2005 - 2010,31.7,48.1,0.031081991678,0.064993498049,0.5173501577287067,1.091033892625444,0.4741833972579576,Weak Decoupling
Oman,Asia,2010 - 2015,48.1,69.0,0.064993498049,0.078710793238,0.4345114345114345,0.21105642257719745,2.05874537815832,Expansive Negative Decoupling
Oman,Asia,2015 - 2020,69.0,69.8,0.078710793238,0.075909397659,0.011594202898550683,-0.03559099665695582,-0.3257622429150137,Strong Negative Decoupling
Pakistan,Asia,1975 - 1980,21.1,27.4,0.011230606061,0.023654444444,0.29857819905213256,1.1062482572640207,0.2699016220740341,Weak Decoupling
Pakistan,Asia,1980 - 1985,27.4,39.2,0.023654444444,0.031144920844,0.43065693430656954,0.31666253746661027,1.3599869998893668,Expansive Negative Decoupling
Pakistan,Asia,1985 - 1990,39.2,58.5,0.031144920844,0.04001042397,0.4923469387755101,0.28465325599656865,1.7296374743784595,Expansive Negative Decoupling
Pakistan,Asia,1990 - 1995,58.5,80.0,0.04001042397,0.060636071684,0.36752136752136755,0.5155068521509596,0.7129320706172565,Weak Decoupling
Pakistan,Asia,1995 - 2000,80.0,97.9,0.060636071684,0.099484802345,0.22375000000000006,0.6406867988325006,0.3492346032534637,Weak Decoupling
Pakistan,Asia,2000 - 2005,97.9,120.5,0.099484802345,0.145209,0.2308478038815117,0.45960987585254076,0.5022690242530296,Weak Decoupling
Pakistan,Asia,2005 - 2010,120.5,146.1,0.145209,0.19671,0.21244813278008293,0.3546680990847674,0.5990054739298862,Weak Decoupling
Pakistan,Asia,2010 - 2015,146.1,160.3,0.19671,0.299964,0.09719370294318971,0.5249046820192161,0.18516448085260473,Weak Decoupling
Pakistan,Asia,2015 - 2020,160.3,207.2,0.299964,0.300426,0.29257641921397365,0.0015401848221787212,189.96188963873806,Expansive Negative Decoupling
Peru,Americas,1975 - 1980,19.6,22.0,1e-22,1e-22,0.12244897959183665,0.0,,N/A
Peru,Americas,1980 - 1985,22.0,19.0,1e-22,0.015044388198,-0.13636363636363635,1.5044388198e+20,-9.064086526414183e-22,Strong Decoupling
Peru,Americas,1985 - 1990,19.0,19.5,0.015044388198,0.026410386963,0.02631578947368421,0.7554975726105628,0.034832394474481304,Weak Decoupling
Peru,Americas,1990 - 1995,19.5,24.1,0.026410386963,0.053312793687,0.23589743589743598,1.0186297823537878,0.2315830932729441,Weak Decoupling
Peru,Americas,1995 - 2000,24.1,25.7,0.053312793687,0.051744749133,0.06639004149377584,-0.029412162551563325,-2.2572308777834853,Strong Negative Decoupling
Peru,Americas,2000 - 2005,25.7,28.2,0.051744749133,0.076060606061,0.09727626459143969,0.46991931230550044,0.20700631373115214,Weak Decoupling
Peru,Americas,2005 - 2010,28.2,39.0,0.076060606061,0.147528,0.3829787234042554,0.9396111553684402,0.4075927804987392,Weak Decoupling
Peru,Americas,2010 - 2015,39.0,49.2,0.147528,0.189803,0.2615384615384616,0.2865557724635324,0.91269653823409,Expansive Coupling
Peru,Americas,2015 - 2020,49.2,43.4,0.189803,0.20141,-0.1178861788617887,0.06115287956460123,-1.927728991686402,Strong Decoupling
Philippines,Asia,1975 - 1980,30.0,34.7,0.016875240684,0.036848080899,0.15666666666666676,1.1835588356340863,0.13236914122882054,Weak Decoupling
Philippines,Asia,1980 - 1985,34.7,27.5,0.036848080899,0.034961486348,-0.20749279538904905,-0.0511992620774777,4.052652068989957,Recessive Decoupling
Philippines,Asia,1985 - 1990,27.5,41.1,0.034961486348,0.050508286642,0.4945454545454546,0.4446836195478106,1.1121287873125334,Expansive Coupling
Philippines,Asia,1990 - 1995,41.1,59.9,0.050508286642,0.084644328727,0.4574209245742092,0.6758503278274796,0.6768080235228833,Weak Decoupling
Philippines,Asia,1995 - 2000,59.9,69.5,0.084644328727,0.083669788255,0.1602671118530885,-0.01151335814999669,-13.920101308855278,Strong Negative Decoupling
Philippines,Asia,2000 - 2005,69.5,73.3,0.083669788255,0.10742,0.05467625899280571,0.283856482014949,0.1926193779500383,Weak Decoupling
Philippines,Asia,2005 - 2010,73.3,79.9,0.10742,0.208369,0.09004092769440666,0.9397598212623347,0.09581270198747055,Weak Decoupling
Philippines,Asia,2010 - 2015,79.9,106.7,0.208369,0.306446,0.33541927409261574,0.47068901804011154,0.7126133417967948,Weak Decoupling
Philippines,Asia,2015 - 2020,106.7,128.2,0.306446,0.361751,0.20149953139643847,0.18047225286021026,1.1165125286739535,Expansive Coupling
Poland,Europe,1975 - 1980,380.1,465.9,1e-22,1e-22,0.2257300710339383,0.0,,N/A
Poland,Europe,1980 - 1985,465.9,457.7,1e-22,1e-22,-0.017600343421335027,0.0,,N/A
Poland,Europe,1985 - 1990,457.7,373.5,1e-22,0.065977748211,-0.18396329473454226,6.597774821099999e+20,-2.7882627055748985e-22,Strong Decoupling
Poland,Europe,1990 - 1995,373.5,341.3,0.065977748211,0.142294,-0.08621151271753678,1.1566968236766277,-0.07453250579828559,Strong Decoupling
Poland,Europe,1995 - 2000,341.3,299.8,0.142294,0.17222,-0.12159390565484911,0.2103110461438993,-0.5781622405684386,Strong Decoupling
Poland,Europe,2000 - 2005,299.8,307.2,0.17222,0.306146,0.024683122081387517,0.7776448728370686,0.03174086648489882,Weak Decoupling
Poland,Europe,2005 - 2010,307.2,323.8,0.306146,0.475697,0.05403645833333341,0.553823992474179,0.0975697316613685,Weak Decoupling
Poland,Europe,2010 - 2015,323.8,293.3,0.475697,0.477111,-0.09419394688079061,0.00297248038141932,-31.688668988225327,Strong Decoupling
Poland,Europe,2015 - 2020,293.3,283.6,0.477111,0.599443,-0.033071939993181004,0.25640155016337907,-0.1289849455750465,Strong Decoupling
Portugal,Europe,1975 - 1980,21.8,26.3,0.019347607843,0.032896519824,0.20642201834862384,0.700288743236132,0.29476700909787423,Weak Decoupling
Portugal,Europe,1980 - 1985,26.3,27.4,0.032896519824,0.027115807742,0.04182509505703414,-0.17572412257975759,-0.23801567162784146,Strong Negative Decoupling
Portugal,Europe,1985 - 1990,27.4,39.1,0.027115807742,0.078713860217,0.42700729927007314,1.9028772060173285,0.22440086933606615,Weak Decoupling
Portugal,Europe,1990 - 1995,39.1,53.0,0.078713860217,0.118122,0.35549872122762144,0.5006505801438125,0.7100735229858398,Weak Decoupling
Portugal,Europe,1995 - 2000,53.0,61.3,0.118122,0.118605,0.1566037735849056,0.004088992736323439,38.298863236845385,Expansive Negative Decoupling
Portugal,Europe,2000 - 2005,61.3,64.6,0.118605,0.197254,0.05383360522022834,0.6631170692635219,0.0811826564501161,Weak Decoupling
Portugal,Europe,2005 - 2010,64.6,51.5,0.197254,0.238113,-0.20278637770897825,0.2071390187271233,-0.9789868608778193,Strong Decoupling
Portugal,Europe,2010 - 2015,51.5,53.1,0.238113,0.199394,0.03106796116504857,-0.1626076694678577,-0.19106085996263358,Strong Negative Decoupling
Portugal,Europe,2015 - 2020,53.1,40.7,0.199394,0.229032,-0.23352165725047078,0.14864038035246813,-1.57105126276403,Strong Decoupling
Qatar,Asia,1975 - 1980,4.8,9.3,0.002512773166,0.007829165262,0.9375000000000002,2.115746923731675,0.44310592608423743,Weak Decoupling
Qatar,Asia,1980 - 1985,9.3,10.8,0.007829165262,0.006153296456,0.16129032258064516,-0.21405459584996567,-0.7535008624327606,Strong Negative Decoupling
Qatar,Asia,1985 - 1990,10.8,12.9,0.006153296456,0.007360439423,0.1944444444444444,0.19617825593677207,0.9911620608306025,Expansive Coupling
Qatar,Asia,1990 - 1995,12.9,26.4,0.007360439423,0.008137911978,1.0465116279069766,0.10562855154687406,9.907469264525258,Expansive Negative Decoupling
Qatar,Asia,1995 - 2000,26.4,22.6,0.008137911978,0.01775989011,-0.14393939393939384,1.1823644883370596,-0.12173859698868143,Strong Decoupling
Qatar,Asia,2000 - 2005,22.6,37.7,0.01775989011,0.044530494505,0.668141592920354,1.507363177879483,0.44325190022239846,Weak Decoupling
Qatar,Asia,2005 - 2010,37.7,62.3,0.044530494505,0.125122,0.6525198938992041,1.8098048627317849,0.36054709948909464,Weak Decoupling
Qatar,Asia,2010 - 2015,62.3,123.4,0.125122,0.16174,0.9807383627608348,0.29265836543533497,3.3511372938271133,Expansive Negative Decoupling
Qatar,Asia,2015 - 2020,123.4,107.0,0.16174,0.144411,-0.1329011345218801,-0.10714109063929754,1.2404310403121304,Recessive Decoupling
Romania,Europe,1975 - 1980,136.8,174.5,1e-22,1e-22,0.2755847953216373,0.0,,N/A
Romania,Europe,1980 - 1985,174.5,172.5,1e-22,1e-22,-0.011461318051575931,0.0,,N/A
Romania,Europe,1985 - 1990,172.5,178.2,1e-22,0.0382478823,0.0330434782608695,3.82478823e+20,8.639296158069777e-23,Weak Decoupling
Romania,Europe,1990 - 1995,178.2,127.6,0.0382478823,0.037430162103,-0.2839506172839506,-0.021379489473068176,13.281449851346743,Recessive Decoupling
Romania,Europe,1995 - 2000,127.6,88.9,0.037430162103,0.037253739511,-0.3032915360501567,-0.004713380388642772,64.34692535763915,Recessive Decoupling
Romania,Europe,2000 - 2005,88.9,95.6,0.037253739511,0.09845438012,0.07536557930258704,1.6428052971951754,0.04587614821504508,Weak Decoupling
Romania,Europe,2005 - 2010,95.6,78.2,0.09845438012,0.170029,-0.18200836820083674,0.7269825861760756,-0.25036138645108375,Strong Decoupling
Romania,Europe,2010 - 2015,78.2,71.9,0.170029,0.177884,-0.08056265984654727,0.04619800151738805,-1.7438559504835942,Strong Decoupling
Romania,Europe,2015 - 2020,71.9,64.4,0.177884,0.251363,-0.1043115438108484,0.4130725641429247,-0.25252595516064386,Strong Decoupling
Russia,Unknown,1975 - 1980,1e-10,1e-10,1e-22,1e-22,0.0,0.0,,N/A
Russia,Unknown,1980 - 1985,1e-10,2172.4,1e-22,1e-22,21723999999999.0,0.0,,N/A
Russia,Unknown,1985 - 1990,2172.4,2233.9,1e-22,0.517014,0.028309703553673356,5.17014e+21,5.475616434694875e-24,Weak Decoupling
Russia,Unknown,1990 - 1995,2233.9,1616.4,0.517014,0.395537,-0.27642240028649445,-0.23495882123114645,1.176471684859864,Recessive Coupling
Russia,Unknown,1995 - 2000,1616.4,1452.8,0.395537,0.25971,-0.10121257114575608,-0.34339897405299635,0.2947375466827576,Weak Negative Decoupling
Russia,Unknown,2000 - 2005,1452.8,1465.7,0.25971,0.764016,0.008879405286343674,1.9418043202033037,0.004572760083989315,Weak Decoupling
Russia,Unknown,2005 - 2010,1465.7,1492.4,0.764016,1.52492,0.018216551818243873,0.9959267868735733,0.018291055184316826,Weak Decoupling
Russia,Unknown,2010 - 2015,1492.4,1520.8,1.52492,1.36348,0.019029750737067717,-0.10586784880518324,-0.17975004641953232,Strong Negative Decoupling
Russia,Unknown,2015 - 2020,1520.8,1459.8,1.36348,1.49308,-0.04011046817464493,0.09505089916977141,-0.4219893607003464,Strong Decoupling
Saudi Arabia,Asia,1975 - 1980,62.7,97.9,0.046773208643,0.16454,0.5614035087719298,2.517825797581342,0.2229715452559195,Weak Decoupling
Saudi Arabia,Asia,1980 - 1985,97.9,161.5,0.16454,0.103898,0.6496424923391214,-0.3685547587212835,-1.762675632226494,Strong Negative Decoupling
Saudi Arabia,Asia,1985 - 1990,161.5,202.3,0.103898,0.11763,0.2526315789473685,0.13216808793239518,1.9114415809404095,Expansive Negative Decoupling
Saudi Arabia,Asia,1990 - 1995,202.3,242.1,0.11763,0.143343,0.1967375185368264,0.21859219586840092,0.9000207795856916,Expansive Coupling
Saudi Arabia,Asia,1995 - 2000,242.1,277.0,0.143343,0.189515,0.14415530772408097,0.3221085089610235,0.4475364782788907,Weak Decoupling
Saudi Arabia,Asia,2000 - 2005,277.0,343.7,0.189515,0.32846,0.24079422382671475,0.733160963512123,0.32843295785037135,Weak Decoupling
Saudi Arabia,Asia,2005 - 2010,343.7,461.3,0.32846,0.528207,0.34215885947046853,0.6081318882055654,0.562639233538777,Weak Decoupling
Saudi Arabia,Asia,2010 - 2015,461.3,601.8,0.528207,0.669484,0.3045740299154562,0.2674652172349098,1.1387425739473047,Expansive Coupling
Saudi Arabia,Asia,2015 - 2020,601.8,558.0,0.669484,0.734271,-0.07278165503489524,0.0967715434573493,-0.7520976976767219,Strong Decoupling
Singapore,Asia,1975 - 1980,23.5,30.1,0.00563367393,0.011896256783,0.2808510638297873,1.111633887728394,0.25264708725613066,Weak Decoupling
Singapore,Asia,1980 - 1985,30.1,37.1,0.011896256783,0.019156532746,0.23255813953488372,0.6102991970865225,0.3810559486971008,Weak Decoupling
Singapore,Asia,1985 - 1990,37.1,69.6,0.019156532746,0.036144336769,0.8760107816711588,0.8867890786002055,0.987845704024614,Expansive Coupling
Singapore,Asia,1990 - 1995,69.6,98.6,0.036144336769,0.087812540788,0.4166666666666667,1.4294965307902505,0.2914779138612712,Weak Decoupling
Singapore,Asia,1995 - 2000,98.6,107.1,0.087812540788,0.096076539926,0.08620689655172414,0.0941095550116382,0.9160270340356326,Expansive Coupling
Slovakia,Europe,1995 - 2000,40.8,36.3,0.025840146405,0.029242558797,-0.11029411764705883,0.13167156016351522,-0.8376457111170477,Strong Decoupling
Slovakia,Europe,2000 - 2005,36.3,39.2,0.029242558797,0.062808723477,0.0798898071625346,1.1478531996127361,0.06959932436437682,Weak Decoupling
Slovakia,Europe,2005 - 2010,39.2,36.2,0.062808723477,0.09116283632,-0.07653061224489795,0.4514359036986799,-0.16952708372965358,Strong Decoupling
Slovakia,Europe,2010 - 2015,36.2,30.4,0.09116283632,0.088900883131,-0.16022099447513824,-0.024812229196775757,6.457339774048124,Recessive Decoupling
Slovakia,Europe,2015 - 2020,30.4,27.8,0.088900883131,0.106738,-0.08552631578947362,0.2006404913066622,-0.426266479076518,Strong Decoupling
Slovenia,Europe,1995 - 2000,13.9,14.0,0.021352224019,0.020289627637,0.007194244604316521,-0.049765138331935,-0.14456394266063702,Strong Negative Decoupling
Slovenia,Europe,2000 - 2005,14.0,15.2,0.020289627637,0.036206395971,0.08571428571428566,0.7844780899268112,0.10926281666105228,Weak Decoupling
Slovenia,Europe,2005 - 2010,15.2,15.2,0.036206395971,0.048208240226,0.0,0.3314840909493738,0.0,Weak Decoupling
Slovenia,Europe,2010 - 2015,15.2,12.7,0.048208240226,0.043107506024,-0.16447368421052633,-0.10580627249797514,1.5544795249608092,Recessive Decoupling
Slovenia,Europe,2015 - 2020,12.7,11.9,0.043107506024,0.053734526854,-0.06299212598425188,0.24652367557713573,-0.2555216079623234,Strong Decoupling
South Africa,Africa,1975 - 1980,172.5,205.9,0.042906905672,0.089411864402,0.19362318840579715,1.0838572020435395,0.17864271053486908,Weak Decoupling
South Africa,Africa,1980 - 1985,205.9,297.1,0.089411864402,0.064459376087,0.44293346284604185,-0.27907357129712024,-1.5871566081564403,Strong Negative Decoupling
South Africa,Africa,1985 - 1990,297.1,324.9,0.064459376087,0.126048,0.09357118815213716,0.9554641644355137,0.09793270290510458,Weak Decoupling
South Africa,Africa,1990 - 1995,324.9,351.2,0.126048,0.171736,0.08094798399507545,0.36246509266311255,0.22332628888573078,Weak Decoupling
South Africa,Africa,1995 - 2000,351.2,371.6,0.171736,0.151753,0.058086560364464794,-0.11635882983183492,-0.4992019982360869,Strong Negative Decoupling
South Africa,Africa,2000 - 2005,371.6,421.7,0.151753,0.288867,0.13482238966630775,0.9035340322761328,0.14921672549142467,Weak Decoupling
South Africa,Africa,2005 - 2010,421.7,474.9,0.288867,0.417364,0.12615603509603981,0.4448310121959242,0.28360440625141226,Weak Decoupling
South Africa,Africa,2010 - 2015,474.9,455.1,0.417364,0.34671,-0.041692987997473056,-0.1692862824776454,0.24628686617286136,Weak Negative Decoupling
South Africa,Africa,2015 - 2020,455.1,446.5,0.34671,0.338291,-0.018896945726214066,-0.024282541605376278,0.7782111952412011,Weak Negative Decoupling
Spain,Europe,1975 - 1980,168.4,208.2,0.114777,0.232767,0.23634204275534432,1.027993413314514,0.2299061839251645,Weak Decoupling
Spain,Europe,1980 - 1985,208.2,194.4,0.232767,0.180793,-0.06628242074927947,-0.22328766534775116,0.2968476590323534,Weak Negative Decoupling
Spain,Europe,1985 - 1990,194.4,214.6,0.180793,0.536559,0.10390946502057608,1.967808488160493,0.05280466348517006,Weak Decoupling
Spain,Europe,1990 - 1995,214.6,247.9,0.536559,0.614609,0.1551724137931035,0.14546396575213527,1.0667412578143995,Expansive Coupling
Spain,Europe,1995 - 2000,247.9,309.3,0.614609,0.598363,0.24768051633723276,-0.026433065575024093,-9.370101838330077,Strong Negative Decoupling
Spain,Europe,2000 - 2005,309.3,374.9,0.598363,1.15372,0.2120918202392498,0.9281272404877977,0.22851588767912928,Weak Decoupling
Spain,Europe,2005 - 2010,374.9,300.1,1.15372,1.42211,-0.19951987196585746,0.23263010089103064,-0.8576700573212459,Strong Decoupling
Spain,Europe,2010 - 2015,300.1,287.9,1.42211,1.19616,-0.040653115628124105,-0.15888363066148195,0.25586723729104466,Weak Negative Decoupling
Spain,Europe,2015 - 2020,287.9,223.3,1.19616,1.27813,-0.22438346648141705,0.06852762172284653,-3.274350704726259,Strong Decoupling
Sri Lanka,Asia,1975 - 1980,4.3,4.9,0.003791298146,0.0040246219,0.13953488372093037,0.0615419165190602,2.267314565637794,Expansive Negative Decoupling
Sri Lanka,Asia,1980 - 1985,4.9,4.9,0.0040246219,0.005978460972,0.0,0.4854714605613015,0.0,Weak Decoupling
Sri Lanka,Asia,1985 - 1990,4.9,5.4,0.005978460972,0.008032551173,0.1020408163265306,0.3435817697264045,0.2969913578586725,Weak Decoupling
Sri Lanka,Asia,1990 - 1995,5.4,7.1,0.008032551173,0.013029697561,0.31481481481481466,0.6221119891270688,0.5060420315264371,Weak Decoupling
Sri Lanka,Asia,1995 - 2000,7.1,11.5,0.013029697561,0.01633081418,0.619718309859155,0.25335328034633575,2.446063887595991,Expansive Negative Decoupling
Sri Lanka,Asia,2000 - 2005,11.5,13.6,0.01633081418,0.024405791045,0.18260869565217389,0.4944626015578116,0.36930739569961923,Weak Decoupling
Sri Lanka,Asia,2005 - 2010,13.6,14.0,0.024405791045,0.058636161082,0.02941176470588238,1.4025511393539838,0.020970190591003666,Weak Decoupling
Sri Lanka,Asia,2010 - 2015,14.0,21.6,0.058636161082,0.085140955389,0.5428571428571429,0.45202130934073687,1.200954759519829,Expansive Negative Decoupling
Sri Lanka,Asia,2015 - 2020,21.6,24.7,0.085140955389,0.084304298771,0.1435185185185184,-0.009826723392724548,-14.604920967326281,Strong Negative Decoupling
Sweden,Europe,1975 - 1980,85.4,100.3,0.082885397621,0.142092,0.17447306791569075,0.7143188556532821,0.24425096234667634,Weak Decoupling
Sweden,Europe,1980 - 1985,100.3,79.2,0.142092,0.114124,-0.21036889332003983,-0.19683022267263459,1.0687834950525996,Recessive Coupling
Sweden,Europe,1985 - 1990,79.2,67.4,0.114124,0.261846,-0.14898989898989895,1.2943990746906875,-0.11510352711392498,Strong Decoupling
Sweden,Europe,1990 - 1995,67.4,61.5,0.261846,0.267306,-0.08753709198813064,0.020851951146857176,-4.198028825773664,Strong Decoupling
Sweden,Europe,1995 - 2000,61.5,57.7,0.267306,0.262835,-0.061788617886178815,-0.016726149057634334,3.6941329216468133,Recessive Decoupling
Sweden,Europe,2000 - 2005,57.7,60.5,0.262835,0.392218,0.04852686308492196,0.4922594022866058,0.09857986025154356,Weak Decoupling
Sweden,Europe,2005 - 2010,60.5,56.8,0.392218,0.495813,-0.06115702479338848,0.264126072745259,-0.23154482311321242,Strong Decoupling
Sweden,Europe,2010 - 2015,56.8,46.3,0.495813,0.505104,-0.18485915492957747,0.018738919713682363,-9.864984628468266,Strong Decoupling
Sweden,Europe,2015 - 2020,46.3,42.7,0.505104,0.547054,-0.07775377969762408,0.08305220311064661,-0.9362036982214225,Strong Decoupling
Switzerland,Europe,1975 - 1980,39.9,41.6,0.065466081819,0.122558,0.04260651629072689,0.8720839340721076,0.0488559812033001,Weak Decoupling
Switzerland,Europe,1980 - 1985,41.6,41.3,0.122558,0.11098,-0.007211538461538563,-0.09446955727084323,0.07633716797108679,Weak Negative Decoupling
Switzerland,Europe,1985 - 1990,41.3,43.3,0.11098,0.265764,0.04842615012106538,1.3947017480627142,0.034721509590370035,Weak Decoupling
Switzerland,Europe,1990 - 1995,43.3,40.9,0.265764,0.352836,-0.055427251732101585,0.3276290242470763,-0.16917686660844183,Strong Decoupling
Switzerland,Europe,1995 - 2000,40.9,43.1,0.352836,0.279216,0.05378973105134482,-0.20865217834914795,-0.2577961633419221,Strong Negative Decoupling
Switzerland,Europe,2000 - 2005,43.1,44.2,0.279216,0.418285,0.0255220417633411,0.4980695948656237,0.051241918853181155,Weak Decoupling
Switzerland,Europe,2005 - 2010,44.2,42.1,0.418285,0.598851,-0.0475113122171946,0.4316817480904168,-0.1100609706742645,Strong Decoupling
Switzerland,Europe,2010 - 2015,42.1,39.5,0.598851,0.694118,-0.0617577197149644,0.15908297723473783,-0.3882107362363269,Strong Decoupling
Switzerland,Europe,2015 - 2020,39.5,32.7,0.694118,0.741999,-0.17215189873417713,0.06898106661979657,-2.495639849743524,Strong Decoupling
Thailand,Asia,1975 - 1980,26.1,37.4,0.014882770594,0.032353514989,0.4329501915708811,1.173890592793478,0.3688164759380177,Weak Decoupling
Thailand,Asia,1980 - 1985,37.4,46.1,0.032353514989,0.038900711333,0.23262032085561507,0.20236429785839366,1.1495126527624617,Expansive Coupling
Thailand,Asia,1985 - 1990,46.1,89.4,0.038900711333,0.085343190719,0.9392624728850326,1.193872240238502,0.7867361692716756,Weak Decoupling
Thailand,Asia,1990 - 1995,89.4,154.1,0.085343190719,0.169279,0.7237136465324383,0.9835091537339644,0.7358484095290894,Weak Decoupling
Thailand,Asia,1995 - 2000,154.1,169.7,0.169279,0.126392,0.10123296560674883,-0.25335097678979673,-0.39957598304718994,Strong Negative Decoupling
Thailand,Asia,2000 - 2005,169.7,223.9,0.126392,0.189318,0.3193871538008251,0.49786378884739524,0.6415151311571353,Weak Decoupling
Thailand,Asia,2005 - 2010,223.9,248.8,0.189318,0.341105,0.11121036176864674,0.801756832419527,0.13870834306835672,Weak Decoupling
Thailand,Asia,2010 - 2015,248.8,281.1,0.341105,0.401296,0.12982315112540196,0.1764588616408437,0.7357134117165397,Weak Decoupling
Thailand,Asia,2015 - 2020,281.1,273.1,0.401296,0.500462,-0.02845962290999644,0.24711434950759534,-0.11516782803874245,Strong Decoupling
Turkmenistan,Asia,1975 - 1980,1e-10,1e-10,1e-22,1e-22,0.0,0.0,,N/A
Turkmenistan,Asia,1980 - 1985,1e-10,33.2,1e-22,1e-22,331999999999.0,0.0,,N/A
Turkmenistan,Asia,1985 - 1990,33.2,34.7,1e-22,0.003,0.04518072289156626,3e+19,1.5060240963855418e-21,Weak Decoupling
Turkmenistan,Asia,1990 - 1995,34.7,23.6,0.003,0.002482249253,-0.31988472622478387,-0.17258358233333335,1.8535061209179704,Recessive Decoupling
Turkmenistan,Asia,1995 - 2000,23.6,26.9,0.002482249253,0.002904663311,0.13983050847457615,0.17017390880044714,0.8216918178599699,Expansive Coupling
Turkmenistan,Asia,2000 - 2005,26.9,39.1,0.002904663311,0.008103901996,0.4535315985130113,1.7899625974929385,0.2533749024411112,Weak Decoupling
Turkmenistan,Asia,2005 - 2010,39.1,54.3,0.008103901996,0.022583157895,0.38874680306905357,1.7867017525812638,0.21757789318078835,Weak Decoupling
Turkmenistan,Asia,2010 - 2015,54.3,71.5,0.022583157895,0.035799714286,0.3167587476979743,0.5852395157687931,0.5412463430154197,Weak Decoupling
Turkmenistan,Asia,2015 - 2020,71.5,89.7,0.035799714286,0.045818,0.2545454545454546,0.27984261645121,0.9096021820173128,Expansive Coupling
USA,Unknown,1975 - 1980,4386.8,4742.4,1.6849,2.85731,0.08106136591592948,0.6958335806279304,0.1164953347649283,Weak Decoupling
USA,Unknown,1980 - 1985,4742.4,4576.0,2.85731,4.33898,-0.03508771929824554,0.518554164581372,-0.06766452126861579,Strong Decoupling
USA,Unknown,1985 - 1990,4576.0,4970.5,4.33898,5.96314,0.08621066433566434,0.37431838819261665,0.2303137303831894,Weak Decoupling
USA,Unknown,1990 - 1995,4970.5,5227.9,5.96314,7.63975,0.05178553465446125,0.2811622735672817,0.18418379534859272,Weak Decoupling
USA,Unknown,1995 - 2000,5227.9,5740.7,7.63975,10.251,0.09808909887335263,0.34179783369874656,0.2869798729028994,Weak Decoupling
USA,Unknown,2000 - 2005,5740.7,5873.2,10.251,13.0392,0.02308080896057972,0.2719929762949956,0.0848581065400268,Weak Decoupling
USA,Unknown,2005 - 2010,5873.2,5485.7,13.0392,15.049,-0.06597766124089083,0.1541352230198172,-0.42805051271381406,Strong Decoupling
USA,Unknown,2010 - 2015,5485.7,5137.5,15.049,18.295,-0.06347412363053026,0.21569539504286014,-0.2942766748354434,Strong Decoupling
USA,Unknown,2015 - 2020,5137.5,4462.7,18.295,21.323,-0.13134793187347935,0.16550970210440002,-0.7935965698894669,Strong Decoupling
Ukraine,Europe,1975 - 1980,1e-10,1e-10,1e-22,1e-22,0.0,0.0,,N/A
Ukraine,Europe,1980 - 1985,1e-10,694.4,1e-22,1e-22,6943999999998.999,0.0,,N/A
Ukraine,Europe,1985 - 1990,694.4,761.9,1e-22,0.079523809524,0.09720622119815668,7.952380952399999e+20,1.222353679734372e-22,Weak Decoupling
Ukraine,Europe,1990 - 1995,761.9,423.1,0.079523809524,0.048213856469,-0.4446777792361202,-0.39371797254696117,1.1294322592374944,Recessive Coupling
Ukraine,Europe,1995 - 2000,423.1,335.9,0.048213856469,0.032375083935,-0.2060978492082251,-0.32851079946661876,0.6273700881153756,Weak Negative Decoupling
Ukraine,Europe,2000 - 2005,335.9,315.5,0.032375083935,0.089238865119,-0.060732360821673055,1.7564056759873232,-0.03457763866968475,Strong Decoupling
Ukraine,Europe,2005 - 2010,315.5,288.7,0.089238865119,0.141209,-0.08494453248811414,0.5823710869888118,-0.14585980380194605,Strong Decoupling
Ukraine,Europe,2010 - 2015,288.7,195.1,0.141209,0.091030967789,-0.32421198475926566,-0.35534585055485135,0.9123843271365853,Recessive Coupling
Ukraine,Europe,2015 - 2020,195.1,171.5,0.091030967789,0.156618,-0.12096360840594564,0.7204914305978127,-0.16789041932889973,Strong Decoupling
United Arab Emirates,Asia,1980 - 1985,25.9,47.7,0.04359916005,0.040603650232,0.8416988416988419,-0.06870567723242185,-12.25079026368506,Strong Negative Decoupling
United Arab Emirates,Asia,1985 - 1990,47.7,81.7,0.040603650232,0.050701443748,0.7127882599580713,0.2486917668313935,2.866151417233378,Expansive Negative Decoupling
United Arab Emirates,Asia,1990 - 1995,81.7,114.6,0.050701443748,0.065743666576,0.40269277845777224,0.29668233714929204,1.357319691920639,Expansive Negative Decoupling
United Arab Emirates,Asia,1995 - 2000,114.6,123.6,0.065743666576,0.104337,0.07853403141361257,0.5870273964623788,0.13378256600438856,Weak Decoupling
United Arab Emirates,Asia,2000 - 2005,123.6,159.2,0.104337,0.180617,0.2880258899676375,0.7310925175153589,0.3939664037959281,Weak Decoupling
United Arab Emirates,Asia,2005 - 2010,159.2,213.8,0.180617,0.300189,0.3429648241206032,0.6620196327034553,0.5180583885708275,Weak Decoupling
United Arab Emirates,Asia,2010 - 2015,213.8,265.2,0.300189,0.370275,0.2404115996258184,0.23347291206539894,1.0297194543856798,Expansive Coupling
United Arab Emirates,Asia,2015 - 2020,265.2,248.5,0.370275,0.349473,-0.06297134238310705,-0.05617986631557637,1.1208880781129178,Recessive Coupling
United Kingdom,Unknown,1975 - 1980,636.0,606.5,0.241757,0.564948,-0.046383647798742135,1.336842366508519,-0.03469642267538546,Strong Decoupling
United Kingdom,Unknown,1980 - 1985,606.5,572.6,0.564948,0.489285,-0.05589447650453418,-0.13392914038106157,0.41734365161682174,Weak Negative Decoupling
United Kingdom,Unknown,1985 - 1990,572.6,595.2,0.489285,1.09317,0.039469088368843906,1.2342193200282043,0.0319789908716888,Weak Decoupling
United Kingdom,Unknown,1990 - 1995,595.2,558.8,1.09317,1.34424,-0.06115591397849477,0.22967150580422088,-0.2662755824426299,Strong Decoupling
United Kingdom,Unknown,1995 - 2000,558.8,566.6,1.34424,1.66553,0.013958482462419593,0.2390123787418912,0.058400667513096964,Weak Decoupling
United Kingdom,Unknown,2000 - 2005,566.6,580.2,1.66553,2.54318,0.02400282386163082,0.5269493794768032,0.04555053065146924,Weak Decoupling
United Kingdom,Unknown,2005 - 2010,580.2,527.8,2.54318,2.48548,-0.09031368493622903,-0.022688130608136303,3.9806578380609814,Recessive Decoupling
United Kingdom,Unknown,2010 - 2015,527.8,439.1,2.48548,2.92791,-0.1680560818491852,0.17800585802339985,-0.9441042205874668,Strong Decoupling
United Kingdom,Unknown,2015 - 2020,439.1,320.9,2.92791,2.69781,-0.269186973354589,-0.0785884812033156,3.425272625617712,Recessive Decoupling
Uzbekistan,Asia,1975 - 1980,1e-10,1e-10,1e-22,1e-22,0.0,0.0,,N/A
Uzbekistan,Asia,1980 - 1985,1e-10,95.6,1e-22,1e-22,955999999998.9999,0.0,,N/A
Uzbekistan,Asia,1985 - 1990,95.6,106.4,1e-22,0.013362340338,0.11297071129707126,1.3362340338e+20,8.454410562781705e-22,Weak Decoupling
Uzbekistan,Asia,1990 - 1995,106.4,103.8,0.013362340338,0.013350468917,-0.024436090225563988,-0.0008884237865309033,27.504993220613184,Recessive Decoupling
Uzbekistan,Asia,1995 - 2000,103.8,122.1,0.013350468917,0.013760513969,0.17630057803468205,0.030713906346605147,5.740089718485738,Expansive Negative Decoupling
Uzbekistan,Asia,2000 - 2005,122.1,113.1,0.013760513969,0.014307509839,-0.07371007371007371,0.039751122031654026,-1.854289135571519,Strong Decoupling
Uzbekistan,Asia,2005 - 2010,113.1,106.1,0.014307509839,0.049765676402,-0.0618921308576481,2.4782905594338067,-0.024973718526284525,Strong Decoupling
Uzbekistan,Asia,2010 - 2015,106.1,108.8,0.049765676402,0.086196264755,0.02544769085768146,0.7320424635389046,0.03476258840868326,Weak Decoupling
Uzbekistan,Asia,2015 - 2020,108.8,111.2,0.086196264755,0.060224701297,0.022058823529411818,-0.30130729599270095,-0.07321038628266799,Strong Negative Decoupling
Venezuela,Unknown,1975 - 1980,62.7,95.4,0.027464651163,0.059116511628,0.521531100478469,1.1524581279823773,0.4525380036075756,Weak Decoupling
Venezuela,Unknown,1980 - 1985,95.4,100.0,0.059116511628,0.061965466667,0.04821802935010476,0.04819220486025119,1.0005358644604134,Expansive Coupling
Venezuela,Unknown,1985 - 1990,100.0,112.2,0.061965466667,0.048606952195,0.12200000000000003,-0.21557998657200694,-0.5659152407417476,Strong Negative Decoupling
Venezuela,Unknown,1990 - 1995,112.2,128.2,0.048606952195,0.07738948777,0.14260249554367188,0.5921485358623401,0.24082217029550074,Weak Decoupling
Venezuela,Unknown,1995 - 2000,128.2,142.1,0.07738948777,0.117146,0.10842433697347899,0.5137198006550393,0.21105734455870326,Weak Decoupling
Venezuela,Unknown,2000 - 2005,142.1,153.6,0.117146,0.145513,0.08092892329345532,0.24215082034384447,0.33420875130028255,Weak Decoupling
Venezuela,Unknown,2005 - 2010,153.6,167.4,0.145513,0.393192,0.08984375000000008,1.7021090899094924,0.052783778979041476,Weak Decoupling
Venezuela,Unknown,2010 - 2015,167.4,172.2,0.393192,1e-22,0.028673835125447925,-1.0,-0.028673835125447925,Strong Negative Decoupling
Venezuela,Unknown,2015 - 2020,172.2,71.1,1e-22,1e-22,-0.5871080139372822,0.0,,N/A
Vietnam,Unknown,1975 - 1980,19.8,14.9,1e-22,1e-22,-0.2474747474747475,0.0,,N/A
Vietnam,Unknown,1980 - 1985,14.9,17.4,1e-22,0.014094687821,0.16778523489932873,1.4094687821e+20,1.1904146940334616e-21,Weak Decoupling
Vietnam,Unknown,1985 - 1990,17.4,18.0,0.014094687821,0.006471740806,0.03448275862068974,-0.5408383010542734,-0.0637579819207911,Strong Negative Decoupling
Vietnam,Unknown,1990 - 1995,18.0,27.4,0.006471740806,0.020736164459,0.5222222222222221,2.2041092312867883,0.2369311896204626,Weak Decoupling
Vietnam,Unknown,1995 - 2000,27.4,47.5,0.020736164459,0.031172518403,0.7335766423357665,0.5032923983909845,1.4575555773959552,Expansive Negative Decoupling
Vietnam,Unknown,2000 - 2005,47.5,87.5,0.031172518403,0.057633255738,0.8421052631578947,0.8488482384680686,0.9920563240817427,Expansive Coupling
Vietnam,Unknown,2005 - 2010,87.5,122.8,0.057633255738,0.147201,0.4034285714285714,1.5540982912569392,0.25959012611891,Weak Decoupling
Vietnam,Unknown,2010 - 2015,122.8,181.9,0.147201,0.239258,0.48127035830618903,0.625382979735192,0.7695610112542157,Weak Decoupling
Vietnam,Unknown,2015 - 2020,181.9,285.0,0.239258,0.346616,0.5667949422759757,0.4487122687642628,1.2631590035122247,Expansive Negative Decoupling
