Countries,Region,Start_Year,End_Year,ΔTotal,Δtotal_CE/energy_consumption,Δenergy_consumption/GDP,ΔGDP/Population,Δbuilt_surface/Population,Δcement_CS/built_surface
Algeria,Africa,1975,1980,-26.73514762304069,-2.5995604609483465,-5.2779853748365095,71.11830558720986,7.890033025552148,-97.86594040001785
Algeria,Africa,1980,1985,1.6620863736425662,1.3702993768698086,5.26583580997088,10.920952312069327,6.494849574819282,-22.389850700086797
Algeria,Africa,1985,1990,-6.010294841302027,-4.113439210058753,8.32494191629112,-5.315407528575448,4.876663903254361,-9.783053922213233
Algeria,Africa,1990,1995,-13.021165450168468,-0.19095635722395687,24.681682992255006,-31.52401697020293,0.915694120930122,-6.9035692359267395
Algeria,Africa,1995,2000,-9.595745337017952,0.23320791771782817,-16.189702187518986,9.912026789104637,-0.7043549067197282,-2.8469229496016837
Algeria,Africa,2000,2005,5.619701147665637,0.24955952351453642,-23.08998077277389,29.595722256789397,-1.008144848207039,-0.12745501165734419
Algeria,Africa,2005,2010,-18.722983654479222,1.1499548623448808,-13.76633584367665,17.77907925117121,-0.07812188446202015,-23.807560039856654
Algeria,Africa,2010,2015,0.9239831821713409,-1.012263177034139,9.704441195080324,-1.5119360949050709,0.7022139613236041,-6.958472702293386
Algeria,Africa,2015,2020,4.05575744012981,-0.8839238485388045,6.574145487447707,-8.083783044611446,1.347950059117906,5.101368786714451
Argentina,Americas,1975,1980,-317.48636494573384,-18.6806039799914,42.02175572404682,-21.07924127546064,5.100309537819313,-324.84858495214775
Argentina,Americas,1980,1985,-46.27461318314363,-10.043397503981604,-5388.527851876528,5381.806489577048,2.1722357528854936,-31.68208913256667
Argentina,Americas,1985,1990,-9.261416801742172,-0.7315727626464806,-34.384179768120354,33.7274890799999,1.6006449416934634,-9.473798292668752
Argentina,Americas,1990,1995,20.01356816780097,-2.7234868290877983,-36.38713677220079,48.33113048719895,-1.4447077423453658,12.237769024235975
Argentina,Americas,1995,2000,-18.48578103760586,-0.8164184931761909,1.123085139755362,3.43605572466745,-2.0456426912309085,-20.182860717621605
Argentina,Americas,2000,2005,6.762563495084848,-1.9314664367292769,41.26039882662165,-35.20815982384455,-0.10783895681063282,2.7496298858477184
Argentina,Americas,2005,2010,-39.41784628589182,1.9635711004519256,-43.78046099451502,48.280251195347134,-0.7108949232430467,-45.17031266393286
Argentina,Americas,2010,2015,38.841085671304434,0.9876129208657437,-14.693061783826614,19.10105487825242,0.45155430508139793,32.99392535093149
Argentina,Americas,2015,2020,-9.838839282782658,-2.2381220719748525,24.74955118005415,-40.464478121852075,1.0633753433847015,7.05083438760539
Australia,Oceania,1975,1980,24.440513472182147,0.6677815328231794,-53.41968257679454,71.83396894326545,-6.987885309104184,12.346330881992122
Australia,Oceania,1980,1985,3.539894235119476,-0.31127873078567697,-30.16677663182552,23.353671427269653,-8.195674009665199,18.859952180126207
Australia,Oceania,1985,1990,23.896204675166587,0.6717966147213025,-83.3193284344665,101.96701449768992,-8.650303609392823,13.227025606614767
Australia,Oceania,1990,1995,27.585062460463774,0.2261498176345941,-13.570930300626175,27.773755997916247,-5.9024177455406175,19.058504691079644
Australia,Oceania,1995,2000,8.264957296135151,5.566887699230477,-0.13313997324271354,17.635391370009437,-9.547869199276303,-5.25631260058569
Australia,Oceania,2000,2005,-43.23091285492379,-0.5797166336669959,-106.47086641785762,111.15064231842723,1.8294992390594251,-49.1604713608858
Australia,Oceania,2005,2010,-31.274146545664564,-3.718292516239236,-90.11398233216863,85.69728527546076,5.213465391501626,-28.352622364219158
Australia,Oceania,2010,2015,-35.5841594176114,-8.13729498559308,-17.677950647811304,14.704049513412059,0.7641648535132586,-25.237128151132264
Australia,Oceania,2015,2020,-15.937280745985419,-10.017361037413952,0.8147468864576304,-13.354948778470556,-3.5287313203134785,10.149013503754901
Austria,Europe,1975,1980,0.9283428866945584,-3.0467831950613014,-31.405496376644518,39.13275778065108,-4.620635904605222,0.8685005823545026
Austria,Europe,1980,1985,-0.729485352525046,-2.5263636639029463,8.17562467012425,-9.23324768637895,-4.067136393198545,6.921637720831154
Austria,Europe,1985,1990,-4.985260414271977,0.21927565181422148,-41.98173328702673,44.28718900066239,-2.985592778303196,-4.524399001418639
Austria,Europe,1990,1995,-6.614433132371403,-1.6772945484382056,-12.924236156636988,15.315637754784314,-2.202924280455063,-5.125615901625456
Austria,Europe,1995,2000,-4.580175730326822,-1.0389020626251033,10.670860047382899,-8.345126664879238,-2.8677528101568326,-2.999254240048548
Austria,Europe,2000,2005,2.87756932776864,3.151827299149005,-15.29687336586519,17.45754541402524,-1.6554591372967273,-0.7794708822436952
Austria,Europe,2005,2010,-4.435212054772791,-3.266791418681789,-8.808667549370766,7.674307437857979,-1.9287044540022895,1.8946439294240547
Austria,Europe,2010,2015,-3.555677937817478,-1.8022572133760213,-1.2006581481763723,-2.049716696025671,-0.9584988946975415,2.455453014458147
Austria,Europe,2015,2020,-1.8306118583681439,-2.841455586472991,-3.6924310753530354,3.144162737085539,-0.5252046347908172,2.084316701163156
Azerbaijan,Asia,1975,1980,-3.1860209034671164e-11,0.0,0.0,-4.4595545460241335e-11,1.53409549509577e-11,-1.7324896951603412e-12
Azerbaijan,Asia,1980,1985,269.8573500309963,40.95411597824638,229.35584393188788,-0.7973559089109618,0.2892653434690833,0.05548068630397026
Azerbaijan,Asia,1985,1990,6.957065803750595,-6.63365323584151,-12527.078152447193,12534.636913346138,6.543677315789347,-0.5117191751405512
Azerbaijan,Asia,1990,1995,103.15213461910173,21.89329612556142,266.67079221328476,-446.2699775504551,-14.381538410397672,275.23956224110844
Azerbaijan,Asia,1995,2000,-177.67433205958832,-10.735541413265182,-273.1491073610772,206.7747423113707,-16.862737535589893,-83.70168806102691
Azerbaijan,Asia,2000,2005,-132.15139200954837,-8.11028313186157,-87.08322640332163,109.71306743347644,-7.051897703631993,-139.61905220420968
Azerbaijan,Asia,2005,2010,-26.888876033074688,-2.3968724706361377,-91.8035484729487,72.79993414622376,-0.9764657389046086,-4.511923496808962
Azerbaijan,Asia,2010,2015,11.31623300498574,1.0797534802220066,14.38056200898801,-2.9456191520582755,-1.0648376495292255,-0.13362568263679186
Azerbaijan,Asia,2015,2020,8.517453084132981,-1.4615985150861857,16.455325257612294,-15.424373982880217,-1.4689471246113999,10.417047449098495
Bangladesh,Asia,1975,1980,-187.44879165000134,-14.152862833807555,107.6866452771111,-36.12048577957824,-40.92277409263454,-203.9393142210922
Bangladesh,Asia,1980,1985,63.49455490760697,-6.11399594424948,9.05480558048969,10.356548140812285,-33.379970370564095,83.57716750111867
Bangladesh,Asia,1985,1990,-131.51681746219896,-9.785977631074227,11.15756964559996,23.589810016828125,-21.542228669844217,-134.93599082370864
Bangladesh,Asia,1990,1995,-9.03501747701624,-0.6674661431910461,7.83369342083763,3.7369633510862283,-1.1208519807703674,-18.81735612497868
Bangladesh,Asia,1995,2000,-19.518075340871942,0.7405368684769958,-3.062604784426784,6.745760743920617,-0.9408913035530809,-23.000876865289694
Bangladesh,Asia,2000,2005,-6.091808075461827,1.6767831290080741,0.9758894868356898,2.6995969262169,-0.25971065779485836,-11.184366959727631
Bangladesh,Asia,2005,2010,-1.8900087972674928,0.5390991970840227,-2.5871431986702462,5.203405505439372,-0.7198812223159574,-4.3254890788046865
Bangladesh,Asia,2010,2015,-0.06006185245501072,0.8035567573835959,-0.9631221224791784,4.8781566922763675,-0.5439212310596818,-4.234731948576117
Bangladesh,Asia,2015,2020,6.6768326607093105,0.32772696771403753,-6.481065039112743,8.003027668761995,-0.6054116146397887,5.4325546779858085
Belarus,Europe,1975,1980,-1.10818116705537e-11,0.0,0.0,-5.6578055855003595e-12,-7.044171437649806e-12,1.92386232743362e-12
Belarus,Europe,1980,1985,166.86831286856506,24.96149652437634,142.18083034287147,-0.20557665404037004,-0.17265797622609239,0.10422063158369163
Belarus,Europe,1985,1990,-2.9743555582578836,-16.63649202008351,22.08297801604341,-3.5160566845682597,-6.320462898033631,1.4156780283840902
Belarus,Europe,1990,1995,-5.194043107643125,17.229559437658743,-7581.948144781581,7481.21172346179,-14.747700072444017,93.06051884693268
Belarus,Europe,1995,2000,-23.54468634632721,-10.017512994035085,16.776537386840996,-10.440287723287963,-16.18176502898357,-3.681657986861575
Belarus,Europe,2000,2005,-23.326443541195886,-2.4008022875584554,-93.63550473646777,110.29779530852437,-11.285090900305486,-26.30284092538853
Belarus,Europe,2005,2010,-38.315589995806334,0.8911689382172189,-51.460937284217565,60.075469635957795,-7.069766805350734,-40.7515244804131
Belarus,Europe,2010,2015,-5.350039145261178,0.572117802526592,-8.670898902311672,-0.7977443103606295,-3.9699953674934036,7.516481632377962
Belarus,Europe,2015,2020,2.060378006508543,-3.4969430302563085,-0.9082356067559962,6.373571025399856,-3.383433792924273,3.475419411045252
Belgium,Europe,1975,1980,-5.666498901223619,-1.9734472844079187,-73.13167025039378,84.303469154517,-10.048790076098632,-4.81606044484022
Belgium,Europe,1980,1985,-4.747652707759769,-16.80388588087394,42.85210980005865,-47.80401765303318,-9.776655672279675,26.784796698368368
Belgium,Europe,1985,1990,-10.18531990227089,-3.641050891391293,-85.50479271269874,99.78540297658363,-7.348999809202267,-13.475879465562244
Belgium,Europe,1990,1995,-14.161869951206072,-6.100651704799008,-27.233305711502208,33.53615573684227,-9.174125587381875,-5.189942684365261
Belgium,Europe,1995,2000,8.604395530949432,-4.697238165991448,30.27162240493317,-21.04303502262788,-8.94318232263189,13.016228637267462
Belgium,Europe,2000,2005,-5.471936726899216,-1.6048681761646806,-48.83041479359231,48.095332190661836,-5.387201368832766,2.255215421028785
Belgium,Europe,2005,2010,-12.342954146695504,-2.9192981306689343,-19.844550695414867,17.202180382953568,-3.0319889146853862,-3.7492967888799456
Belgium,Europe,2010,2015,-15.527005398466116,0.10252315177197702,-8.67651284089097,-5.9795151375861675,-2.2649929159570252,1.291492344196081
Belgium,Europe,2015,2020,-11.614051881066565,-6.549607173112555,-8.04190217467429,7.0568390626615844,-1.045094448583525,-3.034287147357788
Brazil,Americas,1975,1980,-9.28557163267427,-5.087563511145738,15.321549840973043,-4.9399605124372306,1.0490654123994478,-15.628662862463786
Brazil,Americas,1980,1985,-0.8082985482098124,-6.498547431241357,6.458500880391384,-4.151620593610086,0.903328523080348,2.4800400731699024
Brazil,Americas,1985,1990,6.3967770838926725,-0.9171088359559356,-1971.5416612997237,1972.9568634448683,0.5625344509518158,5.3361493237522115
Brazil,Americas,1990,1995,9.51651159592079,0.2742751272613843,-23.456741034313296,29.109557155464845,-1.6398695561542105,5.229289903662062
Brazil,Americas,1995,2000,-7.122590081488816,1.1275806647369961,17.997155658272135,-11.40291410131795,-1.861585959749374,-12.982826343430617
Brazil,Americas,2000,2005,9.55660581264602,-0.6100306694782379,-10.896149173376019,12.393120333967508,-0.24373007197979846,8.913395393512587
Brazil,Americas,2005,2010,-12.919803392957114,-1.8660893871209145,-33.5548104942688,41.37200282533836,-0.7249756257694523,-18.145930711136316
Brazil,Americas,2010,2015,2.2125898828660553,3.7925558722080814,13.048975063527491,-10.686708010887726,-0.6449357091544038,-3.2972973328274
Brazil,Americas,2015,2020,-6.4392490236214925,-6.4173271444782705,6.73287343798259,-9.752650941316679,-0.2163582799746934,3.2142139041655735
Bulgaria,Europe,1975,1980,-3.030689186518316,-5.48043955721914,-4212.472853164883,4231.986292361823,-4.244452165322441,-12.819236660916056
Bulgaria,Europe,1980,1985,-6.563236987225878,-4.140461804742276,12.463521775385116,-13.416314072236313,-4.194651551887685,2.7246686662552295
Bulgaria,Europe,1985,1990,-8.606394865491467,-7.687925637848223,-17.043650639340445,16.55860484474458,-6.624921415563946,6.191497982516571
Bulgaria,Europe,1990,1995,-5.274257579108323,-4.018208324996627,-6.720911523365173,-3.304391054754372,-7.676434123880442,16.44568744788832
Bulgaria,Europe,1995,2000,36.54035707582236,-6.6020342295875425,11.302903515319288,-28.40613927225815,-8.250352817395084,68.49597987974383
Bulgaria,Europe,2000,2005,-24.223410055640116,1.94588644448433,-67.28558049570266,81.21646571839133,-11.203523609848613,-28.89665811296446
Bulgaria,Europe,2005,2010,-12.210338235405786,3.897942246952295,-47.9589813887238,42.2145807823436,-6.739743197060759,-3.624136678917184
Bulgaria,Europe,2010,2015,2.4783019926828445,-3.8456572613468385,4.3877195230403165,2.159989281255178,-5.797152310150662,5.5734027598848535
Bulgaria,Europe,2015,2020,-26.488897960943305,-5.365452307478515,-26.8545475044994,20.51216674125601,-4.799568325691199,-9.981496564530218
Canada,Americas,1975,1980,-4.576381575162372,-13.32382430852112,-55.99906493121686,77.92809482761318,-0.8838657044669554,-12.297721458570537
Canada,Americas,1980,1985,-9.506010557103536,-26.657973385130855,-44.347853332444146,44.38324204277479,-1.3317196644746214,18.448293782171245
Canada,Americas,1985,1990,4.517033923293184,8.649587629936274,-81.46533884016195,78.11029450915655,2.1918364480126877,-2.969345823650344
Canada,Americas,1990,1995,38.856939442927626,-12.133193798032465,20.833349734851527,-8.338317732543903,-4.0203372627745875,42.5154385014271
Canada,Americas,1995,2000,-62.04951704754055,9.151284439965089,-25.451458103186393,31.269497510995848,-5.676837568890433,-71.34200332642457
Canada,Americas,2000,2005,11.885855640406533,0.11798785283364607,-71.24058730201226,69.53622811749898,-1.638261312175255,15.110488284261379
Canada,Americas,2005,2010,-18.787298789766055,-1.0160129058192469,-55.87219981389967,45.059417028834915,-1.1028902560603793,-5.855612842821757
Canada,Americas,2010,2015,-5.245562651164022,-6.003334385030542,17.266207238064958,-13.61478200266384,-0.7586870897100044,-2.1349664118244904
Canada,Americas,2015,2020,-41.65295122871282,-8.354263315396816,-15.708584341641792,-0.1709922156758056,4.012283044679018,-21.431394400677515
Chile,Americas,1975,1980,1.654170748797,-1.8348891555196738,-83.42971565691826,95.05794653409777,0.7257509382699218,-8.864921911132745
Chile,Americas,1980,1985,-6.960762479250718,-8.363461726195359,37.69793616619349,-41.08833559682668,0.6652003730975455,4.127898304480241
Chile,Americas,1985,1990,15.147340177284988,8.732298348459116,-22.154800073648417,41.830701430324574,1.4391391479059135,-14.699998675756207
Chile,Americas,1990,1995,-16.87246072246647,-8.840596352261528,-29.49976511561833,54.28880145718058,-0.5180733759688644,-32.30282733579834
Chile,Americas,1995,2000,1.4081286814574554,-0.4850068310677709,14.595776226738117,0.11460736132467261,-1.3436784567803737,-11.473569618757193
Chile,Americas,2000,2005,6.309266633056566,-0.785210296066664,-21.234191039491396,28.288167239322156,-2.754046951376778,2.7945476806692793
Chile,Americas,2005,2010,6.8552629847700075,11.073863156040664,-43.848567506569516,41.132206744712065,-2.9249542117396587,1.4227148023264191
Chile,Americas,2010,2015,10.014928696321249,2.5734990007941208,1.5721200631753387,5.301676635005626,-1.8647500540744957,2.4323830514206843
Chile,Americas,2015,2020,-32.2902312803919,-6.846748028736644,1.3640115235291683,-2.2631942836795833,3.597043163856078,-28.14134365536091
China,Asia,1975,1980,-119.32257215223808,-2.386245390010625,17.496170914302546,13.475152030139128,-18.863099926934602,-129.04454977973444
China,Asia,1980,1985,-11.268190535016487,-2.0257422779025576,-22.754607814896634,39.20303474634838,-13.280224804734138,-12.4106503838316
China,Asia,1985,1990,-7.315948287938198,-1.5729627612959258,8.716134708041837,6.557033497371922,-10.858608820907211,-10.157544911148788
China,Asia,1990,1995,-29.015462376281185,-0.035585530887260186,-29.602351053914493,43.29419151818496,-7.820866157733812,-34.850851151930584
China,Asia,1995,2000,-10.594503392495298,-1.4332669812360552,-17.564855421804033,21.55815111603628,-6.2829824669971925,-6.871549638494291
China,Asia,2000,2005,3.5435586473171625,1.0947152011397834,-2.5330406551459497,26.64860317849281,-4.840077855201126,-16.826641221968348
China,Asia,2005,2010,-12.435149979084052,-1.3297749966218484,-25.874751645575277,37.6136737514498,-4.898485537607274,-17.94581155072944
China,Asia,2010,2015,-3.879132841769806,-2.1619480936883346,-12.857797580593163,17.87727927804653,-3.479096877058978,-3.257569568475854
China,Asia,2015,2020,-1.4661340992563794,-1.9467166776520504,-3.3772143002707344,7.555219020184484,-2.5915749781384325,-1.1058471633796565
Colombia,Americas,1975,1980,-8.089786843704701,-4.469012975546783,-34.25020807200249,38.808638062896016,0.6843955224780949,-8.863599381529536
Colombia,Americas,1980,1985,-3.0755855137967387,-1.0838856401224082,3.8107377814516017,-2.907550961253983,0.8665564005316679,-3.7614430944036226
Colombia,Americas,1985,1990,-7.3806266377875005,-5.3861077989038195,-6.318768174830611,7.60784591077942,0.6336350489867534,-3.917231623819241
Colombia,Americas,1990,1995,4.677699324173332,2.152838873000671,-14.273626294568158,19.62685694425312,0.5056763296029061,-3.3340465281152047
Colombia,Americas,1995,2000,12.68525998373616,-0.49154834124949764,-4.842879052346501,-0.4176637165214693,0.19811229594499496,18.23923879790864
Colombia,Americas,2000,2005,-12.177437140222182,-4.242033737654062,-13.845453530482972,13.24462639140107,1.0306915270789074,-8.365267790565113
Colombia,Americas,2005,2010,7.090579709560295,5.58668441150844,-17.93622734916497,25.512800991865323,0.374649928702697,-6.447328273351208
Colombia,Americas,2010,2015,-13.92913313602121,-0.0585813691773737,3.9280550933486134,-0.9776269197347563,0.0884852221994821,-16.909465162657174
Colombia,Americas,2015,2020,6.266085557908436,-1.4754850243220194,4.8899030734197115,-5.451462767141986,1.232952683549873,7.07017759240285
Croatia,Europe,1995,2000,-14.235423089101232,4.4650252227913665,9.143675829130244,0.34297435653915215,-8.785317508447823,-19.401780989114172
Croatia,Europe,2000,2005,-16.60324221836956,3.377705070662567,-37.06330212130207,45.942051628213235,-6.326586828379814,-22.533109967563433
Croatia,Europe,2005,2010,5.243926066393442,-5.138899861228366,-15.03593437228719,15.22818197474263,-3.8545968435523963,14.045175168718732
Croatia,Europe,2010,2015,20.528116055477966,1.2494467739688004,-1.6700433952035616,-8.310277628143103,-5.57080619659387,34.829796501449735
Croatia,Europe,2015,2020,-33.731153980667955,-5.101109696005661,-8.062168541452976,10.367172608336181,-5.135561022801388,-25.799487328744117
Cyprus,Asia,1975,1980,-8.264580197014773,-0.5959467823789107,-19.554496314493974,23.41851815796177,0.04201536411125513,-11.57467062221491
Cyprus,Asia,1980,1985,11.883327937170368,1.1545266720966636,1.8345817278512893,0.8295265607025596,0.4791727091831775,7.585520267336684
Cyprus,Asia,1985,1990,18.369816966687463,-0.26148411769068103,-16.298057373115665,24.88475380241292,0.9582348406538567,9.086369814427021
Cyprus,Asia,1990,1995,33.235829387553906,2.3940491620095825,-18.72045305112958,28.08164762680225,-3.6397481772762275,25.120333827147856
Cyprus,Asia,1995,2000,-25.00895834597518,-1.464528136026955,12.2612449330728,-5.621213153985384,-2.8783479799496248,-27.30611400908599
Cyprus,Asia,2000,2005,-17.098414818784576,-0.691420443415664,-18.70816934520415,21.959934568410613,-0.3018635029969401,-19.35689609557842
Cyprus,Asia,2005,2010,-0.2616596833396727,0.8388270266579944,-14.090451042402561,8.485051499571783,-0.2669526679902346,4.771865500823334
Cyprus,Asia,2010,2015,25.316004762227188,-3.2924565687435456,7.782823368689997,-13.963712638274998,-1.2988320973105383,36.088182697866266
Cyprus,Asia,2015,2020,-39.32397517832613,0.9434701127055952,-11.90382215071282,7.000705992725961,0.29125238119667407,-35.655581514241526
Czechia,Europe,1975,1980,-2.584249505945934,-2.352005105186584,7.190961802156724,-3.1502602021986945,-5.616759287358295,1.34381328664088
Czechia,Europe,1980,1985,7.318076431327654,-2.6569575054914996,1.7686347697353375,-0.4241074629638601,-8.07640956070336,16.706916190751052
Czechia,Europe,1985,1990,-22.67932215168082,-10.025722480768959,-5947.369968877311,5929.7041906560535,-7.662981645433188,12.675160195778526
Czechia,Europe,1990,1995,10.106956272617978,-6.88271448979483,-60.45177004492936,46.43793518175897,-8.33302874905035,39.33653437463353
Czechia,Europe,1995,2000,-4.628134800335246,-3.0264530075135814,-6.170224707174981,4.20941193887223,-9.008533325991785,9.367664301472805
Czechia,Europe,2000,2005,-18.139535882548614,-10.472008134745444,-77.87472881480296,88.19568608069783,-7.092094602669586,-10.896390411028383
Czechia,Europe,2005,2010,-9.531976620169615,-4.512540968704074,-41.704117897598124,38.21256536102401,-3.231460007987604,1.7035768930961241
Czechia,Europe,2010,2015,-19.8116681365764,-2.8222847203074464,1.2702374771792782,-9.193612249322351,-4.079328855427887,-4.9866797886979635
Czechia,Europe,2015,2020,-19.670347179443873,-5.538242897940415,-20.3010032312996,15.664033169376202,-2.4757105247496063,-7.01942369483045
Denmark,Europe,1975,1980,31.393976400549334,7.845008910319883,-60.5026931518429,71.94212448141049,-8.061480731000954,20.171016891662795
Denmark,Europe,1980,1985,10.915570204830658,3.011692638524322,8.01527411304724,-19.0162096525594,-10.939957840766654,29.844770946585236
Denmark,Europe,1985,1990,-23.16145693650202,-7.3406390875800485,-125.05942041129362,114.62354415394317,-8.895929481500382,3.510987889928792
Denmark,Europe,1990,1995,2.689977501435976,-3.822523234044307,-14.197299873486825,37.17092573600413,-6.819634057275535,-9.641491069761441
Denmark,Europe,1995,2000,-26.859263775930728,-11.59896889374683,10.46695050523681,-17.223121617371017,-5.703701486276333,-2.8004222837734023
Denmark,Europe,2000,2005,-9.652253668066038,-7.221669265222178,-54.093122017146804,48.737819287884676,-5.433903669805794,8.358621996224004
Denmark,Europe,2005,2010,0.061952571900533826,-3.3623269886729763,-19.83184523457033,17.475097633052737,-4.215557152619022,9.99658431471021
Denmark,Europe,2010,2015,-36.93653468017439,-14.845656984530926,-7.796319626714124,-6.964895056459531,-2.70567633930144,-4.623986673168409
Denmark,Europe,2015,2020,-28.01983842453369,-9.355982120370664,-13.588964044422548,6.456137585164555,-0.43869917172069095,-11.092330673184327
Ecuador,Americas,1975,1980,-10.258455227044585,3.704620974245976,-11.35455628981762,28.631002228830063,0.4363842356980898,-31.675906376001095
Ecuador,Americas,1980,1985,10.76127916813595,-4.9858702930276975,20.223338828093716,-6.988047950204865,0.49412628188369107,2.017732301391099
Ecuador,Americas,1985,1990,-7.451041619693839,-0.6964228180678061,16.851848897509583,-10.238144256176565,0.5160178708974369,-13.88434131385648
Ecuador,Americas,1990,1995,2.7055228298246234,0.9002533708642378,-12.662478201127202,15.00712377526519,0.9643827386455097,-1.5037588538231244
Ecuador,Americas,1995,2000,-3.1156007755819175,-2.6021876440468574,16.743933402237033,-16.886587370661037,0.5022711526411252,-0.8730303157521629
Ecuador,Americas,2000,2005,5.311022245659601,2.723849144485668,-28.134132965201612,30.760762923876296,0.7103126481622891,-0.7497695056630421
Ecuador,Americas,2005,2010,-9.67096184557905,-0.7418430292639134,-10.204327155128063,17.193847121130613,0.63408010045603,-16.55271888277373
Ecuador,Americas,2010,2015,-2.297780977634261,-1.2982118606833835,-5.34247640121286,9.217138357493033,0.5834412801888151,-5.457672353419865
Ecuador,Americas,2015,2020,0.8265740186875661,-7.349955777219722,-0.5171229554494013,-3.1299026708528386,1.5251381268608313,10.298417295348708
Egypt,Africa,1975,1980,38.14639708598333,-1.7791357429941936,-6.424754348294295,32.85019038610141,-1.1723446472678516,14.672441438438309
Egypt,Africa,1980,1985,-18.595200024614954,3.54858062800813,-11.439740945405886,34.89919583816106,-1.62021814057386,-43.98301740480445
Egypt,Africa,1985,1990,-12.03317774491969,-0.8663281811774199,5.070618873650128,-2.35933460589042,-1.3857799570911025,-12.49235387441083
Egypt,Africa,1990,1995,-17.135199042409752,-1.6861392871741936,-10.388774551678221,10.349412226280405,1.056162451427113,-16.465859881264883
Egypt,Africa,1995,2000,-3.7880556980923004,0.16806653452754827,-9.040905919382,14.697554521685475,0.1736130749493168,-9.786383909872622
Egypt,Africa,2000,2005,5.8929773123979245,-1.4808171669583032,11.872926152876323,-7.9513237995234745,0.9295730410998564,2.522619084903494
Egypt,Africa,2005,2010,-12.245427592539944,-0.010335965871642865,-22.2278612658108,27.256632449502597,0.32572684402175855,-17.589589654381843
Egypt,Africa,2010,2015,-1.1276385873185468,0.38575310812108166,-9.077483290467482,8.240191617538686,0.0632790004881066,-0.7393790229989425
Egypt,Africa,2015,2020,2.9715325225786664,-0.2852286833650798,-4.085917428854182,1.6724957578656576,-2.355034910573244,8.025217787505513
Estonia,Europe,1975,1980,-4.248027871289502e-11,0.0,0.0,-2.4601504196208065e-11,-2.977648223654235e-11,1.3061879493491907e-11
Estonia,Europe,1980,1985,274.14079954203197,46.24498595023694,228.36030319914002,-0.35321213482587066,-0.3557983576060758,0.2445208850869977
Estonia,Europe,1985,1990,4.030549231660643,-0.532053195899924,18.62398872417095,-7.201658165766774,-10.852741636221111,3.9930135053774167
Estonia,Europe,1990,1995,52.15539649128476,14.968123140010103,-13958.52224536949,13761.442134408353,-38.8477907081937,273.1151750206049
Estonia,Europe,1995,2000,56.41725205152551,-16.16521437305334,-117.60048176395146,93.51246166683832,-24.044120184778407,120.71460670647045
Estonia,Europe,2000,2005,-180.8823077134871,-2.5897061300808457,-220.5341481930685,269.42748262612685,-18.53151166141353,-208.65442435505116
Estonia,Europe,2005,2010,191.5034062198113,4.251069306261809,-58.92557712784407,99.6781531167516,-15.084459272616149,161.58422019725805
Estonia,Europe,2010,2015,-136.61843435559462,-16.25401008499022,-64.31524789879711,55.53408829782241,-15.335395861458414,-96.24786880817128
Estonia,Europe,2015,2020,-144.64282236814796,-23.067282387546197,-87.28106284995899,54.20237041036196,-5.225006919141881,-83.27184062186286
Finland,Europe,1975,1980,40.0522760159717,-3.3026986180709206,-57.70939815440867,89.77378440719406,-8.588322825241265,19.87891120649849
Finland,Europe,1980,1985,-9.268829521807788,-26.287746573355538,6.810499606730333,2.614476290992101,-7.05231525243371,14.646256406259043
Finland,Europe,1985,1990,-3.6823568696846394,-7.332214971057136,-132.29051413892176,148.92363163165112,-7.60795053047365,-5.375308860883239
Finland,Europe,1990,1995,55.38392893788719,-2.8086543591035507,16.2499672939662,-14.398704977641446,-10.586474362151655,66.92779534281772
Finland,Europe,1995,2000,-55.98935708121985,-12.92212193071962,25.339786690803233,-14.273838815710668,-12.171893647921943,-41.961289377670845
Finland,Europe,2000,2005,-10.58739873150705,-1.5954484327262342,-75.60094016658573,73.51475571075166,-7.08215598381776,0.17639014087100416
Finland,Europe,2005,2010,-3.7126638829626586,8.225506764895473,-23.55688399697993,25.920681420077106,-5.432146611812081,-8.869821459143319
Finland,Europe,2010,2015,-44.28732542560208,-27.796039518154682,-8.078193224780552,-10.218690058979986,-4.074722973131561,5.880320349444827
Finland,Europe,2015,2020,-24.911636361700374,-13.896899762414952,-17.060867776711575,12.383797917914587,-3.1039732421060795,-3.233693498382376
France,Europe,1975,1980,2.0949943584218573,-7.78624641148133,-53.250041228517546,64.53190333847684,-5.369711069807472,3.9690897297514085
France,Europe,1980,1985,-14.141018263547977,-26.549377767548798,26.365680250830522,-25.033105603519893,-4.400988067946915,15.476772924637087
France,Europe,1985,1990,-7.769240686672873,-11.641754027467849,-61.23062716872524,67.44668491781619,-3.6941303931633858,1.3505859848673827
France,Europe,1990,1995,5.426587983283142,-9.15115262753543,-12.567947572490114,17.097095818783618,-4.953461810810607,15.002054175335692
France,Europe,1995,2000,-2.7114480375810217,-0.6290981165968909,19.765054979614654,-15.29127911668104,-5.0033527876122506,-1.5527729963055235
France,Europe,2000,2005,-5.2871323225776194,0.5862513844267518,-36.9121981347333,35.12447046780695,-2.87474599082027,-1.2109100492577731
France,Europe,2005,2010,-8.035614339783649,-2.039881660380528,-17.32358238933192,11.506682382890913,-3.055741155835391,2.8769084828733043
France,Europe,2010,2015,-12.911988264234836,-5.74727314442047,0.8779074530442745,-6.529908601122397,-2.4920281710769134,0.9793141993406366
France,Europe,2015,2020,-15.987120393643366,-3.303100644625156,-10.28656861018525,3.2018822176014816,-1.3054488563647337,-4.293884500069694
Germany,Europe,1975,1980,-3.5594890187910835,-9.360035703540436,-73.64709015664891,90.4561181418321,-10.023710250663104,-0.9847710497706366
Germany,Europe,1980,1985,7.407054510401451,-5.855193491198054,37.548028036381176,-34.77768047761497,-10.11824411977387,20.610144562607108
Germany,Europe,1985,1990,-4.455996318863612,-1.8981664082130751,-126.23819263081269,119.85760972155953,-5.624859093972694,9.447612092575245
Germany,Europe,1990,1995,-33.02275546986752,-8.585764868446473,-51.62802974488546,41.93603105514522,-6.492264285462429,-8.25272762621836
Germany,Europe,1995,2000,-2.9154078660447738,-4.473433350115819,29.394592922061072,-29.704403415379993,-7.492261261693974,9.360097239083924
Germany,Europe,2000,2005,4.757502584021395,-2.8085216437386125,-39.89320010704663,38.9189705439083,-5.911679937765306,14.451933728663688
Germany,Europe,2005,2010,-13.631517850974191,-2.342367665604603,-20.495649371660324,18.376077411215068,-6.661606582354389,-2.5079716425699248
Germany,Europe,2010,2015,-8.258283833118071,-1.6187982239541003,-0.44224169808455455,-0.9987808448195493,-4.860034428514522,-0.3384286377453897
Germany,Europe,2015,2020,-27.417466380369554,-8.95368539532343,-16.562016073374302,8.923168667513538,-1.626484776857812,-9.198448802327505
Greece,Europe,1975,1980,-19.107224543257395,-2.5673907955932584,-23.270680492806342,21.554063033932643,0.4121389560713509,-15.235355244861776
Greece,Europe,1980,1985,0.44791400491650535,0.621855692036219,7.229616391296451,-5.264625837304333,-0.5277386008109323,-1.6111936403009088
Greece,Europe,1985,1990,19.164758338421457,1.7552431499044687,-16.203833067091953,24.12322644889335,-0.7814068012026084,10.271528607918206
Greece,Europe,1990,1995,15.212941299860091,-0.8850110460906128,-12.305337646906853,15.793537795321672,-2.5815049447347858,15.191257142270636
Greece,Europe,1995,2000,-7.1290342353531955,-0.9151793954931786,11.946159843104063,-4.0362898485528165,-3.40801197842918,-10.71571285598206
Greece,Europe,2000,2005,-4.89702692345633,-1.1491185523586682,-29.06225919060121,31.883116652351834,-2.365576258797754,-4.203189574050524
Greece,Europe,2005,2010,1.1156420760216008,-3.247751587391075,-11.71474633488168,8.310059510950408,-2.4402931918411195,10.208373679185044
Greece,Europe,2010,2015,20.53239054652625,-3.6526048503983066,13.270600313205618,-23.172852286111596,-4.796454823121214,38.883702192951766
Greece,Europe,2015,2020,-21.12236545715541,-9.289806014936424,-4.476727386864606,-1.5436688212983927,-2.3283147686661034,-3.483848465389897
Hong Kong,Asia,1975,1980,-57.66626687964752,-0.5232778712054209,-96.55382237693715,124.76772058811532,3.417887170828076,-88.77477439044836
Hong Kong,Asia,1980,1985,4.073428206574775,12.71729110884282,4.240488604660198,15.108154311375174,-4.532425598001353,-23.46008022030212
Hong Kong,Asia,1985,1990,22.26639053450205,0.5612920269985574,-53.7812875753363,88.55554084785066,-10.514677880349172,-2.5544768846616224
Hong Kong,Asia,1990,1995,-48.309505999667024,-3.038575897468992,-39.84815678575327,59.94853050146994,-6.836706231607471,-58.53459758630728
Hong Kong,Asia,1995,2000,-1.873354343952812,-5.550992457137076,-7.022498949033786,7.7731466039641735,-6.327927644019051,9.254918102272942
Hong Kong,Asia,2000,2005,3.297813657847925,3.2659473081205355,21.851572753011293,2.909028225438887,-2.4316686613143736,-22.29706596740843
Hong Kong,Asia,2005,2010,19.08462831576621,-2.5255221257404985,-4.9696675778586,19.25219847004815,-2.0826012295860497,9.410220778903188
Hong Kong,Asia,2010,2015,-8.089798857042112,0.7666792505700711,-29.110260637248,27.046882445989024,-1.5502714146061352,-5.242828501747025
Hong Kong,Asia,2015,2020,-55.29124153023943,-3.0825810380934686,-23.10059973043498,5.534485491931795,-1.8070715149337044,-32.83547473870911
Hungary,Europe,1975,1980,-9.275875581535146,-4.662268499059288,-52.71039918741658,69.01805230405674,-5.102343560663948,-15.818916638452047
Hungary,Europe,1980,1985,9.058661157666648,-7.822815058400355,10.597369213863368,-6.6208756209883095,-6.95887068545422,19.863853308646103
Hungary,Europe,1985,1990,-15.943092775957169,-7.772942372705538,-48.77660985951092,48.02771938488181,-8.374414854909192,0.9531549262867297
Hungary,Europe,1990,1995,-1.8045442370334968,-7.348059507274335,-36.8447892129971,26.790771691456225,-7.285850462824845,22.883383254606535
Hungary,Europe,1995,2000,-11.539423761153103,-1.840641313286733,-2.959451772810047,2.3018589886330796,-7.048534571143547,-1.9926550925458755
Hungary,Europe,2000,2005,-5.268989234102364,-4.542803558729754,-56.70572500860282,64.45625775108275,-4.818914665896719,-3.6578037519557993
Hungary,Europe,2005,2010,-1.0533686398505324,-4.052872397414778,-18.03315768770346,11.37639435857255,-4.316829065194546,13.97309615188969
Hungary,Europe,2010,2015,-8.10628693367672,-0.04443720112914938,-3.305934523326139,-2.505032402476059,-4.194554492504296,1.9436716857589242
Hungary,Europe,2015,2020,-1.8538758281065668,-3.273698974807376,-9.208732328581384,14.27166242015618,-2.6692727785876893,-0.9738341662862605
Iceland,Europe,1975,1980,11.416614872939114,-7.688033010278702,-41.63703744401683,49.83550502899879,-0.9124469532147697,11.818627251450637
Iceland,Europe,1980,1985,5.2699870456690405,-10.54918189685601,19.10436918056746,-12.423453049069249,-0.19617153899106038,9.334424350017906
Iceland,Europe,1985,1990,10.083840552379812,0.9939166169395248,-48.674174436859744,54.71324880478217,-0.28182506928408757,3.332674636801887
Iceland,Europe,1990,1995,28.076976567871412,-2.908889418422179,2.0178597704292462,4.53922537140716,-1.7354008677387678,26.164181712196026
Iceland,Europe,1995,2000,-26.756502535884835,-12.720219550400099,4.860963855872608,17.7726617577312,-1.612589747100955,-35.05731885198755
Iceland,Europe,2000,2005,-22.10344508633247,-3.18625189093909,-38.58911153101786,40.45264160199462,-0.131764192834175,-20.648959073535995
Iceland,Europe,2005,2010,-8.751372662415996,-32.38562075024308,35.45995579627927,-15.250428087272288,0.7095154514205417,2.715204927399559
India,Asia,1975,1980,4.340704770634758,-1.8178523505180944,-31.147849462669196,39.891277000274755,-7.3428915501419665,4.758021133689251
India,Asia,1980,1985,-15.832892813241273,1.0486731360686545,2.768987874339735,7.556349267566561,-8.319458839566096,-18.88744425165018
India,Asia,1985,1990,0.7056883356839023,0.8327844757891312,3.182250993813338,13.307046803528868,-7.082412190021693,-9.533981747425742
India,Asia,1990,1995,0.8522165914371129,-0.20366754558975209,8.733068007802814,0.83126013185113,-1.5813748291179066,-6.927069173509148
India,Asia,1995,2000,-10.103375871656723,-0.7824924265546794,-1.9365351717782822,9.831464944659215,-2.379640341503889,-14.836172876479079
India,Asia,2000,2005,-5.284011096059501,0.6447136418272059,-17.788754787150594,24.14811402032471,-0.9192368636357866,-11.368847107425042
India,Asia,2005,2010,-5.056897242587539,0.3280094467768802,-18.701612469157805,29.36186541467889,-2.299178707648947,-13.745980927236545
India,Asia,2010,2015,-3.9869456986806853,0.5734335946660443,0.4333466848462469,6.727070503127968,-2.9146847758470975,-8.806111705473842
India,Asia,2015,2020,-0.4196854628813824,-1.9061314705894716,-5.177334402840521,7.266081968676466,-4.218106062388745,3.615804504260886
Indonesia,Asia,1975,1980,-116.79889324580299,-1.8868521923669306,-25.102218348830718,82.49350833552553,-7.799611560646842,-164.50371947948406
Indonesia,Asia,1980,1985,-18.584915107879873,-3.9157637176242712,7.395795142441631,2.647331090516095,-5.130148774944293,-19.582128848269008
Indonesia,Asia,1985,1990,9.409329792239681,2.627830139131671,7.378799642664803,6.022590850478351,-5.297019280563053,-1.3228715594721034
Indonesia,Asia,1990,1995,-12.075362329988586,0.37566162813862025,-12.817080432374699,26.27246710696861,0.2731265489411274,-26.179537181662248
Indonesia,Asia,1995,2000,8.564485859276132,0.9010151493290902,22.39082384742605,-12.686422713979168,-0.5357804028527525,-1.505150020647062
Indonesia,Asia,2000,2005,-8.20689790363614,1.6038988030579073,-16.04683003641875,21.95699527232207,0.28398933197289555,-16.004951274570267
Indonesia,Asia,2005,2010,1.9552689635961684,1.395641511581666,-32.53899826030917,38.507661842760925,-0.1575638648881444,-5.251472265549131
Indonesia,Asia,2010,2015,-11.601333481347027,0.8244428214531774,-1.9151777586949215,2.656379152995591,-0.15524498137964715,-13.011732715721223
Indonesia,Asia,2015,2020,5.179084760802134,-0.7984221939138418,-3.152022514208993,5.4679935717230315,0.5033373185132775,3.1581985786886566
Iran,Unknown,1975,1980,-43.37858430781783,1.7511110681761748,-27.590364513315173,32.135754929519756,7.661446354124626,-57.33653214632321
Iran,Unknown,1980,1985,15.990857083447352,1.0720944201512679,-11.19461493689315,26.94885189008057,9.182611616737102,-10.018085906628462
Iran,Unknown,1985,1990,-0.11546576523120677,-4.344688476834373,41.33936636133089,-36.89852206116992,7.8105035463427965,-8.022125134900579
Iran,Unknown,1990,1995,0.49651353337237936,-0.1792151665589832,36.38418775672384,-23.87559388793294,-2.125929098471311,-9.7069360703882
Iran,Unknown,1995,2000,10.824269478054177,-1.8120166547684478,11.221695209771996,3.9597777002481314,-2.755132776982626,0.2099459997851225
Iran,Unknown,2000,2005,-15.710543526704939,-2.5383224801455735,-28.701116403281528,47.56140834907397,-3.3305259603221162,-28.701987032029688
Iran,Unknown,2005,2010,-15.2843825265889,-0.6661016985251893,-30.906341567491797,39.412631648651704,-2.149931828294576,-20.974639080929016
Iran,Unknown,2010,2015,5.7857655802474,-2.273756899028914,15.75063492333468,-13.49048663445715,-0.7069259030991616,6.506300093497914
Iran,Unknown,2015,2020,6.825623316274424,-1.810140634922008,43.37630072211777,-35.01833950585813,0.17074612580435267,0.10705660913245543
Iraq,Asia,1975,1980,-10.37716628995264,-0.29462735927023104,-21.411487827476552,35.54750819066846,2.591790506573049,-26.810349800447362
Iraq,Asia,1980,1985,-1.1428029918964242,0.3049324421654502,10.856728049185309,-5.435363016590002,1.761691392081734,-8.63079185873892
Iraq,Asia,1985,1990,-0.9708201027193084,-1.5261284684565053,-18.742711593381166,27.72008641976767,1.0987528756462637,-9.520819336295581
Iraq,Asia,1990,1995,3.647943020570956,1.2629297672368887,74.00852307155608,-68.47984930392424,2.287472483980828,-5.4311329982785965
Iraq,Asia,1995,2000,68.93066893311064,1.5266846727979277,-76.00418242424938,62.07749802385203,4.67550223904607,76.65516642166399
Iraq,Asia,2000,2005,-21.801843908725317,-1.0423160830709775,-6.588864758155779,-9.919677575587777,4.0965296504675415,-8.34751514237837
Iraq,Asia,2005,2010,-23.80096106653952,-0.6738624360044888,-48.99644531227748,56.57195212214985,-0.8898827704557712,-29.812722669951608
Iraq,Asia,2010,2015,-0.36987013940073865,1.2059713851099605,1.1987086680681271,-0.15066393075068543,4.899386878260149,-7.5232731400883015
Iraq,Asia,2015,2020,-25.479722622860717,-2.0214405398381947,2.867834133846442,-1.3395718236019405,1.8648825506170346,-26.85142694388406
Ireland,Europe,1975,1980,-10.663715898291215,-1.1534910695904386,-46.89084025258678,55.1935438389225,-1.6296726797202317,-16.18325573531629
Ireland,Europe,1980,1985,18.373349310461492,-1.4000802485407904,1.688978241883965,-4.42970838469139,-3.6650919665581676,26.179251668367865
Ireland,Europe,1985,1990,1.003544689650795,-0.5043279567426782,-59.10117936413165,72.95891247504613,-7.389342424903652,-4.96051803961734
Ireland,Europe,1990,1995,1.5950187167733816,-3.1362229994727615,-17.8739809869486,27.213931842978802,-3.110397738713332,-1.4983114010706953
Ireland,Europe,1995,2000,-26.70754471312052,-1.062669928904663,-8.526142374806213,23.549539319637212,-0.711779162773734,-39.956492566273134
Ireland,Europe,2000,2005,-5.773582860350061,-0.41418088055716124,-38.421699288922234,38.61139120395998,1.0316043967813782,-6.5806982916120145
Ireland,Europe,2005,2010,8.621256709834178,-3.7072071107307956,-6.404176310783032,-2.7302839724898043,1.2929019631134224,20.170022140724384
Ireland,Europe,2010,2015,-11.316956318944989,-4.142014576373516,-17.04341180646036,14.331829907942529,-1.8363451070501844,-2.627014737003465
Ireland,Europe,2015,2020,0.11181608114745245,-7.655698957717233,-20.296407069577793,17.190963044270696,1.0715539702778591,9.801405093893951
Israel,Asia,1975,1980,9.826014031898104,-0.31208845772166965,-12.693097442405533,16.975803895896604,3.761992793318454,2.0934032428102527
Israel,Asia,1980,1985,-0.6456415985465824,4.080697612614904,-3.8871885787381566,2.3049814843556367,2.6462140117965474,-5.790346128575526
Israel,Asia,1985,1990,1.3171418058745274,-0.2047620816996878,-27.132928575642126,36.943047400477,3.1942510226274012,-11.48246595988807
Israel,Asia,1990,1995,8.81684157921709,-0.6944331399752329,-6.7222357828150345,21.561173953218848,1.6808407574437882,-7.008504208655276
Israel,Asia,1995,2000,-23.46315450163361,-0.8166726128731692,-5.315309393247967,7.003516221132491,-0.569223932836721,-23.765464783808223
Israel,Asia,2000,2005,18.014078916623077,0.22718285521528006,-0.3721857752537677,-0.9464675201343317,0.7125740427683462,18.392975314027524
Israel,Asia,2005,2010,-5.490650232017991,-2.36737125644546,-22.403167761351085,21.929779223564324,0.8806128763568754,-3.530503314142615
Israel,Asia,2010,2015,-20.96039305564897,-2.0050921702816313,-8.96148563985492,6.244043462748003,0.9823179986181645,-17.220176706878583
Israel,Asia,2015,2020,4.148276407269648,-3.4338934448527105,-9.422250580260773,7.485452426345552,1.5590279979306112,7.959940008106955
Italy,Europe,1975,1980,-7.352769447706017,-2.399156162590021,-32.03297421846032,35.45426162842964,-2.1688045145800166,-6.206096180505316
Italy,Europe,1980,1985,-2.091156949592012,-1.1212235995154158,0.04391738687106297,-2.520595317140176,-2.5097483535510436,4.0164929337435735
Italy,Europe,1985,1990,8.957275778643577,0.22114741847135053,-39.83563480688399,45.73903358112068,-2.6028893424602666,5.435618928395801
Italy,Europe,1990,1995,0.9339693062792023,-1.0422452187176399,2.5394756169761172,-0.41059409654132834,-4.407325768479189,4.254658773041215
Italy,Europe,1995,2000,-0.1348387886479756,-1.6491737373209587,5.608908493803232,-1.3748680570361826,-4.297320324546406,1.5776148364523634
Italy,Europe,2000,2005,-5.464600754169659,1.646183786817588,-21.979189518945724,23.42212340231148,-2.1704293364334326,-6.38328908791959
Italy,Europe,2005,2010,0.44986263117456815,-4.387856642444748,-10.389379832660376,5.60981914072375,-1.80281000405658,11.420089969612523
Italy,Europe,2010,2015,4.914955344817322,-2.8461214801508534,1.793961085405692,-8.862910395280085,-1.4454844954273647,16.27551063026992
Italy,Europe,2015,2020,-7.027084507421648,-3.0810762567633727,-6.213114700329697,2.675211677001724,-2.6278221866251497,2.2197169592948627
Japan,Asia,1975,1980,-28.752287714030423,-7.339074162795378,-50.37639935507774,53.96712765401151,0.9241070390100156,-25.928048889178832
Japan,Asia,1980,1985,-4.438702783917712,-2.3694552056290075,-11.206922179731485,12.158038682216768,0.031178679937158057,-3.0515427607111554
Japan,Asia,1985,1990,-3.655612894323383,0.007912783987893026,-36.91628976313581,44.351924888381625,-0.6549225687193703,-10.444238234837695
Japan,Asia,1990,1995,-5.496298164312442,-2.2507587999989545,-21.90123579184123,28.067127496794754,-3.2750539219703274,-6.136377147296697
Japan,Asia,1995,2000,-5.472442145557373,-0.4399432347036729,7.208443059580443,-5.634919563177868,-3.071638560948993,-3.534383846307274
Japan,Asia,2000,2005,-0.38058531140768537,1.9839622866759612,1.3788562785919707,-1.5430935073267942,-2.004879139568627,-0.19543122978019603
Japan,Asia,2005,2010,2.373357498079237,-0.8302556245566317,-10.478774963610409,7.7586414602786435,-2.2111290687777814,8.134875694745412
Japan,Asia,2010,2015,1.2794998180220247,5.599754506013769,6.98257159814856,-11.731469168183063,-2.527941066326173,2.95658394836891
Japan,Asia,2015,2020,-2.9384675674934613,-2.400300014919841,-10.746865092744883,6.208640978709701,-1.8775436047858076,5.877600166247385
Kazakhstan,Asia,1975,1980,-3.9825261465405835e-12,0.0,0.0,-5.196493359632224e-12,-1.928024043193833e-12,3.2511323607689503e-12
Kazakhstan,Asia,1980,1985,154.73963116445927,23.893449062556517,131.0918055885118,-0.45682278926896525,-0.15094333666926377,0.3621426393292019
Kazakhstan,Asia,1985,1990,-1.7029847153096682,-5.233127333967435,-7227.83259106966,7230.13861848778,-8.26322473581726,9.487339936354863
Kazakhstan,Asia,1990,1995,77.8865345797528,0.8015479172417642,-14.960130823919704,-46.56695167485278,-26.499577361191157,165.11164652247462
Kazakhstan,Asia,1995,2000,-67.89496654219826,-4.74239367998999,-73.54173205731885,-9.17235795506632,-32.61103046824095,52.17254761841806
Kazakhstan,Asia,2000,2005,-39.088581773979286,4.7613502674338255,-116.8710898770504,159.87605393018904,-8.944898214262478,-77.90999788028931
Kazakhstan,Asia,2005,2010,-3.7514194782693835,2.9152542818402605,-93.204903224373,107.11603237334532,-1.0944432617709237,-19.483359647311115
Kazakhstan,Asia,2010,2015,-27.81014942428854,-5.806814670438563,-18.520143998983595,15.573648701113452,-0.8388090200360163,-18.21803043594378
Kazakhstan,Asia,2015,2020,2.487941418956879,-2.0534052569148824,21.962471293879076,-13.270254844096584,0.3732944209469767,-4.524164194857696
Kuwait,Asia,1980,1985,-37.8450077273192,10.750932573170564,95.24862681689982,-80.94858831893795,28.079920179704878,-90.97589897815645
Kuwait,Asia,1985,1990,-13.06106883427222,-2.5310555483164325,-14.660623850654057,-4.075812347600374,-23.087493284850055,31.293916197148633
Kuwait,Asia,1990,1995,-22.496987163661686,-4.9929213001578585,11.569349159495145,44.750803823951614,-7.126656822121997,-66.69756202482863
Kuwait,Asia,1995,2000,-35.784439195087074,-1.681930848847739,1.1694898262453792,13.979498726555414,6.997457881959622,-56.24895478099968
Kuwait,Asia,2000,2005,58.918580514766475,4.505973839915749,-27.860991994500516,56.3931603131,11.296358663676532,14.584079692574708
Kuwait,Asia,2005,2010,-15.866888694193406,-4.455401048010393,-22.622246953089356,9.434379663550084,28.902152871681217,-27.12577322832498
Kuwait,Asia,2010,2015,-3.2190004793604743,-2.2683015020204795,15.548091018930736,-30.965792512571483,25.397252193904805,-10.930249677604124
Kuwait,Asia,2015,2020,-51.006590237422955,-1.4883023013213994,-4.671711125114714,-13.246568579850502,0.05495378158061151,-31.654962012716943
Latvia,Europe,1975,1980,-6.372041806934233e-11,0.0,0.0,-2.5064433596066794e-11,-5.5620251335294786e-11,1.871052452247395e-11
Latvia,Europe,1980,1985,269.8573485855356,43.18969454981226,227.13223475251425,-0.2717591118781888,-0.43091670702719004,0.2380951021144569
Latvia,Europe,1985,1990,-82.60053692168003,-25.06738370348629,-46.02301197201181,-7.269124837164138,-7.381810106257199,3.140793697239541
Latvia,Europe,1990,1995,-21.381869741712023,-7.5262198131438645,-8141.45664303966,8037.025118623701,-20.44249135981579,111.01836584720665
Latvia,Europe,1995,2005,-38.39224385306612,-15.396946612036485,-148.28914317009196,172.3494593850826,-26.622696090217772,-20.432917365802574
Latvia,Europe,2005,2010,-42.88059527757608,-0.13365027435841229,-29.873693598604444,42.66666640805311,-10.253959546949678,-45.28595826571666
Latvia,Europe,2010,2015,-40.26065324526586,1.8683817325303163,-19.42051797435958,11.730561331049257,-5.645500574959259,-28.793577759526585
Latvia,Europe,2015,2020,27.905605423556054,-6.103232084052357,-13.276710900775564,15.549354803994722,-3.9888663793713213,35.725059983760595
Lithuania,Europe,1975,1980,-1.6992111091128674e-11,0.0,0.0,-9.926589679255705e-12,-1.010804780283664e-11,3.5081950778716665e-12
Lithuania,Europe,1980,1985,106.80068679322578,16.26938837719331,90.71243531711559,-0.1515886108659436,-0.10490990343580796,0.07536161321863853
Lithuania,Europe,1985,1990,-8.830094422696448,-15.496690155960964,11.876753720002533,-4.332226248522837,-1.9059675726624654,1.028035834447269
Lithuania,Europe,1990,1995,-18.370209449567824,-19.38266837517206,-4115.413363937722,4054.531796709754,-7.6087959073874085,69.50282206095963
Lithuania,Europe,1995,2000,-13.017424268764458,-1.471252022295772,-46.1531500160312,30.483012818474226,-7.429356620524402,11.553321571612708
Lithuania,Europe,2000,2005,-2.7358990598995305,-0.17618341791593342,-40.63545102993479,56.67993264815812,-6.65040219169852,-11.953795068508395
Lithuania,Europe,2005,2010,-8.548838590826257,20.713892362129542,-41.679764523882255,25.14074360947277,-7.113236058338302,-5.610473980208032
Lithuania,Europe,2010,2015,-7.9585421238206,-5.77994804190549,-7.800613103233881,8.904978670965209,-5.690910826350914,2.407951176704462
Lithuania,Europe,2015,2020,-8.346728474681413,-0.6445635037209182,-10.10876780512868,15.358309917652589,-3.520022853118441,-9.431684230365953
Luxembourg,Europe,1975,1980,-11.425145954439216,-5.591045217083029,-130.40376899261682,115.41026091507635,-14.619462558773739,23.77886989895815
Luxembourg,Europe,1980,1985,-39.94780095512084,-5.9423257845827235,18.37213893207501,-43.081913413538985,-12.549202089384181,3.2535014003099834
Luxembourg,Europe,1985,1990,-75.03420076486681,1.044041317540161,-86.76173479766923,90.38884600096375,-3.891938198222602,-75.81341508747887
Luxembourg,Europe,1990,1995,-9.42624361207615,-4.824863635483866,-30.964877008708108,22.931638194778206,-1.7673767044134987,5.199235541751099
Luxembourg,Europe,1995,2000,84.01690878409373,-3.9204285269290016,5.2781832628900425,-4.045285043222722,-2.629345903999232,89.33378499535462
Luxembourg,Europe,2000,2005,27.979801075738038,-4.017675421640759,-28.584566755359344,75.06021858641355,-3.7142926149730857,-10.763882718702282
Luxembourg,Europe,2005,2010,-69.10215900949848,-1.2986937937292236,-56.34518393576695,38.96836414246437,0.05566966035904093,-50.48231508282574
Luxembourg,Europe,2010,2015,-19.213314351797578,0.8227596113055852,-20.5635842200648,-4.146880717983107,3.157609023074635,1.5167819518701435
Luxembourg,Europe,2015,2020,-29.375868655749983,-6.6325581946950685,-11.760167245732738,5.925255970471906,2.2356244979419193,-19.144023683736023
Malaysia,Asia,1975,1980,7.557316011645099,-2.8124501802897255,-12.709571538636716,46.24492896339114,-1.4800161459635188,-21.685575086856062
Malaysia,Asia,1980,1985,-4.8028868155582884,-3.4411605177386826,3.1808342754699472,6.125906805471147,-2.6027000882334543,-8.065767290527264
Malaysia,Asia,1985,1990,8.861649975288138,0.9244336390208608,-0.32557297912834393,11.483627345062244,-1.9219611219693067,-1.2988769076973203
Malaysia,Asia,1990,1995,-34.44516958726405,-2.4164919619795655,-8.866955913317138,24.436213661178854,-2.1759612354829825,-45.4219741376632
Malaysia,Asia,1995,2000,20.386208531172183,0.22669060171576377,14.195758099941207,-2.8318992945634953,-2.9570051448630297,11.752664268941736
Malaysia,Asia,2000,2005,0.0428444565868773,2.0855416203923967,-5.486930547813561,14.862737162093001,2.2521256226751802,-13.670629400760124
Malaysia,Asia,2005,2010,-6.078744412743795,1.015572174667827,-21.328197570778176,21.678684663346367,0.6944098203905544,-8.1392135003704
Malaysia,Asia,2010,2015,-5.114448159789937,-1.3503008845225368,0.39885562726188034,3.5576797977239476,-0.4069253253284205,-7.313757374924799
Malaysia,Asia,2015,2020,9.577195751553262,-2.9785645214290675,-1.8374077872591061,1.984972485882523,-0.4267727303747748,12.834968304733689
Mexico,Americas,1975,1980,6.174785193947535,-0.4707391007576051,-24.818157310425367,40.9583411463218,2.4994244703933552,-11.994084011584604
Mexico,Americas,1980,1985,-3.6346843255127794,-3.45713478401857,16.37850325783994,-9.033554970929313,-0.9476193245375583,-6.574878503867305
Mexico,Americas,1985,1990,8.0085120840739,1.8872271347516294,-8.557350781414877,12.523651479969507,-2.086431451765407,4.24141570253303
Mexico,Americas,1990,1995,-0.8426071822934489,-0.4524920200978788,-18.788213955227356,18.168928338493593,-2.1608650473065696,2.390035501844777
Mexico,Americas,1995,2000,0.09966008206778554,2.1680190781069766,-32.73180404768202,37.86667824160245,-3.514716703092549,-3.6885164868670453
Mexico,Americas,2000,2005,-3.002777139025447,2.0152791877905236,-2.3316706910101264,8.724120372163839,-0.5213820723417429,-10.889123935627964
Mexico,Americas,2005,2010,1.1980846677844283,-1.5825226430746555,-8.526136832348978,7.562789987875717,-1.9068028013525353,5.650756956684889
Mexico,Americas,2010,2015,-8.515210417991334,-0.43972368840394027,-3.2760797299030777,1.6195032054791538,-2.2813335450718726,-4.137576660091594
Mexico,Americas,2015,2020,-16.035485103562458,-3.4755814009138795,0.6506256050592334,-5.834617174777988,-3.364703822540904,-4.011208310388935
Morocco,Africa,1975,1980,-4.3103925443292965,-0.45772025815171175,-16.617337774471526,25.11179331402216,1.3663787151317335,-13.713506540859964
Morocco,Africa,1980,1985,-0.22822283813159672,1.7529585351800854,14.205783499842765,-15.434325571611575,1.0693971308302344,-1.8220364323731004
Morocco,Africa,1985,1990,-0.35778854280723493,-0.2870339610649905,-14.636474865040697,18.55975916812829,0.1424537735286323,-4.136492658358478
Morocco,Africa,1990,1995,-0.2071543126738895,0.9465646061028298,-1.4435892308494165,5.411817762644244,-0.6104033752828734,-4.511544075288679
Morocco,Africa,1995,2000,0.3716159483306427,0.8199126738416852,0.899608579838849,0.8034437814545516,-0.8155605804512931,-1.3357885063531532
Morocco,Africa,2000,2005,-1.9744650742198893,0.17772000046610134,-4.383429974690029,12.078546756757326,-0.6613981309509688,-9.185903725802321
Morocco,Africa,2005,2010,-5.191546329328567,-1.9289996155385032,-5.045928267706303,8.259114845121744,-0.6239112789268091,-5.851822012278704
Morocco,Africa,2010,2015,4.230924144237672,0.2587434353860326,1.1023305947012025,0.6253056629093504,-0.48396254435538993,2.7285069955964736
Morocco,Africa,2015,2020,6.193476998061534,0.16387408100221557,-0.3258140421201806,1.1742852015758625,-0.6058207909007993,5.786952548504448
Netherlands,Unknown,1975,1980,64.9137184311196,-27.62775077925165,-207.3092323124679,215.59662461997993,-13.57342787761498,97.82750478047434
Netherlands,Unknown,1980,1985,60.423566281537774,5.114082853903828,99.49085567129652,-133.01999054013044,-18.936413325785438,107.77503162225315
Netherlands,Unknown,1985,1990,114.6909255570501,1.6114321084560443,-339.28139734791876,374.3101417081965,-17.54796502199149,95.59871411030794
Netherlands,Unknown,1990,1995,-152.6070304933565,7.1155706737205024,-133.14118912532103,149.29419495737278,-38.242393930378576,-137.6332130687503
Netherlands,Unknown,1995,2000,42.967639828128426,2.0625754022775866,46.45312209690003,-45.98123129072062,-33.485651463245404,73.91882508291665
Netherlands,Unknown,2000,2005,-35.37340907943235,-10.375524260678738,-167.26115986941142,199.10152838737625,-17.591300806809127,-39.24695252990899
Netherlands,Unknown,2005,2010,-17.417517268936933,-25.756129640513567,-63.82634449756007,76.99221562950564,-18.716227932117125,13.888969171748101
Netherlands,Unknown,2010,2015,-20.493385459563285,12.347963693045688,-8.381375290534988,-45.605967845066665,-14.498650186205873,35.644644169198536
Netherlands,Unknown,2015,2020,-43.310697863905546,-51.94209416458448,-74.72338677349148,49.485310195712465,-1.749789030156024,35.619261908614114
New Zealand,Oceania,1975,1980,11.638239708919798,-6.443409412439186,-44.622164490014484,47.298383644538234,-5.975409467997033,21.38083943483223
New Zealand,Oceania,1980,1985,-17.82918226001165,-4.095430987005601,7.3455422282956,1.3802111354003659,-3.4915130963964893,-18.967991540305547
New Zealand,Oceania,1985,1990,49.29317664518686,1.594942319030795,-39.69406730004462,53.852656621346725,-9.916272954953405,43.455917959807444
New Zealand,Oceania,1990,1995,13.851794313604074,-4.234720056715109,-25.205095297149114,30.33752698326015,11.738077747579524,1.2160049366285595
New Zealand,Oceania,1995,2000,-23.172031880531094,5.535853761668085,32.48982871465828,-29.345391249554268,4.912709513360595,-36.76503262066373
New Zealand,Oceania,2000,2005,-24.639875830639326,17.17331864096696,-76.37744832106067,68.53456158969013,2.6296258496161538,-36.59993358985191
New Zealand,Oceania,2005,2010,2.082182898896292,-11.02352852147867,-17.896435379128317,16.59455949551908,0.36929750628112,14.0382897977031
New Zealand,Oceania,2010,2015,-11.078183170318923,-2.2598439273886073,-10.303541581196884,11.151059884757267,0.31908769502685674,-9.98494524151756
New Zealand,Oceania,2015,2020,-32.69627623459925,-0.6168292905499425,-13.533156852137031,4.527260992896228,-1.6043328488677326,-21.469218235940783
Norway,Europe,1975,1980,18.531329319317095,-0.48839813161108125,-60.81800075013537,71.48311244752806,-6.580471294882098,14.935087048417552
Norway,Europe,1980,1985,6.087947688811255,-23.313104530105864,15.670847333139287,-0.14454374031423983,-7.184798213360713,21.059546839452818
Norway,Europe,1985,1990,1.410479372949922,-14.472009238736531,-60.26143134255552,73.37628662636234,-6.264939113524239,9.032572441403936
Norway,Europe,1990,1995,-11.221499356566326,7.019781427084318,-25.421736862440195,25.461366841383175,-7.972431855656701,-10.308478906936942
Norway,Europe,1995,2000,-5.664861391103699,-7.030157854292832,1.4145029500995325,10.161793568255717,-6.833905240652734,-3.377094814513441
Norway,Europe,2000,2005,5.5884647276366195,12.429686523583173,-70.3158530631536,63.23021058060028,-4.979431084003993,5.223851770610746
Norway,Europe,2005,2010,-12.209754536420277,14.909477610228892,-48.45599457604314,29.810791386560982,-1.7025673295530934,-6.77146162761393
Norway,Europe,2010,2015,-12.431684634998732,-12.395771240406207,18.831150264208333,-15.855656441877295,-0.7887050701450596,-2.2227021467784804
Norway,Europe,2015,2020,-18.182957520528845,-9.171643443488108,6.031179498405923,-7.329593739743131,-2.084440945591059,-5.628458890112448
Oman,Asia,1985,1990,34.742846519651444,0.44437725067523026,4.1956116581695175,-2.8803654359020636,2.4301034794794676,30.55311956722929
Oman,Asia,1990,1995,-4.107471205500481,0.6351447571983744,5.626262445168729,-0.7922781882051035,6.457752910984836,-16.03435313064733
Oman,Asia,1995,2000,35.31504614645232,-2.575945110723643,11.454948017960419,14.90529633306682,2.176600803912222,9.35414610223654
Oman,Asia,2000,2005,-11.535931089309095,-5.143286719394386,-8.902143379113522,27.213631839336532,1.6397839456457695,-26.343916775783487
Oman,Asia,2005,2010,-14.44017261146017,-0.01860039259637564,-17.837018568038935,33.49339946384585,4.092352743727389,-34.170305858398095
Oman,Asia,2010,2015,-11.242917936824384,0.3297124501806042,6.935134635834167,-7.858863948117822,12.274970442893164,-22.923871517614504
Oman,Asia,2015,2020,12.316383886947492,-2.2779513721162967,4.350776050015499,-5.068040846883275,-3.1259128822821007,18.437512938213647
Pakistan,Asia,1975,1980,5.4113951074664115,-3.583431227422423,-13.657748676396352,20.551056277774048,0.22103499279430985,1.8804837407168218
Pakistan,Asia,1980,1985,167.40437877168296,1.4001297605040202,6.881771709136994,8.870411417366899,0.07805538416081831,150.17401050051419
Pakistan,Asia,1985,1990,-162.85413601529956,7.206468137118785,8.373577358898904,8.101424259879671,-1.0179180283795897,-185.5176877428173
Pakistan,Asia,1990,1995,3.5655586723801562,0.7277050802326526,-5.323959450062695,12.213915427752152,1.159312102678585,-5.211414488220537
Pakistan,Asia,1995,2000,2.1648887956952194,1.9081841293476063,-15.868101938067266,16.521506521616196,0.8770204629588894,-1.2737203801601853
Pakistan,Asia,2000,2005,-9.427908485686757,-3.6932208445954786,-3.7767472098872434,11.232582235049296,1.136526575431339,-14.327049241684668
Pakistan,Asia,2005,2010,-2.296554848639488,2.150938346743117,-6.378572339375016,7.415462096861895,-0.28520885063531526,-5.199174102234172
Pakistan,Asia,2010,2015,-7.050147810227692,-0.11916704709923062,-10.852277158058133,11.346117402757248,-1.8915213078777577,-5.533299699949815
Pakistan,Asia,2015,2020,2.0716431075820196,2.3705971591658086,5.52556306780304,-2.246123831663282,-3.5190807119678413,-0.05931257575570757
Peru,Americas,1975,1980,-13.92208918310238,0.19162894253443133,4.971494743281989,-5.574136718509572,0.7037508207947671,-14.214826971203976
Peru,Americas,1980,1985,2.985308095662198,-4.7459577207276125,-1839.5290983838584,1833.6772098753904,0.7072415511332772,12.875912773724304
Peru,Americas,1985,1990,4.403916584038072,-1.1533222325842873,-22.060677181675683,19.450127920944816,0.6552916165676963,7.512496460785516
Peru,Americas,1990,1995,-7.704243549343232,0.17262040074877197,-20.540847234588167,24.984505769412845,1.9206974086453605,-14.241219893562032
Peru,Americas,1995,2000,-3.384959157791606,-1.2554213435942552,4.650136522236014,-4.191169340176309,1.1099634799142934,-3.698468476171362
Peru,Americas,2000,2005,7.008452689324763,-0.5447706640110408,-10.505051619548919,12.498675615099032,0.5759294875056746,4.9836698702800195
Peru,Americas,2005,2010,-12.066595295175674,0.25667320934049903,-12.10433499302024,21.883088972939593,-0.08822386235924992,-22.01379862207628
Peru,Americas,2010,2015,-2.2232570675169647,0.3289782744514055,-0.8829847566242814,5.713104423760637,0.2784147007017572,-7.660769709806479
Peru,Americas,2015,2020,-3.622248929032363,-2.9172778602332046,-1.7507698683748105,-0.5480518696816709,1.0691375783149866,0.5247130909423349
Philippines,Asia,1975,1980,-11.884738185259359,-1.319047818924614,-19.3451935501554,21.07581923453741,-0.6858315310475279,-11.610484519669225
Philippines,Asia,1980,1985,5.528868258053436,-4.563628418389198,-0.7675590220017419,-5.229800831962903,-1.5809309278683032,17.670787458275584
Philippines,Asia,1985,1990,8.430207120996968,2.707521568225674,-1.4682775886289656,9.196775909615797,-2.3962586499686935,0.39044588175316
Philippines,Asia,1990,1995,-12.797038510459256,2.1680247342840615,-6.930306544539672,13.59214915521792,0.3828417134524381,-22.00974756887401
Philippines,Asia,1995,2000,-4.11593105121295,-0.734994024618464,4.899296222873847,-3.3792366308104085,0.13344888820711648,-5.034445506865033
Philippines,Asia,2000,2005,2.389841432197933,0.4486835094333829,-5.3963639852834415,3.740579533185953,0.9051363528228341,2.6918060220392017
Philippines,Asia,2005,2010,-5.2368540323936195,0.44867823487301206,-14.085496521327196,13.4842156737266,0.4006978236119149,-5.484949243277945
Philippines,Asia,2010,2015,-4.647798550776333,0.49147828225914025,-2.297576217200393,5.6295503820518,0.1412570266433734,-8.612508024530255
Philippines,Asia,2015,2020,-1.8667893182556785,0.6807352637200419,-0.4063832484430049,1.2546960356328938,0.25405056693210076,-3.6498879360977172
Poland,Europe,1975,1980,24.458924446617857,0.02232559253946818,25.578717737767782,-5.636472747920373,-4.554376763801104,9.04873062803207
Poland,Europe,1980,1985,26.822648390822252,0.15221035117646708,-2.841024325923725,-6.774654684249367,-4.807055489972416,41.09317253979132
Poland,Europe,1985,1990,-33.664497666188026,-1.7497400822882925,-7111.593188649443,7079.737692372488,-7.110079137590849,7.050817830646333
Poland,Europe,1990,1995,4.094870396710945,-0.1971055447000445,-114.53120475681152,100.99651486653445,-9.12336133665129,26.950027168339254
Poland,Europe,1995,2000,-41.82074479803495,-4.91521177895408,-31.453846711567085,22.65164895914697,-9.846158232056135,-18.257177034604585
Poland,Europe,2000,2005,15.575736582410102,-2.131826820060682,-53.74516892540243,58.59748525354985,-8.739360498591536,21.59460757291486
Poland,Europe,2005,2010,-15.240938305438235,-4.022761612846146,-35.408802331547854,45.105710138428535,-8.495819562251583,-12.4192649372212
Poland,Europe,2010,2015,-12.881275581088374,-4.391010354545806,-4.532736262359636,0.38981796291378484,-6.6141700055324595,2.2668230784357375
Poland,Europe,2015,2020,-19.73819254410199,-3.792003362714549,-14.792875341280986,16.361556448023965,-4.5829705736218775,-12.931899714508473
Portugal,Europe,1975,1980,-7.452038245161205,-0.08253017095353718,-8.255838633116152,11.16392083279804,0.38287291922153993,-10.660463193111095
Portugal,Europe,1980,1985,-1.4724470446090656,-2.389655328784472,7.07861813809188,-4.389288860539807,-0.5520731527222105,-1.2200478406544595
Portugal,Europe,1985,1990,7.130634712701308,1.8563555563685936,-17.955309162291023,24.251720509858206,-1.2604260277890302,0.23829383655455832
Portugal,Europe,1990,1995,4.761196596678861,2.5723621848133713,-5.495803557500871,11.541106178752859,-4.005179505355356,0.14871129596884958
Portugal,Europe,1995,2000,-6.894063372905759,-1.1206857616331962,5.022585397121073,-0.6038171214621174,-2.991957212283476,-7.200188674648044
Portugal,Europe,2000,2005,12.807152678678829,1.3017900186030822,-15.100275943643611,14.763373570667126,-2.0541525500815996,13.896417583133836
Portugal,Europe,2005,2010,-0.01031609504508424,-9.43182969690732,-5.956984954854683,6.737054517882095,-2.8938971293022875,11.53534116813711
Portugal,Europe,2010,2015,-1.5069728195572054,2.8014264879144934,4.756860944877572,-5.700421466432351,-3.403008018376211,0.038169232459310316
Portugal,Europe,2015,2020,-6.125396766294195,-5.716919981945111,-7.39806610845893,4.684273702811191,-1.5607037473441814,3.866019368642828
Qatar,Asia,1975,1980,-94.6721018657554,-35.40303655123032,-47.20512600376696,136.33511842344043,49.503629904621214,-197.90268763881977
Qatar,Asia,1980,1985,-9.803464334003735,-10.582617042970321,59.71793075608791,-65.13201045947434,24.932608926646502,-18.739376514293514
Qatar,Asia,1985,1990,4.252811297629535,2.89742924910952,-3.076037962549986,-1.1291506133750635,13.288056698824398,-7.7274860743793035
Qatar,Asia,1990,1995,105.0423866509228,3.9656247304494965,102.24474230524991,-9.217692587996426,6.378270049446725,1.6714421537730484
Qatar,Asia,1995,2000,-136.74381939558327,-0.19180844875746783,-141.8814426861258,84.12631628249005,14.647786243974005,-93.444670787164
Qatar,Asia,2000,2005,-48.26409726286519,0.05886646397350763,-27.178823600188718,43.00473359984381,11.360838522771903,-75.5097122492657
Qatar,Asia,2005,2010,1.1550283495844553,4.443162429438228,-28.798630203981812,15.166113830356482,26.249972747744277,-15.90559045397271
Qatar,Asia,2010,2015,31.702207547745687,6.683931891622293,19.326034657216844,-5.2585178577628815,10.747694186302274,0.20306467036713025
Qatar,Asia,2015,2020,29.494657516312103,0.8479142881075563,-3.544990196538647,-22.771482891333637,-10.684411151013778,65.64762746709064
Romania,Europe,1975,1980,0.8318770007368244,0.5925414281966035,15.817850559605724,-2.832624852549743,-2.1250791840496825,-10.620810950466106
Romania,Europe,1980,1985,12.150452014495087,0.851792562422424,-1.7018936298304004,-1.7254456360156272,-3.4049510568681978,18.130949774786938
Romania,Europe,1985,1990,10.406858681099251,0.15787805683543907,-4029.8337581184105,4030.7050214904384,-3.876370599243239,13.25408785147932
Romania,Europe,1990,1995,13.884745406017629,-5.110601195139349,-25.245234532548913,0.0921472682090766,-11.312294155608306,55.46072802110519
Romania,Europe,1995,2000,-34.809655896688724,-6.885988304027359,-23.679795716617974,0.5116017681438904,-8.559937993432063,3.8044643492447716
Romania,Europe,2000,2005,-3.7094998573137303,-1.0818978915697375,-59.70058986319898,69.16509318780301,-8.960336545124447,-3.131768745223583
Romania,Europe,2005,2010,-20.944215707985308,-3.5378013350008364,-37.27868016153506,32.66318977241946,-7.08880342302985,-5.702120560839031
Romania,Europe,2010,2015,-8.703784799461872,-1.6700820710813244,-3.535844622743783,2.688196245564192,-3.7890479690278096,-2.397006382173145
Romania,Europe,2015,2020,-9.229796902940677,-2.290800797261276,-11.966231268570358,11.693016602658872,-2.8064673483107248,-3.8593140914571844
Russia,Unknown,1975,1980,-4.1309833463977804e-13,0.0,0.0,-2.557564354388275e-13,-1.9928640185508502e-13,5.326545992829071e-14
Russia,Unknown,1980,1985,150.81631730332856,20.38896512515388,130.64925802942082,-0.16860339043518552,-0.13048547667741664,0.07718301586646356
Russia,Unknown,1985,1990,-3.429596810828599,-3.7300572099191553,-7446.435542940179,7450.126470997018,-4.54579982433592,1.1553321665878935
Russia,Unknown,1990,1995,20.11348881410254,-8.658825239763669,-0.10227368408216254,-42.54120224042797,-15.802147248576352,87.21793722695266
Russia,Unknown,1995,2000,5.8345585230543975,-7.009590484682449,60.51034011041416,-69.62867802781984,-18.98463871100256,40.94712563614511
Russia,Unknown,2000,2005,-34.18427885909915,-4.734646894541336,-161.80439252140837,171.21697707336278,-13.993788779566762,-24.868427736945403
Russia,Unknown,2005,2010,-8.566930384530565,-3.0438466269062805,-87.69866628113662,93.80665182203542,-9.716273500375516,-1.914795798147579
Russia,Unknown,2010,2015,-25.87212498561837,0.47227700099487396,14.848248917787735,-14.571855671660549,-5.906573065208657,-20.71422216753185
Russia,Unknown,2015,2020,-7.789136348870244,-5.943910058809494,-7.330884667059855,8.729489592920588,-4.723641342535094,1.47981012661367
Saudi Arabia,Asia,1975,1980,-135.57136273022536,-13.50930839758288,-166.8638808967333,223.12639561685114,28.381521787725795,-206.70609084048613
Saudi Arabia,Asia,1980,1985,-64.28324413627274,-6.85875968657145,128.1219843516989,-87.96446941791018,11.750979255061015,-109.33297863855108
Saudi Arabia,Asia,1985,1990,6.422660068714549,-1.374403329211195,11.48832146245291,-9.230576019097473,7.295206868866393,-1.7558889142960474
Saudi Arabia,Asia,1990,1995,-29.073466678116972,-1.5892761033322165,-0.0021159339441122016,2.814875028016042,5.976217817769835,-36.273167486626555
Saudi Arabia,Asia,1995,2000,35.00416434691442,-2.9335423657965114,-10.160308221129142,13.36414167801075,2.2091599937729005,32.524713262056466
Saudi Arabia,Asia,2000,2005,-38.830400389314036,-7.814227429629209,-21.718814588308444,37.62070486649988,4.987264489025922,-51.90532772690223
Saudi Arabia,Asia,2005,2010,-11.141320336188244,-0.5086099127137688,-11.178284840568892,18.627238001362425,6.811189745547929,-24.892853329815956
Saudi Arabia,Asia,2010,2015,-10.725271304332836,2.4162360478556533,-0.8668635410923679,6.954029779975793,-0.07162575396531469,-19.157047837106564
Saudi Arabia,Asia,2015,2020,-5.869830856659313,-0.9300869465887379,-6.712419627558577,-0.09872307236341876,-4.065885182715342,5.93728397256676
Singapore,Asia,1975,1980,-2.3978692509897,-0.7746168633024886,-51.78865113530843,71.78039323550219,2.219217010111845,-23.83421149799283
Singapore,Asia,1980,1985,-24.469252370524842,-3.0863031121944586,-21.28442348448556,32.0169172008728,7.008289528017239,-39.12373250273478
Singapore,Asia,1985,1990,-2.320817625713829,-1.8789886297674818,1.4303597648983666,41.281639684891445,4.471283339172459,-47.62511178490864
Singapore,Asia,1990,1995,-22.446588456998974,-0.5463643803947407,-34.66967059448567,48.45474036293737,6.076206982512075,-41.76150082756801
Singapore,Asia,1995,2000,7.978240861424474,-2.61213272198081,2.18728082402378,-2.5529822007039837,4.352139329504938,6.6039356305805335
Slovakia,Europe,1995,2000,-94.78320572310729,-21.572630143458806,-11.7835411949926,16.462427325487305,-8.338073700423905,-69.55138800971933
Slovakia,Europe,2000,2005,0.15552155227275932,5.014856398082568,-71.50959708903233,74.2133192605333,-5.915484467119902,-1.647572550190808
Slovakia,Europe,2005,2010,11.540490548227922,1.102955289996414,-47.425107029058864,37.81137775280144,-5.504429772771707,25.555694307260623
Slovakia,Europe,2010,2015,-63.602127678551874,-4.32836804361637,-6.4189249431142255,-2.236704645462203,-3.6968016523435727,-46.921328394015525
Slovakia,Europe,2015,2020,-8.74960556826148,-2.9794206692532055,-7.961932808318335,7.0896946930471465,-2.254501537870083,-2.6434452458670026
Slovenia,Europe,1995,2000,-35.30909566706619,-2.8006335919937677,8.384279506802367,-4.8504233445616105,-5.382998609085154,-30.659319628228044
Slovenia,Europe,2000,2005,1.0184320793134418,-1.5606208730039204,-38.115492468379884,45.7804459530217,-4.021279077945903,-1.0646214543785235
Slovenia,Europe,2005,2010,3.5940951598551862,0.0,-23.517196668426966,21.565124330245407,-2.564681839816692,8.110849337853455
Slovenia,Europe,2010,2015,60.24122292621479,-4.62673778702382,-2.9310336402080956,-13.264749468572655,-4.803753947763687,85.86749776978301
Slovenia,Europe,2015,2020,-66.26040865269925,-10.92296723490061,-19.813692721982843,21.719524335447804,-2.1944446618684026,-55.04882836939519
South Africa,Africa,1975,1980,23.110379015357836,3.226518091740462,-96.57683859146915,100.61418930692304,0.5483995269057915,15.298110681257759
South Africa,Africa,1980,1985,60.260960607025055,4.505588290748272,139.84225248634922,-96.34318318107657,-5.361159353743587,17.61746236474773
South Africa,Africa,1985,1990,-3.514986521582699,-7.300850468247199,-130.93046999993945,119.84647946075715,0.25087000460516795,14.618984481241636
South Africa,Africa,1990,1995,-4.462929757420085,-0.5639655673723676,-53.56338590349069,49.39860365283446,-1.1954985000821063,1.4613165606906282
South Africa,Africa,1995,2000,15.245506569940233,-0.925543232131234,44.01630800587665,-44.485417396062864,-13.99520629316581,30.635365485423517
South Africa,Africa,2000,2005,-39.46828449645784,7.88276013865492,-125.07241858756575,135.42225710606237,-5.31553163866791,-52.38535151494141
South Africa,Africa,2005,2010,15.113758974324611,0.016726403093690875,-53.559975186263664,67.26978865120925,-6.710714993228981,8.097934099514186
South Africa,Africa,2010,2015,-25.172306685855744,-2.054322065796564,32.01450476974965,-54.83535007975964,-4.702836690649568,4.405697380600416
South Africa,Africa,2015,2020,-12.189435388571638,0.521346126955648,0.5310468153809579,-14.456389734845105,-12.32544502734662,13.540006431283471
Spain,Europe,1975,1980,0.13670436627344174,1.0370643531370614,-20.262297697781875,25.628194610780582,-0.959104952297488,-5.307151947564832
Spain,Europe,1980,1985,-1.4894559663389657,-4.142005451833026,11.168577072240007,-10.627258738565338,-1.627112623658701,3.738343775478104
Spain,Europe,1985,1990,4.368909446721297,-1.9488742464694533,-37.18520445605439,42.63886114720703,-2.1653767394235204,3.0295037414616237
Spain,Europe,1990,1995,8.96497136066182,0.5994272424098721,-0.21007406561946956,5.259447556967809,-3.5814302224167256,6.89760084932032
Spain,Europe,1995,2000,-6.197333491331662,-0.19668989704605053,12.003674666898611,-2.2754005003631685,-3.57091104484553,-12.158006715975507
Spain,Europe,2000,2005,4.826816696024466,1.8415650044469976,-23.628882349917095,27.37485438103844,0.0542569054331139,-0.8149772449770001
Spain,Europe,2005,2010,1.2179434278031636,-9.137378515723759,-12.445713752355505,7.215521342453257,-0.3117084975107891,15.897222850939986
Spain,Europe,2010,2015,4.577764344169772,2.1877656550095512,4.764997998554396,-8.996634790999822,-3.428055262968704,10.049690744574326
Spain,Europe,2015,2020,-13.718770183109648,-7.85819452595287,-7.519926813795446,2.2391658968441046,-0.720722101204842,0.14090736099941056
Sri Lanka,Asia,1975,1980,-11.671021589353835,-0.1384249963479201,3.509536046128676,-1.4208331886537817,-2.1335746420808532,-11.487724808399975
Sri Lanka,Asia,1980,1985,-1.2631732388077523,-4.86645598644518,-11.484059528172525,13.290687989134618,-3.989268660482789,5.7859229471581175
Sri Lanka,Asia,1985,1990,-12.216250226438092,-3.541795641568467,-3.239355763578067,7.819995661581238,-4.030078111334341,-9.22501637153844
Sri Lanka,Asia,1990,1995,1.3451064266775603,-1.0624138058859416,-5.057927872323294,12.491913316742664,-1.505574930569988,-3.520890281285873
Sri Lanka,Asia,1995,2000,-11.860340851380588,5.7503462309311235,0.24712607647575172,4.523589181723835,-2.259844062078872,-20.121558278432435
Sri Lanka,Asia,2000,2005,-0.35666044581498113,0.37546583575922465,-4.5363786684619045,6.312640104825048,-0.7111565880002976,-1.7972311299370507
Sri Lanka,Asia,2005,2010,-5.075902074699414,-1.474682894027921,-11.169836413928099,12.341143038742626,-0.8596197769003032,-3.912906028585715
Sri Lanka,Asia,2010,2015,-1.8003534176681466,1.4635133491429106,-0.759556181095425,3.9576721521469893,-1.1891505016097255,-5.272832236252899
Sri Lanka,Asia,2015,2020,2.7709251202482843,0.2759111967722421,1.4600892158680723,-0.4436985567793776,-2.109400885414945,3.588024149802291
Sweden,Europe,1975,1980,44.064579627873286,-4.525254300258869,-53.83629207066441,80.9699263037027,-8.4299008026586,29.88610049775249
Sweden,Europe,1980,1985,-46.76234077977816,-47.56234111185694,44.964310157367386,-34.2283377612378,-9.293021228668358,-0.642950835382406
Sweden,Europe,1985,1990,-20.50627485461831,-17.918289029946024,-101.18504749564288,96.76849756523326,-4.539706560186198,6.368270665923537
Sweden,Europe,1990,1995,6.073595306383297,-5.188620280237887,-7.510364976724217,-1.1547432156074804,-3.7502925803278586,23.677616359280705
Sweden,Europe,1995,2000,-15.544867975167676,-4.575779140763956,-0.5020884321028931,-2.378266146224415,-6.204194807274166,-1.884539448802257
Sweden,Europe,2000,2005,-11.987820760901258,-1.4929556884814241,-31.86875099411533,36.178244255924874,-3.346909458922603,-11.457448875306776
Sweden,Europe,2005,2010,-14.474133061587295,1.7908598717627373,-25.951443487804074,15.959297783526846,-1.216112728376815,-5.056734500695928
Sweden,Europe,2010,2015,-27.107277493848258,-12.449512103321632,-0.8424260680921599,-1.5114911703527514,-0.46203414742306026,-11.841814004658692
Sweden,Europe,2015,2020,-7.258396522242755,-2.7350933404327185,-4.233254696252639,1.0736297784134026,0.17781892920698963,-1.5414971931778017
Switzerland,Europe,1975,1980,2.182962952571067,-3.2812042573811677,-23.141607876700263,28.443419755268714,-2.962364950468501,3.124720281852295
Switzerland,Europe,1980,1985,-3.5965948857021957,-2.659906493574528,6.746361665521487,-5.456561724716754,-1.6136681009460894,-0.6128202319863001
Switzerland,Europe,1985,1990,-7.843282646468907,1.1708779067412025,-33.04595871744897,32.26491089146944,-0.7808051181297692,-7.452307609100832
Switzerland,Europe,1990,1995,2.6879631437201397,-3.547225459764585,-8.751906297511221,8.530556202805887,-0.9886830393947672,7.4452217375848395
Switzerland,Europe,1995,2000,5.395641921090309,-0.10123486656414796,11.594207041712638,-10.200560136880398,-2.0634089596644776,6.166638842486688
Switzerland,Europe,2000,2005,-1.3442311439059154,4.068136093820204,-20.06476384176641,15.600270620158234,-1.4571605725299173,0.5092865564119801
Switzerland,Europe,2005,2010,-7.515774453292394,-3.048027385404836,-12.298958810295431,11.599700535031133,-0.5874932843000815,-3.180995508323184
Switzerland,Europe,2010,2015,-1.9102797460393788,-0.7688691311018511,-6.219551001839825,3.002282752050229,-0.10960474054720472,2.1854623753992697
Switzerland,Europe,2015,2020,-7.61826232346824,-2.8884617073485526,-4.303668474001354,0.693460154167275,-0.08300010473984347,-1.0365921915457679
Thailand,Asia,1975,1980,1.2627261374771201,3.1301025224165184,-16.52805532130091,21.374960283964178,-4.145563895822173,-2.568717451780488
Thailand,Asia,1980,1985,-6.5025841716592225,-2.1681652874705684,2.899088651142919,2.4517368991100317,-4.705061732788831,-4.980182701652782
Thailand,Asia,1985,1990,-5.467350271543797,1.2241607649712152,-4.115625386226159,16.361526040841998,-3.681866480626811,-15.255545210504046
Thailand,Asia,1990,1995,10.682684102561577,-0.3612315775022974,-3.2586692650124762,15.771103516232575,-1.8285710537523403,0.3600524825961293
Thailand,Asia,1995,2000,22.757307456492043,-3.6884053592051265,19.94964261421235,-14.71494690226833,-3.8030467316073575,25.014063835360492
Thailand,Asia,2000,2005,4.210521973807936,-2.459788472394253,-4.687033450240318,20.35154284134208,-3.2313451699063838,-5.762853774993184
Thailand,Asia,2005,2010,6.9387470518964705,-2.3853574650807974,-27.51559188255635,34.16459612219904,-4.3259597839811725,7.0010600613157585
Thailand,Asia,2010,2015,-26.095572835901542,-1.868074681834619,-0.20490276507517963,6.831424866799834,-3.516784081125238,-27.337236174666362
Thailand,Asia,2015,2020,-8.409682727775444,-0.9383562710164468,-7.784322600607958,7.131968753788483,-1.639218942896208,-5.179753667043302
Turkmenistan,Asia,1975,1980,-2.3171060383425408e-11,0.0,0.0,-5.1041854323200813e-11,2.3174609317941585e-12,2.6188335751675748e-11
Turkmenistan,Asia,1980,1985,129.28230904269077,20.29049311609553,109.21206854199787,-0.614408054939343,-0.07745515825168836,0.4716105977884063
Turkmenistan,Asia,1985,1990,-0.8670653928072625,-1.533250279678411,-5771.326172467704,5761.016732301752,-0.9272803791707642,11.902905431993187
Turkmenistan,Asia,1990,1995,33.12648873967527,-6.022302129997281,-22.276028669797725,-45.76505075533179,4.908096889254602,102.28177340554748
Turkmenistan,Asia,1995,2000,30.116041664726765,5.8561166948111865,-10.484621111606941,13.958455902177539,-3.350819100849382,24.136909280194377
Turkmenistan,Asia,2000,2005,-183.55024754098278,-1.3745898398326397,-36.4640821900196,55.65398007403272,2.1828465953021818e-05,-201.3655774136292
Turkmenistan,Asia,2005,2010,142.34576014581805,-0.61038739743961,-33.330884287464336,46.275146283498984,0.27477344214094285,129.73711210508208
Turkmenistan,Asia,2010,2015,-34.95485107695366,-1.6537524586055183,-22.87880618974779,48.959706294335334,2.468350252354038,-61.85034897528962
Turkmenistan,Asia,2015,2020,62.59784797387009,-1.3898693560228896,-1.4958033840921747,24.014599653486414,0.2752296501012535,41.19369141039744
USA,Unknown,1975,1980,0.9042475549501319,2.210430099851473,-158.31428164131827,165.5193592435132,-7.552409173567628,-0.9588509735284308
USA,Unknown,1980,1985,-26.11584652904503,-2.6365373061380484,-148.79912461823426,124.14289826994673,-7.81662456586506,8.993541691245552
USA,Unknown,1985,1990,-25.613726440632206,-9.440338590757843,-63.03740830380084,83.16619691622388,-5.627908620525667,-30.67426784177182
USA,Unknown,1990,1995,-53.483037626121245,-6.294802638242666,-46.53856729757625,49.05726849289763,-8.155491939602037,-41.55144424359794
USA,Unknown,1995,2000,6.0533599096648345,1.7002541454327322,-50.80243390378154,57.830464027088794,-8.741000668825427,6.0660763097502475
USA,Unknown,2000,2005,-18.114933464403265,2.17337675530638,-54.18482978728607,46.41692440831301,-4.054757302758705,-8.465647537977791
USA,Unknown,2005,2010,-12.500487028141833,-7.153578733304158,-40.15926266891664,21.83948771378498,-3.909426170200856,16.88229283049479
USA,Unknown,2010,2015,-47.74859942710293,-11.095177866356378,-39.13663121533699,30.63031815017448,-3.8287652268069468,-24.318343268777156
USA,Unknown,2015,2020,-39.30308626788053,-14.21928380900665,-29.62201855281507,17.90767155394515,-0.03447210011049943,-13.334983359893391
Ukraine,Europe,1975,1980,-1.2680680082455063e-12,0.0,0.0,-4.878791878511724e-13,-1.0967615507493854e-12,3.513241257993557e-13
Ukraine,Europe,1980,1985,147.98147659083588,21.249381498044926,126.9582412195679,-0.09370752848690597,-0.24512202441953654,0.11268342612950552
Ukraine,Europe,1985,1990,6.324130453260068,-6.950876959644672,-7251.777808301773,7269.883103291634,-6.849477876375424,2.01919029941876
Ukraine,Europe,1990,1995,-14.559406417728724,-6.166983579046719,-6.7308570128341385,-72.43731793924219,-13.33158826321193,84.10734037660622
Ukraine,Europe,1995,2000,30.103709556229603,-11.86552589958487,37.70645712029762,-54.29251130857653,-19.57357039258604,78.12886003667943
Ukraine,Europe,2000,2005,-57.696682935700025,-10.403562084254906,-139.25397578214884,146.92988789216375,-13.748019987364422,-41.22101297409558
Ukraine,Europe,2005,2010,-21.40758895771188,2.8886345863659852,-58.24518804432611,49.06833978469679,-8.199273849913968,-6.920101434534577
Ukraine,Europe,2010,2015,-26.531877957525438,-2.9559300249150495,6.5743027827538585,-32.49624101975829,-5.069479862622465,7.415470167016544
Ukraine,Europe,2015,2020,-14.855790328620515,-2.3809054926534947,-35.53452227111807,31.8484809624317,-3.480015637116195,-5.308827890164452
United Arab Emirates,Asia,1980,1985,-644.398606733275,-4.488129385997602,193.28720933142668,-104.93299439837479,51.912808566216384,-780.1775008465457
United Arab Emirates,Asia,1985,1990,67.29101016840619,0.8262731197849952,30.632625513420255,-9.76436438891374,19.693663323815656,25.90281260029898
United Arab Emirates,Asia,1990,1995,-30.315128613609645,-0.7403844614972515,10.262026262905183,1.4795614754836814,6.956855180112373,-48.27318707061365
United Arab Emirates,Asia,1995,2000,-5.469005969229357,-2.3166590312910182,-37.80771228934952,17.13738856151363,7.116787934008874,10.401188855888739
United Arab Emirates,Asia,2000,2005,-38.82095130915392,-1.7269381501335077,-21.983048655370258,22.534703073645062,14.686206005977542,-52.33187358327276
United Arab Emirates,Asia,2005,2010,0.2107294070887349,-1.606239668177292,-11.705860442501557,-10.97304590983535,36.06894529794597,-11.573069870343025
United Arab Emirates,Asia,2010,2015,47.1055245895572,-1.6946115911745472,2.165362014747218,13.410695443296857,-6.2602099073443105,39.484288630031976
United Arab Emirates,Asia,2015,2020,-29.15956162832022,-1.5543416877348104,0.8730836044692905,-9.293634740755344,-10.497273369320975,-8.687395434978404
United Kingdom,Unknown,1975,1980,-2.044857858282114,-8.246591907579592,-159.74161809719152,158.79216824262457,-11.476656821298759,18.62784072516324
United Kingdom,Unknown,1980,1985,-8.195526639295224,-11.33282689153899,27.058016966184915,-26.97168150628962,-10.21950194007872,13.27046673242717
United Kingdom,Unknown,1985,1990,-14.154301063287022,-1.5252776311076135,-129.34712983505247,135.39704678116414,-7.782502042001513,-10.896438336289485
United Kingdom,Unknown,1990,1995,-16.462541726391777,-12.558498142876706,-29.451810088563445,30.10223258551026,-6.036401948753684,1.4819358682917572
United Kingdom,Unknown,1995,2000,-8.453578574409221,-4.119559916188885,-24.61010814612649,28.574739774919234,-5.279522445620738,-3.0191278413923124
United Kingdom,Unknown,2000,2005,-5.030523590688546,0.6999395619337193,-55.28203381410115,54.36682710169371,-2.7166543109647576,-2.098602129250116
United Kingdom,Unknown,2005,2010,-7.716395527588048,-0.619206640933672,-8.717765957378836,-7.989768274041355,-0.8460831326832798,10.456428477449089
United Kingdom,Unknown,2010,2015,-33.65444876925825,-10.596688934639664,-27.209798707423985,13.812073087305812,-0.5382819025245672,-9.12175231197579
United Kingdom,Unknown,2015,2020,-27.11754059719638,-13.388779590240619,-4.78000274280597,-8.747641990800568,-0.1819672473291995,-0.01914902602002775
Uzbekistan,Asia,1975,1980,-4.320028331713288e-12,0.0,0.0,-1.0465869822560066e-11,-3.5836783555509424e-13,6.622599675358972e-12
Uzbekistan,Asia,1980,1985,69.40641017123306,10.184763605059803,59.33535040679732,-0.31400192311292857,-0.10537341056090917,0.3056714930497828
Uzbekistan,Asia,1985,1990,4.005987343595493,-0.3887383861031255,-3300.3250373977107,3299.285745279832,-2.857605360145247,8.291623207722637
Uzbekistan,Asia,1990,1995,36.16087257270918,0.2000992180541017,-2.353567189999279,-9.577755916264577,-0.24861823899996446,48.14071469991891
Uzbekistan,Asia,1995,2000,27.435106211778347,-0.4196442633668505,16.641724759668097,-5.947362542051632,-3.887021129235349,21.047409386764038
Uzbekistan,Asia,2000,2005,-35.56222963664378,-1.715376977636805,-11.9585074954063,-2.4525044134284144,-1.3951984832123392,-18.04064226695992
Uzbekistan,Asia,2005,2010,-26.58686475610378,-0.25874833616285203,-114.37830057623019,101.38530587067146,0.9828530422894473,-14.317974756671665
Uzbekistan,Asia,2010,2015,-8.98375381264293,0.6707125096389084,-37.50518415970684,32.17106473505295,0.922360461369637,-5.24270735899758
Uzbekistan,Asia,2015,2020,-24.42455784446851,1.972065711291011,18.082096187867773,-23.626737910503746,0.5172208236750832,-21.369202656798624
Venezuela,Unknown,1975,1980,27.384274202643155,-0.7308119294621815,-33.90003469215487,62.20040858169967,8.459694445912463,-8.644982203351983
Venezuela,Unknown,1980,1985,-12.951404321761913,-5.54266145982507,5.545310983932553,-9.415761756130959,8.036207379541377,-11.574499469279854
Venezuela,Unknown,1985,1990,5.785884643445343,-6.898107057045273,44.14485648511211,-38.44008541224262,6.915293111915461,0.06392751570574157
Venezuela,Unknown,1990,1995,52.58650963016426,-7.252327489213502,-36.38583245633659,46.34556985621008,-6.359757149765227,56.23885686926945
Venezuela,Unknown,1995,2000,-17.16798781835402,-2.3666165844232507,-44.6344078580292,47.472769277040385,-7.4925220782041375,-10.147210574737919
Venezuela,Unknown,2000,2005,-8.355418163390027,-2.203638494878573,-17.006910685801447,17.835076375514028,2.4471464209923828,-9.427091779216362
Venezuela,Unknown,2005,2010,-46.60550472122057,3.806712889919411,-102.8596290360473,100.3737388084488,0.45590211569997635,-48.38222949924144
Venezuela,Unknown,2010,2015,18.488747162022506,0.48975558937114233,4795.065959179711,-4798.737510736625,-0.09795844671149527,21.768501576276122
Venezuela,Unknown,2015,2020,2.9231682015816034,-25.074710307770154,-69.91430879059071,7.42364617045804,-11.479164239375963,101.96770536886035
Vietnam,Unknown,1975,1980,-46.51032641197894,-0.9868845254397383,-27.40194157951689,-12.000931320119895,-12.618658878286075,6.498089891383686
Vietnam,Unknown,1980,1985,-13.392897546499768,0.6080275461108278,-3306.1177051428626,3307.9121315960615,-11.543778934515638,-4.251572611294
Vietnam,Unknown,1985,1990,-32.02977704659788,-9.779755907022013,48.1066418473981,-42.02111575345148,-7.80918606672294,-20.526361166799546
Vietnam,Unknown,1990,1995,-13.666303206563018,-1.9469904043092883,-17.053346202057746,27.239950914201472,-4.020129301235102,-17.885788213162357
Vietnam,Unknown,1995,2000,1.0278197912710034,0.6938743485420686,2.129932460922161,6.716314826817134,-3.791380866560238,-4.720920978450115
Vietnam,Unknown,2000,2005,-5.821947695797739,1.1106986160815289,-1.1737489505480827,9.72339298065546,-2.0368811139214937,-13.44540922806515
Vietnam,Unknown,2005,2010,-1.3681959285171512,-0.5330611469521815,-7.737998974070446,12.260965931715873,-1.6619322895217534,-3.696169449688651
Vietnam,Unknown,2010,2015,3.954847826379547,-0.5965170621363246,-0.7990276083790451,6.50094852854186,-1.402494364624951,0.2519383329780011
Vietnam,Unknown,2015,2020,9.081917285975148,1.629103674666357,0.04104967812328379,6.894425182472224,-0.6519990324189088,1.1693377831322005
