ISO_A3,NAM_0,year,total_vol,total_fp,building_height,total_surface_area
ABW,Aruba (Neth.),2020,156937716.0,21422894.0,7.325701000060963,21558521.653997168
AFG,Afghanistan,2020,2428896530.0,601666234.0,4.03695004429981,602062321.544957
AGO,Angola,2020,6218874041.0,1281176350.0,4.854034373175871,1281871321.9805284
AIA,Anguilla (U.K.),2020,11585816.0,3987392.0,2.9056124905702774,4010600.2370491335
ALA,Aaland (Fin.),2020,10228553.0,3239948.0,3.157011470554466,3262678.300182153
ALB,Albania,2020,997147344.0,237890568.0,4.191622023450716,238149169.30758327
AND,Andorra,2020,9857949.0,2191395.0,4.498481104501927,2218032.056085279
ARE,United Arab Emirates,2020,4762999578.0,623321198.0,7.641324558321855,624084303.5040729
ARG,Argentina,2020,23118279233.0,3929998253.0,5.882516414696228,3931473345.713385
ARM,Armenia,2020,1458142348.0,222363700.0,6.557465755426808,222754836.1607123
ASM,American Samoa (U.S.),2020,16402401.0,4081414.0,4.018803532305226,4113889.967009981
ATF,French Southern and Antarctic Lands (Fr.),2020,210328.0,84108.0,2.500689589575308,87008.93788970725
ATG,Antigua and Barbuda,2020,55911917.0,13117952.0,4.262244365583896,13179701.20283887
AUS,Australia,2020,29254842718.0,5042675925.0,5.801452076855405,5044323811.248717
AUS,Australia,2020,29254842718.0,,0.0,0.0
AUS,Ashmore and Cartier Islands (Aus.),2020,,5042675925.0,,
AUS,Ashmore and Cartier Islands (Aus.),2020,,,0.0,0.0
AUT,Austria,2020,5024760399.0,1140324709.0,4.406429466398592,1140919906.4769268
AZE,Azerbaijan,2020,4560516088.0,843125149.0,5.409061861586102,843753392.438686
BDI,Burundi,2020,1470591230.0,422625750.0,3.4796536415492905,422911886.9777907
BEL,Belgium,2020,8652169779.0,1507890294.0,5.7379305466900234,1508781545.2487066
BEN,Benin,2020,3493063466.0,729863078.0,4.785916113981039,730380262.8215729
BES,"Bonaire, Sint Eustatius and Saba (Neth.)",2020,383444.0,153353.0,2.5004010355193573,157269.65934115017
BES,"Bonaire, Sint Eustatius and Saba (Neth.)",2020,383444.0,560730.0,0.683830007311897,562778.2598011921
BES,"Bonaire, Sint Eustatius and Saba (Neth.)",2020,383444.0,3785899.0,0.10128215253497254,3786687.2744059945
BES,"Bonaire, Sint Eustatius and Saba (Neth.)",2020,1722154.0,153353.0,11.229998761028476,170943.81000354458
BES,"Bonaire, Sint Eustatius and Saba (Neth.)",2020,1722154.0,560730.0,3.0712713783817525,569929.3063124265
BES,"Bonaire, Sint Eustatius and Saba (Neth.)",2020,1722154.0,3785899.0,0.4548864087499429,3789439.360316972
BES,"Bonaire, Sint Eustatius and Saba (Neth.)",2020,20543522.0,153353.0,133.96230918208317,363193.23049369454
BES,"Bonaire, Sint Eustatius and Saba (Neth.)",2020,20543522.0,560730.0,36.63710163536818,670468.241535933
BES,"Bonaire, Sint Eustatius and Saba (Neth.)",2020,20543522.0,3785899.0,5.426325953228018,3828131.849129427
BFA,Burkina Faso,2020,4678930241.0,1249045188.0,3.746005577662095,1249574750.8201492
BGD,Bangladesh,2020,9504568614.0,2669546130.0,3.5603687485258027,2670281953.5556054
BGR,Bulgaria,2020,3931110052.0,861405149.0,4.563601757620792,861940910.4505388
BHR,Bahrain,2020,620723739.0,79024546.0,7.8548219562058605,79303850.11966415
BHS,The Bahamas,2020,189901274.0,40527022.0,4.685793937684343,40646342.626110844
BIH,Bosnia and Herzegovina,2020,1308685200.0,359291732.0,3.6424027703481916,359567898.8654417
BLM,Saint-BarthÃ©lemy (Fr.),2020,4063223.0,1119733.0,3.628742744922227,1135092.3702903478
BLR,Belarus,2020,6086967826.0,1244695526.0,4.890326749676129,1245385653.6587288
BLZ,Belize,2020,181662326.0,48556647.0,3.741245271733858,48660926.8786497
BMU,Bermuda (U.K.),2020,33522254.0,6827490.0,4.9098942656818245,6878807.166357831
BOL,Bolivia,2020,3907800180.0,715428402.0,5.462182056339441,716012800.7135229
BRA,Brazil,2020,96274991640.0,15757511902.0,6.1097838439697085,15760579720.478334
BRB,Barbados,2020,209407037.0,38476514.0,5.442463862500642,38611551.19377569
BRN,Brunei Darussalam,2020,272757593.0,51529405.0,5.293241654934692,51681392.991787106
BTN,Bhutan,2020,97968838.0,31398162.0,3.1202093294505584,31468097.202274453
BVT,Bouvet Island (Nor.),2020,0.0,0.0,0.0,0.0
BWA,Botswana,2020,2138292179.0,479363224.0,4.460693002598798,479753880.1651453
CAF,Central African Republic,2020,866210068.0,203615272.0,4.25415077902408,203858088.41577393
CAN,Canada,2020,27667980188.0,4930622845.0,5.611457427950971,4932198955.112612
CCK,Cocos (Keeling) Islands (Aus.),2020,74448.0,29779.0,2.5000167903556196,31504.67088407214
CHE,Switzerland,2020,4436723348.0,781887487.0,5.6743756892991435,782522160.2716104
CHL,Chile,2020,6844997634.0,1314195809.0,5.208506667821827,1314951080.7743213
CHN,China,2020,533573499104.0,82903875028.0,6.43605017164506,82911287564.20348
CIV,CÃ´te d'Ivoire,2020,6380713771.0,1252400283.0,5.094787870628419,1253121486.251534
CMR,Cameroon,2020,6047247007.0,1221179721.0,4.951971362616494,1221871915.1230762
COD,Democratic Republic of Congo,2020,12590953787.0,2769375266.0,4.546496078585256,2770332300.770681
COG,Congo,2020,1350174354.0,239721356.0,5.632265629266673,240070172.0686104
COK,Cook Islands (N.Z.),2020,3183321.0,1268417.0,2.5096801761565795,1279723.0108671754
COL,Colombia,2020,9918397141.0,1553649934.0,6.383933036616728,1554656459.7725759
COM,Comoros,2020,125979926.0,24101562.0,5.227044039718256,24204207.223664615
CPV,Cabo Verde,2020,127307423.0,22470599.0,5.66551087489924,22578024.255091112
CRI,Costa Rica,2020,1885611744.0,364171287.0,5.177815526131801,364566525.6573065
CUB,Cuba,2020,2020853307.0,384320732.0,5.258246924342348,384733064.7915377
CUW,CuraÃ§ao (Neth.),2020,240671354.0,33169761.0,7.255745798108102,33336913.63278862
CXR,Christmas Island (Aus.),2020,1038317.0,324469.0,3.2000499277280725,331760.2728554719
CYM,Cayman Islands (U.K.),2020,41674656.0,8558880.0,4.869171667320958,8615860.144505335
CYP,Cyprus,2020,808587810.0,138492939.0,5.838476790502655,138767774.83934468
CZE,Czech Republic,2020,5915282395.0,1361197163.0,4.345647019982806,1361838483.2546272
DEU,Germany,2020,53034072406.0,9544626064.0,5.556432703637451,9546797442.38001
DJI,Djibouti,2020,136526338.0,19119318.0,7.140753556167642,19244211.61447786
DMA,Dominica,2020,19818079.0,4964472.0,3.9919812217694046,5000050.285336883
DNK,Denmark,2020,3743348770.0,805671905.0,4.6462446397457535,806199427.7260668
DOM,Dominican Republic,2020,2651116884.0,499863765.0,5.30367886137936,500338075.8276515
DZA,Algeria,2020,11833461559.0,2241436114.0,5.279410590865496,2242435903.5961146
ECU,Ecuador,2020,6091831220.0,922795290.0,6.601497955196542,923597439.2264384
EGY,Arab Republic of Egypt,2020,21666365136.0,3111567441.0,6.963167453968741,3113121102.628854
ERI,Eritrea,2020,417185424.0,105540849.0,3.952833693805135,105703283.70567839
ESH,Western Sahara,2020,133298533.0,19274782.0,6.915696011503528,19396230.071734868
ESP,Ceuta (Sp.),2020,22889905.0,1871089.0,12.233466713769362,1938024.5380525284
ESP,Ceuta (Sp.),2020,22889905.0,,0.0,0.0
ESP,Ceuta (Sp.),2020,22889905.0,2626709.0,8.714290391512726,2683202.4373822855
ESP,Ceuta (Sp.),2020,22889905.0,,0.0,0.0
ESP,Ceuta (Sp.),2020,22889905.0,,0.0,0.0
ESP,Ceuta (Sp.),2020,22889905.0,4376705656.0,0.0052299393194560305,4376707039.981585
ESP,Las Islas Chafarinas (Sp.),2020,,1871089.0,,
ESP,Las Islas Chafarinas (Sp.),2020,,,0.0,0.0
ESP,Las Islas Chafarinas (Sp.),2020,,2626709.0,,
ESP,Las Islas Chafarinas (Sp.),2020,,,0.0,0.0
ESP,Las Islas Chafarinas (Sp.),2020,,,0.0,0.0
ESP,Las Islas Chafarinas (Sp.),2020,,4376705656.0,,
ESP,Melilla (Sp.),2020,22860704.0,1871089.0,12.217860294192313,1937939.14736844
ESP,Melilla (Sp.),2020,22860704.0,,0.0,0.0
ESP,Melilla (Sp.),2020,22860704.0,2626709.0,8.703173438702194,2683130.367844863
ESP,Melilla (Sp.),2020,22860704.0,,0.0,0.0
ESP,Melilla (Sp.),2020,22860704.0,,0.0,0.0
ESP,Melilla (Sp.),2020,22860704.0,4376705656.0,0.005223267406310588,4376707038.216019
ESP,PeÃ±Ã³n de Alhucaimas (Sp.),2020,,1871089.0,,
ESP,PeÃ±Ã³n de Alhucaimas (Sp.),2020,,,0.0,0.0
ESP,PeÃ±Ã³n de Alhucaimas (Sp.),2020,,2626709.0,,
ESP,PeÃ±Ã³n de Alhucaimas (Sp.),2020,,,0.0,0.0
ESP,PeÃ±Ã³n de Alhucaimas (Sp.),2020,,,0.0,0.0
ESP,PeÃ±Ã³n de Alhucaimas (Sp.),2020,,4376705656.0,,
ESP,PeÃ±Ã³n de VÃ©lez de la Gomera (Sp.),2020,,1871089.0,,
ESP,PeÃ±Ã³n de VÃ©lez de la Gomera (Sp.),2020,,,0.0,0.0
ESP,PeÃ±Ã³n de VÃ©lez de la Gomera (Sp.),2020,,2626709.0,,
ESP,PeÃ±Ã³n de VÃ©lez de la Gomera (Sp.),2020,,,0.0,0.0
ESP,PeÃ±Ã³n de VÃ©lez de la Gomera (Sp.),2020,,,0.0,0.0
ESP,PeÃ±Ã³n de VÃ©lez de la Gomera (Sp.),2020,,4376705656.0,,
ESP,Spain,2020,27173005574.0,1871089.0,14522.561766970999,81331434.01235566
ESP,Spain,2020,27173005574.0,,0.0,0.0
ESP,Spain,2020,27173005574.0,2626709.0,10344.88615754543,69691054.12870486
ESP,Spain,2020,27173005574.0,,0.0,0.0
ESP,Spain,2020,27173005574.0,,0.0,0.0
ESP,Spain,2020,27173005574.0,4376705656.0,6.208552210210592,4378348604.684845
EST,Estonia,2020,740814075.0,190283787.0,3.893206492679274,190498603.83981135
ETH,Ethiopia,2020,9231605922.0,2543961345.0,3.628831051283132,2544693464.5336604
FIN,Finland,2020,2166327800.0,533649230.0,4.059460181362953,534024337.9086104
FJI,Fiji,2020,497810757.0,80030237.0,6.220283428624608,80252822.67797083
FLK,Falkland Islands,2020,768295.0,307291.0,2.500219661493503,312834.8705105039
FRA,France,2020,48491354217.0,9876336332.0,4.909852458131131,9878288091.799568
FRA,France,2020,48491354217.0,0.0,0.0,0.0
FRA,Clipperton Island (Fr.),2020,0.0,9876336332.0,0.0,9876336332.0
FRA,Clipperton Island (Fr.),2020,0.0,0.0,0.0,0.0
FRO,Faroe Islands (Den.),2020,237152.0,94850.0,2.500284659989457,97930.12339411478
FSM,Federated States of Micronesia,2020,13631270.0,3611482.0,3.7744255682293306,3640173.521818248
GAB,Gabon,2020,935714403.0,140433685.0,6.663033893898034,140749525.3845539
GBR,Sovereign Base Areas of Akrotiri and Dhekelia (U.K.),2020,15857850.0,4570339.0,3.4697316763592374,4600009.856937798
GBR,Sovereign Base Areas of Akrotiri and Dhekelia (U.K.),2020,15857850.0,5538976411.0,0.0028629567673383615,5538977263.294211
GBR,United Kingdom,2020,31123305421.0,4570339.0,6809.846145110899,62803652.001313046
GBR,United Kingdom,2020,31123305421.0,5538976411.0,5.61896334477818,5540649160.6517
GEO,Georgia,2020,2411778265.0,492737465.0,4.894651688399622,493172064.8537842
GGY,Guernsey (U.K.),2020,20362090.0,4988487.0,4.081816791343748,5024953.822371872
GHA,Ghana,2020,10788027622.0,1922452943.0,5.6115951556999955,1923437122.1994808
GIB,Gibraltar (U.K.),2020,9514421.0,793105.0,11.996420398307917,835839.341068979
GIN,Guinea,2020,2819354097.0,643927776.0,4.378370062732004,644372193.3817401
GLP,France,2020,328106193.0,64193000.0,5.1112456654152325,64356806.293249905
GMB,The Gambia,2020,556742105.0,111813851.0,4.979187283335765,112024454.82558021
GNB,Guinea-Bissau,2020,384970605.0,94907895.0,4.056254803670443,95065960.24555655
GNQ,Equatorial Guinea,2020,347597219.0,57040361.0,6.0938818216806165,57224457.33887205
GRC,Greece,2020,5829128277.0,1152090063.0,5.059611626040038,1152777005.5035617
GRD,Grenada,2020,31183939.0,8516838.0,3.661445597532793,8559579.697891455
GRL,Greenland (Den.),2020,6419393.0,2091245.0,3.069651332101212,2109001.2600898864
GTM,Guatemala,2020,4499333997.0,930814398.0,4.833760636564627,931404295.6665891
GUF,France,2020,115171056.0,21438841.0,5.37207473109204,21538336.328106664
GUM,Guam (U.S.),2020,72289886.0,16270502.0,4.443002803478344,16342188.446826287
GUY,Guyana,2020,240587916.0,56205787.0,4.280483004356829,56334151.01274449
HKG,"Hong Kong SAR, China",2020,1163470960.0,67245043.0,17.30195874809687,67812568.52794783
HMD,Heard Island and McDonald Islands (Aus.),2020,0.0,0.0,0.0,0.0
HND,Honduras,2020,2623720095.0,562284408.0,4.666179708472371,562726995.8347719
HRV,Croatia,2020,1985276057.0,500458392.0,3.966915309514882,500813366.2973034
HTI,Haiti,2020,1469442371.0,286004991.0,5.137820727750866,286352547.7630637
HUN,Hungary,2020,5931693189.0,1296662932.0,4.574583758518362,1297321840.5195735
IDN,Indonesia,2020,48443049126.0,10380289403.0,4.66683030166765,10382191298.852318
IMN,Isle of Man (U.K.),2020,25655592.0,6454668.0,3.9747345641944714,6495060.903988156
IND,India,2020,159402534121.0,37691549137.0,4.229131934630995,37694833364.39167
IOT,British Indian Ocean Territory,2020,820853.0,291954.0,2.8115833316207346,298030.70517634135
IRL,Ireland,2020,2694087238.0,725522819.0,3.7133046231589306,725922898.3240558
IRN,Islamic Republic of Iran,2020,25542558899.0,4193252376.0,6.091347862864718,4194830164.8911333
IRQ,Iraq,2020,8186297290.0,1577436082.0,5.18962218717652,1578260545.8504822
ISL,Iceland,2020,133778187.0,29168994.0,4.586314735434482,29268073.674631506
ISR,Israel,2020,3720244190.0,460684742.0,8.075466475944193,461378055.28836155
ITA,Italy,2020,39518012721.0,6864166760.0,5.757146366444046,6866074684.456978
JAM,Jamaica,2020,988061703.0,218576062.0,4.520447911629042,218843388.9597145
JEY,Jersey (U.K.),2020,32801419.0,6551790.0,5.006482045364701,6603049.2961771395
JOR,Jordan,2020,2538043384.0,326411694.0,7.775589633133671,326973616.1842935
JPN,Japan,2020,108113815015.0,12727538584.0,8.494479455038674,12731371850.138323
KAZ,Kazakhstan,2020,12122281238.0,2312120033.0,5.242929028330425,2313128447.6781344
KEN,Kenya,2020,9987475028.0,3053618954.0,3.270701151143038,3054341904.023956
KGZ,Kyrgyz Republic,2020,3257354952.0,682269097.0,4.774296485540514,682767920.869509
KHM,Cambodia,2020,2877803333.0,810924688.0,3.5487923546853466,811328920.1405616
KIR,Kiribati,2020,1815491.0,725985.0,2.500727976473343,734507.9564210882
KNA,Saint Kitts and Nevis,2020,30281701.0,7643657.0,3.961677113454986,7687468.655400487
KOR,Republic of Korea,2020,30074628361.0,3518802875.0,8.546835224749554,3520830850.9093127
KWT,Kuwait,2020,2132411197.0,213743917.0,9.976476649859467,214327340.69529897
LAO,Lao People's Democratic Republic,2020,1142744702.0,339498430.0,3.3659793419368684,339746509.18284416
LBN,Lebanon,2020,1989547557.0,287262929.0,6.92587645724381,287732471.0847693
LBR,Liberia,2020,986980161.0,195841876.0,5.039678852953799,196123984.15076992
LBY,Libya,2020,5098281592.0,1001614319.0,5.090064603998537,1002258686.381827
LCA,Saint Lucia,2020,67350493.0,15064864.0,4.470700366096899,15134273.379621133
LIE,Liechtenstein,2020,29253363.0,5192276.0,5.6340154105829505,5243627.946090232
LKA,Sri Lanka,2020,4140591428.0,966497831.0,4.284118696589191,967030579.1228743
LSO,Lesotho,2020,780519487.0,209517538.0,3.725318149738854,209733229.75825316
LTU,Lithuania,2020,2110547407.0,476596991.0,4.428369139661648,476983695.70397866
LUX,Luxembourg,2020,379422306.0,67003997.0,5.662681675542431,67189406.71881661
LVA,Latvia,2020,978576530.0,253864342.0,3.854722259497161,254110013.0233727
MAC,"Macau SAR, China",2020,130575381.0,5396821.0,24.194869720526214,5621649.977918882
MAF,Saint-Martin (Fr.),2020,12009570.0,2473153.0,4.8559753480678305,2503699.5352171785
MAR,Morocco,2020,4792447207.0,825363459.0,5.806468840777697,826030718.4143631
MCO,Monaco,2020,12248101.0,569714.0,21.49868354999175,634622.3104062754
MDA,Moldova,2020,2158067771.0,488486474.0,4.417865971453694,488877043.92551076
MDG,Madagascar,2020,2791565467.0,797075707.0,3.5022588726317814,797471217.5040392
MDV,Maldives,2020,8878608.0,2585145.0,3.434471954184388,2607233.3064695136
MEX,Mexico,2020,56006848563.0,9723111463.0,5.760177570330914,9725383411.565887
MHL,Marshall Islands,2020,3568628.0,1148011.0,3.108531190032151,1161333.5771942951
MKD,North Macedonia,2020,786909579.0,176176009.0,4.466610314688193,176413152.61698475
MLI,Mali,2020,4179599013.0,1032754369.0,4.047040747014259,1033274599.833562
MLT,Malta,2020,265450362.0,33752502.0,7.864612881142856,33935265.862348735
MMR,Myanmar,2020,5088353483.0,1214216862.0,4.190646368243237,1214800964.594329
MNE,Montenegro,2020,197678184.0,39015154.0,5.066702645848841,39141744.77867835
MNG,Mongolia,2020,968668379.0,161046831.0,6.014824215944988,161352153.64962113
MNP,Northern Mariana Islands (U.S.),2020,15667242.0,4445406.0,3.524366953209673,4475129.286481205
MOZ,Mozambique,2020,7154401394.0,1934741074.0,3.6978598791044224,1935391685.6983132
MRT,Mauritania,2020,1003547529.0,225423280.0,4.451836247791266,225690641.3065792
MSR,Montserrat (U.K.),2020,2538375.0,794528.0,3.194821327882718,805918.9821091348
MTQ,France,2020,214940370.0,37899384.0,5.671342046087082,38039040.74249574
MUS,Mauritius,2020,384617397.0,71301106.0,5.394269718621195,71483302.81568642
MWI,Malawi,2020,3457355926.0,1096132941.0,3.154139244137541,1096550648.6874015
MYS,Malaysia,2020,12816872344.0,2029032490.0,6.316740814731853,2030170634.8811293
MYT,France,2020,52601591.0,8624777.0,6.098892875723048,8696421.842784569
NAM,Namibia,2020,1211803434.0,300661742.0,4.030454376865814,300941287.8732864
NCL,New Caledonia (Fr.),2020,219325443.0,38475605.0,5.700376719222478,38617039.79906786
NER,Niger,2020,2599935921.0,724323298.0,3.589468857592925,724709715.1635975
NFK,Norfolk Island (Aus.),2020,1623462.0,619698.0,2.6197631749658705,627947.2045323718
NGA,Nigeria,2020,43713816904.0,8152284076.0,5.3621557463498775,8154220672.166501
NIC,Nicaragua,2020,1353213041.0,293430578.0,4.611697425072038,293746568.1035603
NIU,Niue (N.Z.),2020,83324.0,33326.0,2.500270059413071,35151.73821751327
NLD,Netherlands,2020,12066996411.0,1884748271.0,6.402444611129717,1885860085.9208865
NOR,Norway,2020,1666372911.0,379910970.0,4.386219516114526,380252942.56927073
NPL,Nepal,2020,3755148237.0,1102376604.0,3.4064114054800823,1102829003.4656723
NRU,Nauru,2020,2121398.0,553844.0,3.830316840121045,565246.1938127707
NZL,New Zealand,2020,6780632438.0,939703126.0,7.215717656344159,940587905.1064807
OMN,Oman,2020,2182816509.0,432618346.0,5.045593949453082,433038128.91095424
PAK,Pakistan,2020,25615089888.0,6031737616.0,4.2467181961052995,6033056888.941114
PAN,Panama,2020,1550867959.0,286173863.0,5.419320767948679,286540570.53335166
PCN,Pitcairn Islands (U.K.),2020,10948.0,4368.0,2.5064102564102564,5030.603102765805
PER,Peru,2020,7896912282.0,1463146057.0,5.397213931049127,1463971854.3115063
PHL,Philippines,2020,10891088844.0,2322446173.0,4.6894903187063015,2323350152.253692
PLW,Palau,2020,2452044.0,930408.0,2.6354502540820803,940576.3744878485
PNG,Papua New Guinea,2020,545601058.0,176763081.0,3.0866233769708957,176927230.44313633
POL,Poland,2020,19136255887.0,4543684303.0,4.2116165232617835,4544819870.32244
PRI,Puerto Rico (U.S.),2020,2793615929.0,454131764.0,6.151553690923941,454656131.4799842
PRK,D. P. R. of Korea,2020,2454162530.0,371806436.0,6.600645638097561,372315538.0675476
PRT,Portugal,2020,79724794.0,21989566.0,3.6255737834934987,22057571.661296196
PRT,Portugal,2020,79724794.0,1322787414.0,0.06027029978983456,1322796182.1580598
PRT,Portugal,2020,79724794.0,20500983.0,3.8888278674246988,20571414.356724903
PRT,Portugal,2020,6635802934.0,21989566.0,301.77052762205494,27649940.19623708
PRT,Portugal,2020,6635802934.0,1322787414.0,5.016530142159335,1323517221.705477
PRT,Portugal,2020,6635802934.0,20500983.0,323.68218314214494,26363257.207954686
PRT,Portugal,2020,118188328.0,21989566.0,5.374745822632425,22090381.254576035
PRT,Portugal,2020,118188328.0,1322787414.0,0.0893479381109382,1322800412.3896945
PRT,Portugal,2020,118188328.0,20500983.0,5.765007853525853,20605394.236109152
PRY,Paraguay,2020,2554668963.0,562350607.0,4.542840233832983,562781521.4313989
PSE,West Bank and Gaza,2020,1620621935.0,224076312.0,7.2324554101015375,224509367.67090654
PYF,French Polynesia (Fr.),2020,77858350.0,14170321.0,5.494466215691232,14253053.346630272
QAT,Qatar,2020,1519213632.0,212775095.0,7.139997432500265,213191694.21136555
REU,France,2020,697270630.0,101237294.0,6.887487826373549,101514492.64287728
ROU,Romania,2020,9276148885.0,2282129957.0,4.064689154334606,2282906664.530715
RUS,Russian Federation,2020,71278612044.0,12594339010.0,5.659575463817851,12596879582.168056
RWA,Rwanda,2020,2328812967.0,676240977.0,3.4437619816108835,676599192.0763558
SAU,Saudi Arabia,2020,18554989524.0,2789298736.0,6.6522059055634974,2790704049.40783
SDN,Sudan,2020,7686839180.0,1633792083.0,4.704906615709191,1634552775.952636
SEN,Senegal,2020,3185535047.0,694476389.0,4.5869594668106135,694959908.1022608
SGP,Singapore,2020,1672483165.0,108320235.0,15.440172974144675,108963021.79966465
SGS,South Georgia and South Sandwich Islands,2020,91476.0,36584.0,2.500437349661054,38497.0290410659
SHN,"Saint Helena, Ascension and Tristan da Cunha (U.K.)",2020,1511675.0,573833.0,2.634346578185639,581815.2561858951
SJM,Svalbard and Jan Mayen (Nor.),2020,118877.0,47539.0,2.5006205431330066,49719.88520855554
SLB,Solomon Islands,2020,119809666.0,21822981.0,5.490068749086112,21925568.586238883
SLE,Sierra Leone,2020,1188694261.0,217337389.0,5.469350057389343,217659913.66633406
SLV,El Salvador,2020,1782102089.0,337286183.0,5.283649846397651,337674327.37373346
SMR,San Marino,2020,26096216.0,4141078.0,6.301792914791752,4192373.68388731
SOM,Somalia,2020,1194136796.0,234934215.0,5.082856049724388,235245846.2035146
SPM,Saint-Pierre-et-Miquelon (Fr.),2020,872271.0,340109.0,2.5646807347056386,346091.77076832124
SRB,Serbia,2020,3437988987.0,809047788.0,4.249426347853756,809531266.7438552
SSD,South Sudan,2020,738612203.0,193215171.0,3.822744348579129,193427718.42999378
STP,SÃ£o TomÃ© and PrÃ­ncipe,2020,29982333.0,7272974.0,4.122430934030563,7317444.232206923
SUR,Suriname,2020,344328182.0,70624688.0,4.875464823292387,70788578.6923048
SVK,Slovak Republic,2020,2961498074.0,675321877.0,4.385313396266592,675777720.7833632
SVN,Slovenia,2020,982610965.0,256103524.0,3.8367725271909965,256349127.08647665
SWE,Sweden,2020,4617359385.0,906436546.0,5.0939686902253385,907050004.1862029
SWZ,Eswatini,2020,487833922.0,159994135.0,3.0490737801107524,160148404.45883712
SXM,Sint Maarten (Neth.),2020,21327893.0,3539155.0,6.0262670044120705,3584503.001562941
SYC,Seychelles,2020,18072480.0,4735569.0,3.8163270348293943,4768788.390484574
SYR,Syrian Arab Republic,2020,5230741920.0,959137605.0,5.453588612032369,959813194.3968072
TCA,Turks and Caicos Islands (U.K.),2020,14334032.0,4878170.0,2.9384035406720144,4904129.713521041
TCD,Chad,2020,2011341838.0,555178437.0,3.6228745642006985,555519888.939454
TGO,Togo,2020,2631360201.0,469364472.0,5.60621938381395,469850302.9593205
THA,Thailand,2020,28573434696.0,6689141223.0,4.271614807257,6690538676.150509
TJK,Tajikistan,2020,3561321807.0,725581350.0,4.908232284360672,726110194.6980823
TKL,Tokelau (N.Z.),2020,0.0,0.0,0.0,0.0
TKM,Turkmenistan,2020,3518371596.0,755815893.0,4.655064320008947,756327803.087122
TLS,Timor-Leste,2020,170541215.0,48857616.0,3.490575860271201,48955210.02016602
TON,Tonga,2020,25559002.0,7311391.0,3.4957782999158438,7349200.756319576
TTO,Trinidad and Tobago,2020,1005891183.0,162523836.0,6.18919173800451,162839447.2393222
TUN,Tunisia,2020,5429325665.0,1128418219.0,4.811448072693693,1129064722.4385912
TUR,TÃ¼rkiye,2020,21505758505.0,3398450911.0,6.328106266119905,3399926530.057362
TUV,Tuvalu,2020,1031418.0,282526.0,3.6507011744051874,290287.8543185532
TZA,Tanzania,2020,14309992082.0,4108471959.0,3.4830448460656025,4109364974.961053
UGA,Uganda,2020,7959948268.0,2641586681.0,3.0133208670580816,2642206175.997128
UKR,Ukraine,2020,20271372701.0,3998703922.0,5.069485787500123,3999986203.939674
UKR,Ukraine,2020,20271372701.0,297486166.0,68.14223657378407,302187377.20438874
UKR,Ukraine,2020,1593302356.0,3998703922.0,0.39845469609140016,3998804707.618501
UKR,Ukraine,2020,1593302356.0,297486166.0,5.355887224685265,297855674.8141533
UMI,U.S. Minor Outlying Islands (U.S.),2020,113430.0,45365.0,2.500385759947096,47495.23475420264
UMI,U.S. Minor Outlying Islands (U.S.),2020,113430.0,79965.0,1.418495591821422,81569.49346514246
UMI,U.S. Minor Outlying Islands (U.S.),2020,113430.0,0.0,0.0,0.0
UMI,U.S. Minor Outlying Islands (U.S.),2020,113430.0,0.0,0.0,0.0
UMI,U.S. Minor Outlying Islands (U.S.),2020,113430.0,0.0,0.0,0.0
UMI,U.S. Minor Outlying Islands (U.S.),2020,113430.0,1127.0,100.64773735581188,14642.30856371085
UMI,U.S. Minor Outlying Islands (U.S.),2020,113430.0,0.0,0.0,0.0
UMI,U.S. Minor Outlying Islands,2020,199922.0,45365.0,4.406965722473273,49119.56927205942
UMI,U.S. Minor Outlying Islands,2020,199922.0,79965.0,2.5001188019758644,82792.94271831271
UMI,U.S. Minor Outlying Islands,2020,199922.0,0.0,0.0,0.0
UMI,U.S. Minor Outlying Islands,2020,199922.0,0.0,0.0,0.0
UMI,U.S. Minor Outlying Islands,2020,199922.0,0.0,0.0,0.0
UMI,U.S. Minor Outlying Islands,2020,199922.0,1127.0,177.39307897071873,24947.92496406771
UMI,U.S. Minor Outlying Islands,2020,199922.0,0.0,0.0,0.0
UMI,U.S. Minor Outlying Islands (U.S.),2020,0.0,45365.0,0.0,45365.0
UMI,U.S. Minor Outlying Islands (U.S.),2020,0.0,79965.0,0.0,79965.0
UMI,U.S. Minor Outlying Islands (U.S.),2020,0.0,0.0,0.0,0.0
UMI,U.S. Minor Outlying Islands (U.S.),2020,0.0,0.0,0.0,0.0
UMI,U.S. Minor Outlying Islands (U.S.),2020,0.0,0.0,0.0,0.0
UMI,U.S. Minor Outlying Islands (U.S.),2020,0.0,1127.0,0.0,1127.0
UMI,U.S. Minor Outlying Islands (U.S.),2020,0.0,0.0,0.0,0.0
UMI,U.S. Minor Outlying Islands (U.S.),2020,0.0,45365.0,0.0,45365.0
UMI,U.S. Minor Outlying Islands (U.S.),2020,0.0,79965.0,0.0,79965.0
UMI,U.S. Minor Outlying Islands (U.S.),2020,0.0,0.0,0.0,0.0
UMI,U.S. Minor Outlying Islands (U.S.),2020,0.0,0.0,0.0,0.0
UMI,U.S. Minor Outlying Islands (U.S.),2020,0.0,0.0,0.0,0.0
UMI,U.S. Minor Outlying Islands (U.S.),2020,0.0,1127.0,0.0,1127.0
UMI,U.S. Minor Outlying Islands (U.S.),2020,0.0,0.0,0.0,0.0
UMI,U.S. Minor Outlying Islands (U.S.),2020,0.0,45365.0,0.0,45365.0
UMI,U.S. Minor Outlying Islands (U.S.),2020,0.0,79965.0,0.0,79965.0
UMI,U.S. Minor Outlying Islands (U.S.),2020,0.0,0.0,0.0,0.0
UMI,U.S. Minor Outlying Islands (U.S.),2020,0.0,0.0,0.0,0.0
UMI,U.S. Minor Outlying Islands (U.S.),2020,0.0,0.0,0.0,0.0
UMI,U.S. Minor Outlying Islands (U.S.),2020,0.0,1127.0,0.0,1127.0
UMI,U.S. Minor Outlying Islands (U.S.),2020,0.0,0.0,0.0,0.0
UMI,U.S. Minor Outlying Islands (U.S.),2020,2817.0,45365.0,0.0620963297696462,45417.90374065581
UMI,U.S. Minor Outlying Islands (U.S.),2020,2817.0,79965.0,0.03522791221159257,80004.84711356173
UMI,U.S. Minor Outlying Islands (U.S.),2020,2817.0,0.0,0.0,0.0
UMI,U.S. Minor Outlying Islands (U.S.),2020,2817.0,0.0,0.0,0.0
UMI,U.S. Minor Outlying Islands (U.S.),2020,2817.0,0.0,0.0,0.0
UMI,U.S. Minor Outlying Islands (U.S.),2020,2817.0,1127.0,2.4995563442768414,1462.6486310850169
UMI,U.S. Minor Outlying Islands (U.S.),2020,2817.0,0.0,0.0,0.0
UMI,U.S. Minor Outlying Islands (U.S.),2020,0.0,45365.0,0.0,45365.0
UMI,U.S. Minor Outlying Islands (U.S.),2020,0.0,79965.0,0.0,79965.0
UMI,U.S. Minor Outlying Islands (U.S.),2020,0.0,0.0,0.0,0.0
UMI,U.S. Minor Outlying Islands (U.S.),2020,0.0,0.0,0.0,0.0
UMI,U.S. Minor Outlying Islands (U.S.),2020,0.0,0.0,0.0,0.0
UMI,U.S. Minor Outlying Islands (U.S.),2020,0.0,1127.0,0.0,1127.0
UMI,U.S. Minor Outlying Islands (U.S.),2020,0.0,0.0,0.0,0.0
URY,Uruguay,2020,2167222549.0,376083242.0,5.762613982677803,376530256.397342
USA,United States of America,2020,325214865477.0,60050793292.0,5.415663101994779,60056101782.02589
UZB,Uzbekistan,2020,19296087095.0,3791091193.0,5.089850418430702,3792344758.7747374
VAT,Vatican City,2020,2845742.0,193577.0,14.70082706106614,219448.9186771797
VCT,Saint Vincent and the Grenadines,2020,49688156.0,8940903.0,5.557397949625446,9007372.464420898
VEN,Republica Bolivariana de Venezuela,2020,10434468582.0,1467829246.0,7.108775499898985,1468918659.013399
VGB,British Virgin Islands (U.K.),2020,15717524.0,3733854.0,4.209464001538357,3766390.097238929
VIR,United States Virgin Islands (U.S.),2020,147506454.0,22775983.0,6.4764034114356335,22899615.442466814
VNM,Viet Nam,2020,21925855897.0,5003915792.0,4.381739583238774,5005155620.315084
VUT,Vanuatu,2020,48519246.0,11670995.0,4.1572501744709855,11727804.385689156
WLF,Wallis and Futuna (Fr.),2020,3921023.0,1523816.0,2.573160407818267,1536521.5396685035
WSM,Samoa,2020,47288462.0,13765304.0,3.435337279874095,13816286.634912921
XKX,Kosovo,2020,383721757.0,100407626.0,3.821639573472238,100560802.82601508
YEM,Republic of Yemen,2020,1511484548.0,260576599.0,5.800538320787585,260951137.09508678
ZAF,South Africa,2020,31663528002.0,6333060403.0,4.999719880612672,6334651924.387563
ZMB,Zambia,2020,5050430125.0,1371636534.0,3.682046956180011,1372182001.4453223
ZWE,Zimbabwe,2020,4222748663.0,1326447004.0,3.1835034873357064,1326910782.138248
ZWE,Zimbabwe,2020,4222748663.0,346403.0,12190.277402331965,29045246.90766887
ZWE,Zimbabwe,2020,866209.0,1326447004.0,0.0006530294820583726,1326447099.1344323
ZWE,Zimbabwe,2020,866209.0,346403.0,2.5005816924218323,352289.97051762417
,Aksai Chin,2020,353137.0,141203.0,2.50091711932466,144962.07726713235
,Aksai Chin,2020,353137.0,0.0,0.0,0.0
,Aksai Chin,2020,353137.0,0.0,0.0,0.0
,Aksai Chin,2020,353137.0,6882.0,51.31313571636152,23909.303630331495
,Aksai Chin,2020,353137.0,13479.0,26.199050374656874,25645.744216695086
,Aksai Chin,2020,353137.0,1089.0,324.27640036730946,43893.48484848485
,Aksai Chin,2020,353137.0,921.0,383.42779587404993,47466.039100050075
,Aksai Chin,2020,353137.0,961.0,367.46826222684706,46527.06451612903
,Aksai Chin,2020,353137.0,47752760.0,0.007395111821808834,47752964.410864815
,Aksai Chin,2020,353137.0,223308957.0,0.0015813830521809297,223309051.52575243
,Aksai Chin,2020,353137.0,482162816.0,0.0007324019776755245,482162880.3289344
,Aksai Chin,2020,353137.0,28156.0,12.542157976985367,36574.170862146886
,Aksai Chin,2020,353137.0,35528.0,9.939681378068002,43022.07153721585
,Aksai Chin,2020,353137.0,5759015.0,0.06131899291805977,5759603.611997188
,Aksai Chin,2020,353137.0,52569.0,6.717590214765356,58729.817680368855
,Aksai Chin,2020,353137.0,1339342.0,0.26366454572469167,1340562.5553272741
,Aksai Chin,2020,353137.0,86659.0,4.075018174684684,91457.3992216632
,Aksai Chin,2020,353137.0,2445020.0,0.14443112939771455,2445923.3623923287
,Aksai Chin,2020,353137.0,2286601.0,0.15443752539249306,2287535.1315059843
,Aksai Chin,2020,353137.0,11788.0,29.957329487614523,24798.17537976655
,Chumar East,2020,0.0,141203.0,0.0,141203.0
,Chumar East,2020,0.0,0.0,0.0,0.0
,Chumar East,2020,0.0,0.0,0.0,0.0
,Chumar East,2020,0.0,6882.0,0.0,6882.0
,Chumar East,2020,0.0,13479.0,0.0,13479.0
,Chumar East,2020,0.0,1089.0,0.0,1089.0
,Chumar East,2020,0.0,921.0,0.0,921.0
,Chumar East,2020,0.0,961.0,0.0,961.0
,Chumar East,2020,0.0,47752760.0,0.0,47752760.0
,Chumar East,2020,0.0,223308957.0,0.0,223308957.0
,Chumar East,2020,0.0,482162816.0,0.0,482162816.0
,Chumar East,2020,0.0,28156.0,0.0,28156.0
,Chumar East,2020,0.0,35528.0,0.0,35528.0
,Chumar East,2020,0.0,5759015.0,0.0,5759015.0
,Chumar East,2020,0.0,52569.0,0.0,52569.0
,Chumar East,2020,0.0,1339342.0,0.0,1339342.0
,Chumar East,2020,0.0,86659.0,0.0,86659.0
,Chumar East,2020,0.0,2445020.0,0.0,2445020.0
,Chumar East,2020,0.0,2286601.0,0.0,2286601.0
,Chumar East,2020,0.0,11788.0,0.0,11788.0
,Chumar West,2020,0.0,141203.0,0.0,141203.0
,Chumar West,2020,0.0,0.0,0.0,0.0
,Chumar West,2020,0.0,0.0,0.0,0.0
,Chumar West,2020,0.0,6882.0,0.0,6882.0
,Chumar West,2020,0.0,13479.0,0.0,13479.0
,Chumar West,2020,0.0,1089.0,0.0,1089.0
,Chumar West,2020,0.0,921.0,0.0,921.0
,Chumar West,2020,0.0,961.0,0.0,961.0
,Chumar West,2020,0.0,47752760.0,0.0,47752760.0
,Chumar West,2020,0.0,223308957.0,0.0,223308957.0
,Chumar West,2020,0.0,482162816.0,0.0,482162816.0
,Chumar West,2020,0.0,28156.0,0.0,28156.0
,Chumar West,2020,0.0,35528.0,0.0,35528.0
,Chumar West,2020,0.0,5759015.0,0.0,5759015.0
,Chumar West,2020,0.0,52569.0,0.0,52569.0
,Chumar West,2020,0.0,1339342.0,0.0,1339342.0
,Chumar West,2020,0.0,86659.0,0.0,86659.0
,Chumar West,2020,0.0,2445020.0,0.0,2445020.0
,Chumar West,2020,0.0,2286601.0,0.0,2286601.0
,Chumar West,2020,0.0,11788.0,0.0,11788.0
,Demchok,2020,17201.0,141203.0,0.1218175251234039,141386.10142542963
,Demchok,2020,17201.0,0.0,0.0,0.0
,Demchok,2020,17201.0,0.0,0.0,0.0
,Demchok,2020,17201.0,6882.0,2.499418773612322,7711.385336980639
,Demchok,2020,17201.0,13479.0,1.2761332443059574,14071.631662135012
,Demchok,2020,17201.0,1089.0,15.795224977043159,3173.969696969697
,Demchok,2020,17201.0,921.0,18.67643865363735,3188.168882218406
,Demchok,2020,17201.0,961.0,17.899063475546306,3180.483870967742
,Demchok,2020,17201.0,47752760.0,0.00036020954600320484,47752769.95667768
,Demchok,2020,17201.0,223308957.0,7.702781039812927e-05,223308961.60426822
,Demchok,2020,17201.0,482162816.0,3.5674671354167636e-05,482162819.1334072
,Demchok,2020,17201.0,28156.0,0.6109177439977269,28566.041873266717
,Demchok,2020,17201.0,35528.0,0.4841533438414771,35893.029788755215
,Demchok,2020,17201.0,5759015.0,0.002986795484991791,5759043.67078489
,Demchok,2020,17201.0,52569.0,0.32720805037189216,52869.0881383713
,Demchok,2020,17201.0,1339342.0,0.012842873590165917,1339401.4522017927
,Demchok,2020,17201.0,86659.0,0.19849063571008205,86892.72590527707
,Demchok,2020,17201.0,2445020.0,0.007035116277167467,2445064.002006333
,Demchok,2020,17201.0,2286601.0,0.007522519232695166,2286646.500743435
,Demchok,2020,17201.0,11788.0,1.4591957923311842,12421.714469759228
,Jadh Ganga Valley,2020,33698.0,141203.0,0.23864932048185944,141561.70890262935
,Jadh Ganga Valley,2020,33698.0,0.0,0.0,0.0
,Jadh Ganga Valley,2020,33698.0,0.0,0.0,0.0
,Jadh Ganga Valley,2020,33698.0,6882.0,4.896541702993316,8506.825712782605
,Jadh Ganga Valley,2020,33698.0,13479.0,2.500037094739966,14640.008182700172
,Jadh Ganga Valley,2020,33698.0,1089.0,30.94398530762167,5173.60606060606
,Jadh Ganga Valley,2020,33698.0,921.0,36.588490770901196,5362.547409627106
,Jadh Ganga Valley,2020,33698.0,961.0,35.06555671175858,5309.129032258064
,Jadh Ganga Valley,2020,33698.0,47752760.0,0.0007056764886469389,47752779.50584992
,Jadh Ganga Valley,2020,33698.0,223308957.0,0.0001509030378929225,223308966.02009362
,Jadh Ganga Valley,2020,33698.0,482162816.0,6.988925500219412e-05,482162822.13857067
,Jadh Ganga Valley,2020,33698.0,28156.0,1.1968319363545958,28959.30161300749
,Jadh Ganga Valley,2020,33698.0,35528.0,0.9484913307813555,36243.11969196403
,Jadh Ganga Valley,2020,33698.0,5759015.0,0.005851347843337793,5759071.16813611
,Jadh Ganga Valley,2020,33698.0,52569.0,0.6410241777473416,53156.894313518744
,Jadh Ganga Valley,2020,33698.0,1339342.0,0.02516011593752753,1339458.4711526078
,Jadh Ganga Valley,2020,33698.0,86659.0,0.3888574758536332,87116.88591105324
,Jadh Ganga Valley,2020,33698.0,2445020.0,0.013782300349281396,2445106.203105018
,Jadh Ganga Valley,2020,33698.0,2286601.0,0.014737157903805692,2286690.13923913
,Jadh Ganga Valley,2020,33698.0,11788.0,2.8586698337292162,13029.492366836024
,"Kauirik
",2020,2722.0,141203.0,0.019277210824132633,141231.9751805139
,"Kauirik
",2020,2722.0,0.0,0.0,0.0
,"Kauirik
",2020,2722.0,0.0,0.0,0.0
,"Kauirik
",2020,2722.0,6882.0,0.3955245568148794,7013.247420920952
,"Kauirik
",2020,2722.0,13479.0,0.20194376437421174,13572.781953626622
,"Kauirik
",2020,2722.0,1089.0,2.4995408631772267,1418.939393939394
,"Kauirik
",2020,2722.0,921.0,2.955483170466884,1279.771798000029
,"Kauirik
",2020,2722.0,961.0,2.8324661810613945,1312.225806451613
,"Kauirik
",2020,2722.0,47752760.0,5.700194083022636e-05,47752761.575610526
,"Kauirik
",2020,2722.0,223308957.0,1.2189390146137308e-05,223308957.72860986
,"Kauirik
",2020,2722.0,482162816.0,5.645395931983274e-06,482162816.4958511
,"Kauirik
",2020,2722.0,28156.0,0.09667566415684047,28220.887737865938
,"Kauirik
",2020,2722.0,35528.0,0.07661562711101104,35585.76472792231
,"Kauirik
",2020,2722.0,5759015.0,0.00047265027092306585,5759019.537054617
,"Kauirik
",2020,2722.0,52569.0,0.05177956590385969,52616.48793166948
,"Kauirik
",2020,2722.0,1339342.0,0.002032341254138226,1339351.408109603
,"Kauirik
",2020,2722.0,86659.0,0.03141047092627425,86695.98633301344
,"Kauirik
",2020,2722.0,2445020.0,0.001113283326925751,2445026.9631684925
,"Kauirik
",2020,2722.0,2286601.0,0.001190413194081521,2286608.2003385634
,"Kauirik
",2020,2722.0,11788.0,0.23091279267051237,11888.28316880906
,Lapthal,2020,2304.0,141203.0,0.016316933776194555,141227.5256487524
,Lapthal,2020,2304.0,0.0,0.0,0.0
,Lapthal,2020,2304.0,0.0,0.0,0.0
,Lapthal,2020,2304.0,6882.0,0.33478639930252835,6993.0926002211145
,Lapthal,2020,2304.0,13479.0,0.17093256176274205,13558.38046331952
,Lapthal,2020,2304.0,1089.0,2.115702479338843,1368.2727272727273
,Lapthal,2020,2304.0,921.0,2.501628664495114,1224.677524831766
,Lapthal,2020,2304.0,961.0,2.3975026014568157,1258.2903225806451
,Lapthal,2020,2304.0,47752760.0,4.82485200855406e-05,47752761.33365417
,Lapthal,2020,2304.0,223308957.0,1.0317544047281543e-05,223308957.61672193
,Lapthal,2020,2304.0,482162816.0,4.778468856461963e-06,482162816.4197064
,Lapthal,2020,2304.0,28156.0,0.08182980537008097,28210.92334608491
,Lapthal,2020,2304.0,35528.0,0.06485025895068679,35576.89417087914
,Lapthal,2020,2304.0,5759015.0,0.00040006841447712846,5759018.840328376
,Lapthal,2020,2304.0,52569.0,0.04382811162472179,52609.19551600532
,Lapthal,2020,2304.0,1339342.0,0.0017202477037231716,1339349.9633668351
,Lapthal,2020,2304.0,86659.0,0.026586967308646535,86690.30658018478
,Lapthal,2020,2304.0,2445020.0,0.0009423235801752133,2445025.893879576
,Lapthal,2020,2304.0,2286601.0,0.0010076091106406408,2286607.094628968
,Lapthal,2020,2304.0,11788.0,0.19545300305395316,11872.883328778866
,Shipki Pass,2020,2410.0,141203.0,0.017067626041939617,141228.653998912
,Shipki Pass,2020,2410.0,0.0,0.0,0.0
,Shipki Pass,2020,2410.0,0.0,0.0,0.0
,Shipki Pass,2020,2410.0,6882.0,0.35018889857599533,6998.203631307676
,Shipki Pass,2020,2410.0,13479.0,0.1787966466355071,13562.032515885436
,Shipki Pass,2020,2410.0,1089.0,2.2130394857667586,1381.121212121212
,Shipki Pass,2020,2410.0,921.0,2.6167209554831703,1238.6487998457276
,Shipki Pass,2020,2410.0,961.0,2.5078043704474506,1271.967741935484
,Shipki Pass,2020,2410.0,47752760.0,5.0468287068642734e-05,47752761.39501152
,Shipki Pass,2020,2410.0,223308957.0,1.0792222723067934e-05,223308957.64509544
,Shipki Pass,2020,2410.0,482162816.0,4.998311607670717e-06,482162816.4390158
,Shipki Pass,2020,2410.0,28156.0,0.08559454467964199,28213.45020141694
,Shipki Pass,2020,2410.0,35528.0,0.06783382121143887,35579.143642282426
,Shipki Pass,2020,2410.0,5759015.0,0.00041847433979595467,5759019.01701015
,Shipki Pass,2020,2410.0,52569.0,0.04584450912134528,52611.04478887709
,Shipki Pass,2020,2410.0,1339342.0,0.0017993910442590465,1339350.3297370106
,Shipki Pass,2020,2410.0,86659.0,0.027810152436561694,86691.74690028008
,Shipki Pass,2020,2410.0,2445020.0,0.0009856770087770244,2445026.1650389666
,Shipki Pass,2020,2410.0,2286601.0,0.0010539661270156009,2286607.375024224
,Shipki Pass,2020,2410.0,11788.0,0.20444519850695622,11876.788551370253
,Arunachal Pradesh,2020,189871985.0,141203.0,1344.6738737845512,2162354.741332104
,Arunachal Pradesh,2020,189871985.0,0.0,0.0,0.0
,Arunachal Pradesh,2020,189871985.0,0.0,0.0,0.0
,Arunachal Pradesh,2020,189871985.0,6882.0,27589.65199070038,9161991.601907326
,Arunachal Pradesh,2020,189871985.0,13479.0,14086.503820758217,6555200.415233084
,Arunachal Pradesh,2020,189871985.0,1089.0,174354.4398530762,23015875.060606062
,Arunachal Pradesh,2020,189871985.0,921.0,206158.50705754614,25026899.48945061
,Arunachal Pradesh,2020,189871985.0,961.0,197577.50780437046,24500571.967741936
,Arunachal Pradesh,2020,189871985.0,47752760.0,3.9761468237647417,47862666.06098516
,Arunachal Pradesh,2020,189871985.0,223308957.0,0.8502658717805036,223359780.87924632
,Arunachal Pradesh,2020,189871985.0,482162816.0,0.39379225999874695,482197403.88645375
,Arunachal Pradesh,2020,189871985.0,28156.0,6743.570997300753,4554373.336798442
,Arunachal Pradesh,2020,189871985.0,35528.0,5344.291403963071,4064882.7221140116
,Arunachal Pradesh,2020,189871985.0,5759015.0,32.96952430233295,6075495.3696607975
,Arunachal Pradesh,2020,189871985.0,52569.0,3611.8622191786035,3365070.046887554
,Arunachal Pradesh,2020,189871985.0,1339342.0,141.76512421771287,1995600.796987758
,Arunachal Pradesh,2020,189871985.0,86659.0,2191.024417544629,2666625.372936415
,Arunachal Pradesh,2020,189871985.0,2445020.0,77.65661835077013,2930732.9403200727
,Arunachal Pradesh,2020,189871985.0,2286601.0,83.03678035652044,2788857.640602018
,Arunachal Pradesh,2020,189871985.0,11788.0,16107.226416694944,7006998.993338007
,Gilgit Baltistan,2020,769759172.0,141203.0,5451.436385912481,8335145.307466572
,Gilgit Baltistan,2020,769759172.0,0.0,0.0,0.0
,Gilgit Baltistan,2020,769759172.0,0.0,0.0,0.0
,Gilgit Baltistan,2020,769759172.0,6882.0,111851.08573089218,37122571.21941503
,Gilgit Baltistan,2020,769759172.0,13479.0,57108.03264337117,26534242.766410757
,Gilgit Baltistan,2020,769759172.0,1089.0,706849.5610651975,93305231.06060606
,Gilgit Baltistan,2020,769759172.0,921.0,835786.2888165038,101458629.36350246
,Gilgit Baltistan,2020,769759172.0,961.0,800998.0978147762,99324725.12903225
,Gilgit Baltistan,2020,769759172.0,47752760.0,16.119679197600306,48198329.6742293
,Gilgit Baltistan,2020,769759172.0,223308957.0,3.4470590984847957,223515001.86336657
,Gilgit Baltistan,2020,769759172.0,482162816.0,1.5964714541570955,482303038.5970191
,Gilgit Baltistan,2020,769759172.0,28156.0,27339.081261542833,18377873.624040287
,Gilgit Baltistan,2020,769759172.0,35528.0,21666.268070254446,16370917.102235233
,Gilgit Baltistan,2020,769759172.0,5759015.0,133.66160220107085,7042056.662540946
,Gilgit Baltistan,2020,769759172.0,52569.0,14642.834598337424,13481764.797901923
,Gilgit Baltistan,2020,769759172.0,1339342.0,574.7293611340494,3999877.877301818
,Gilgit Baltistan,2020,769759172.0,86659.0,8882.622370440462,10546089.226209402
,Gilgit Baltistan,2020,769759172.0,2445020.0,314.8273519235016,4414146.676431305
,Gilgit Baltistan,2020,769759172.0,2286601.0,336.63904284131775,4322797.418346345
,Gilgit Baltistan,2020,769759172.0,11788.0,65300.2351543943,28371041.85304821
,Jammu and Kashmir,2020,1891608645.0,141203.0,13396.377166207516,20277022.967124753
,Jammu and Kashmir,2020,1891608645.0,0.0,0.0,0.0
,Jammu and Kashmir,2020,1891608645.0,0.0,0.0,0.0
,Jammu and Kashmir,2020,1891608645.0,6882.0,274863.21490845684,91215095.09626275
,Jammu and Kashmir,2020,1891608645.0,13479.0,140337.46160694413,65185688.487547815
,Jammu and Kashmir,2020,1891608645.0,1089.0,1737014.3663911845,229286985.36363637
,Jammu and Kashmir,2020,1891608645.0,921.0,2053863.8925081433,249323417.20832068
,Jammu and Kashmir,2020,1891608645.0,961.0,1968375.280957336,244079495.83870968
,Jammu and Kashmir,2020,1891608645.0,47752760.0,39.612551086052406,48847704.33893148
,Jammu and Kashmir,2020,1891608645.0,223308957.0,8.470814025610267,223815292.3045725
,Jammu and Kashmir,2020,1891608645.0,482162816.0,3.9231740445949277,482507399.4572604
,Jammu and Kashmir,2020,1891608645.0,28156.0,67183.14551072595,45120810.629574805
,Jammu and Kashmir,2020,1891608645.0,35528.0,53242.75627673947,40178165.29387164
,Jammu and Kashmir,2020,1891608645.0,5759015.0,328.4604476633591,8911965.674756788
,Jammu and Kashmir,2020,1891608645.0,52569.0,35983.34845631456,33053517.596308444
,Jammu and Kashmir,2020,1891608645.0,1339342.0,1412.3417655833985,7877351.352666445
,Jammu and Kashmir,2020,1891608645.0,86659.0,21828.184550941045,25789696.206125047
,Jammu and Kashmir,2020,1891608645.0,2445020.0,773.657738996,7283958.176676345
,Jammu and Kashmir,2020,1891608645.0,2286601.0,827.2578578422733,7290356.574427872
,Jammu and Kashmir,2020,1891608645.0,11788.0,160469.00619273836,69701908.89170085
,Kalapani,2020,70413.0,141203.0,0.49866504252742505,141952.53320555645
,Kalapani,2020,70413.0,0.0,0.0,0.0
,Kalapani,2020,70413.0,0.0,0.0,0.0
,Kalapani,2020,70413.0,6882.0,10.231473408892764,10277.122942434613
,Kalapani,2020,70413.0,13479.0,5.2239038504340085,15904.962050224562
,Kalapani,2020,70413.0,1089.0,64.65840220385675,9623.90909090909
,Kalapani,2020,70413.0,921.0,76.45276872964169,10201.748939227058
,Kalapani,2020,70413.0,961.0,73.27055150884496,10046.548387096775
,Kalapani,2020,70413.0,47752760.0,0.0014745325715204733,47752800.75806903
,Kalapani,2020,70413.0,223308957.0,0.00031531650564289724,223308975.8477611
,Kalapani,2020,70413.0,482162816.0,0.0001460357324609619,482162828.82673085
,Kalapani,2020,70413.0,28156.0,2.5008168773973574,29834.523249946476
,Kalapani,2020,70413.0,35528.0,1.9819015987390227,37022.264433208584
,Kalapani,2020,70413.0,5759015.0,0.012226569995042555,5759132.365035547
,Kalapani,2020,70413.0,52569.0,1.339439593676882,53797.423120001054
,Kalapani,2020,70413.0,1339342.0,0.052572830539175205,1339585.3700299298
,Kalapani,2020,70413.0,86659.0,0.8125295699234932,87615.766593121
,Kalapani,2020,70413.0,2445020.0,0.028798537435276602,2445200.124020227
,Kalapani,2020,70413.0,2286601.0,0.030793741452925107,2286787.259162112
,Kalapani,2020,70413.0,11788.0,5.973277909738718,14382.136210636389
,Karakoram Range,2020,88827.0,141203.0,0.629073036691855,142148.54678894472
,Karakoram Range,2020,88827.0,0.0,0.0,0.0
,Karakoram Range,2020,88827.0,0.0,0.0,0.0
,Karakoram Range,2020,88827.0,6882.0,12.90714908456844,11164.995833264302
,Karakoram Range,2020,88827.0,13479.0,6.590028933897173,16539.38559691104
,Karakoram Range,2020,88827.0,1089.0,81.56749311294766,11855.90909090909
,Karakoram Range,2020,88827.0,921.0,96.44625407166124,12628.796657218438
,Karakoram Range,2020,88827.0,961.0,92.4318418314256,12422.548387096775
,Karakoram Range,2020,88827.0,47752760.0,0.00186014379064163,47752811.416883215
,Karakoram Range,2020,88827.0,223308957.0,0.0003977762522082802,223308980.7767184
,Karakoram Range,2020,88827.0,482162816.0,0.0001842261515247165,482162832.1811032
,Karakoram Range,2020,88827.0,28156.0,3.1548160250035515,30273.480929984456
,Karakoram Range,2020,88827.0,35528.0,2.5001970276964647,37413.03581453168
,Karakoram Range,2020,88827.0,5759015.0,0.01542399177637148,5759163.0576599855
,Karakoram Range,2020,88827.0,52569.0,1.689722079552588,54118.673220574805
,Karakoram Range,2020,88827.0,1339342.0,0.06632137273377524,1339649.014750807
,Karakoram Range,2020,88827.0,86659.0,1.0250175977105667,87865.97465194153
,Karakoram Range,2020,88827.0,2445020.0,0.03632976417370819,2445247.2290109033
,Karakoram Range,2020,88827.0,2286601.0,0.03884674239187335,2286835.9685795656
,Karakoram Range,2020,88827.0,11788.0,7.535374957583984,15060.539689861225
,Golan Heights,2020,25359813.0,141203.0,179.59825924378376,411153.4627015224
,Golan Heights,2020,25359813.0,0.0,0.0,0.0
,Golan Heights,2020,25359813.0,0.0,0.0,0.0
,Golan Heights,2020,25359813.0,6882.0,3684.9481255448995,1229663.0621923725
,Golan Heights,2020,25359813.0,13479.0,1881.4313376363232,887208.9069602415
,Golan Heights,2020,25359813.0,1089.0,23287.247933884297,3075005.727272727
,Golan Heights,2020,25359813.0,921.0,27535.084690553747,3343457.9974116506
,Golan Heights,2020,25359813.0,961.0,26388.98335067638,3273194.935483871
,Golan Heights,2020,25359813.0,47752760.0,0.53106486410419,47767439.34911067
,Golan Heights,2020,25359813.0,223308957.0,0.11356379672670272,223315745.17400903
,Golan Heights,2020,25359813.0,482162816.0,0.05259595339678786,482167435.651143
,Golan Heights,2020,25359813.0,28156.0,900.6894800397783,632689.7613053684
,Golan Heights,2020,25359813.0,35528.0,713.7979340238685,573699.4541167213
,Golan Heights,2020,25359813.0,5759015.0,4.403498341296212,5801284.969383681
,Golan Heights,2020,25359813.0,52569.0,482.4100325286766,494995.5491898271
,Golan Heights,2020,25359813.0,1339342.0,18.934531284765207,1426993.6900121653
,Golan Heights,2020,25359813.0,86659.0,292.6391142293357,431246.2478973438
,Golan Heights,2020,25359813.0,2445020.0,10.372026813686595,2509893.1266921614
,Golan Heights,2020,25359813.0,2286601.0,11.090615721763438,2353683.7477980778
,Golan Heights,2020,25359813.0,11788.0,2151.324482524601,946087.1947263632
,Ilemi Triangle,2020,131492.0,141203.0,0.9312266736542425,142602.70772818982
,Ilemi Triangle,2020,131492.0,0.0,0.0,0.0
,Ilemi Triangle,2020,131492.0,0.0,0.0,0.0
,Ilemi Triangle,2020,131492.0,6882.0,19.106655042138915,13222.185845605385
,Ilemi Triangle,2020,131492.0,13479.0,9.755323095185103,18009.336754692005
,Ilemi Triangle,2020,131492.0,1089.0,120.74563820018365,17027.42424242424
,Ilemi Triangle,2020,131492.0,921.0,142.77090119435397,18252.234850337925
,Ilemi Triangle,2020,131492.0,961.0,136.8283038501561,17927.709677419356
,Ilemi Triangle,2020,131492.0,47752760.0,0.0027536000013402367,47752836.11321792
,Ilemi Triangle,2020,131492.0,223308957.0,0.0005888344192123023,223308992.19704884
,Ilemi Triangle,2020,131492.0,482162816.0,0.0002727128588862398,482162839.9531407
,Ilemi Triangle,2020,131492.0,28156.0,4.670123597101861,31290.540201127093
,Ilemi Triangle,2020,131492.0,35528.0,3.701080837649178,38318.44805435734
,Ilemi Triangle,2020,131492.0,5759015.0,0.022832376717199034,5759234.172074107
,Ilemi Triangle,2020,131492.0,52569.0,2.501322071943541,54863.005551463204
,Ilemi Triangle,2020,131492.0,1339342.0,0.09817656729946496,1339796.478746475
,Ilemi Triangle,2020,131492.0,86659.0,1.5173496116964194,88445.70349030245
,Ilemi Triangle,2020,131492.0,2445020.0,0.05377951918593713,2445356.37066547
,Ilemi Triangle,2020,131492.0,2286601.0,0.05750544148279477,2286948.827670238
,Ilemi Triangle,2020,131492.0,11788.0,11.154733627417713,16632.391782895204
,No Man's Land,2020,7628233.0,141203.0,54.02316523020049,222404.11248237605
,No Man's Land,2020,7628233.0,0.0,0.0,0.0
,No Man's Land,2020,7628233.0,0.0,0.0,0.0
,No Man's Land,2020,7628233.0,6882.0,1108.4325777390293,374694.60375977174
,No Man's Land,2020,7628233.0,13479.0,565.9346390681801,276296.99906651693
,No Man's Land,2020,7628233.0,1089.0,7004.805325987144,925723.303030303
,No Man's Land,2020,7628233.0,921.0,8282.554831704669,1006356.2935243043
,No Man's Land,2020,7628233.0,961.0,7937.8074921956295,985249.1290322581
,No Man's Land,2020,7628233.0,47752760.0,0.15974433729066131,47757175.54893581
,No Man's Land,2020,7628233.0,223308957.0,0.034159995651226835,223310998.8830764
,No Man's Land,2020,7628233.0,482162816.0,0.015820865373409466,482164205.5912914
,No Man's Land,2020,7628233.0,28156.0,270.9274399772695,209999.78518894184
,No Man's Land,2020,7628233.0,35528.0,214.71045372663815,197409.9999166066
,No Man's Land,2020,7628233.0,5759015.0,1.3245725180434502,5771729.808873456
,No Man's Land,2020,7628233.0,52569.0,145.10896155528923,185650.9277967847
,No Man's Land,2020,7628233.0,1339342.0,5.69550794345283,1365707.6326746799
,No Man's Land,2020,7628233.0,86659.0,88.02585997992131,190310.86114699265
,No Man's Land,2020,7628233.0,2445020.0,3.119906176636592,2464533.8397056134
,No Man's Land,2020,7628233.0,2286601.0,3.3360577555944393,2306779.4938431517
,No Man's Land,2020,7628233.0,11788.0,647.118510349508,292825.24381110654
,Shebaa Farms Dispute,2020,380539.0,141203.0,2.6949781520222658,145253.7664282057
,Shebaa Farms Dispute,2020,380539.0,0.0,0.0,0.0
,Shebaa Farms Dispute,2020,380539.0,0.0,0.0,0.0
,Shebaa Farms Dispute,2020,380539.0,6882.0,55.29482708514966,25230.553383482096
,Shebaa Farms Dispute,2020,380539.0,13479.0,28.23199050374657,26589.834258310315
,Shebaa Farms Dispute,2020,380539.0,1089.0,349.43893480257117,47214.93939393939
,Shebaa Farms Dispute,2020,380539.0,921.0,413.1802388707926,51077.745495640374
,Shebaa Farms Dispute,2020,380539.0,961.0,395.9823100936525,50062.8064516129
,Shebaa Farms Dispute,2020,380539.0,47752760.0,0.007968942528138687,47752980.27231949
,Shebaa Farms Dispute,2020,380539.0,223308957.0,0.0017040919679724266,223309058.86056772
,Shebaa Farms Dispute,2020,380539.0,482162816.0,0.0007892334028512061,482162885.32059896
,Shebaa Farms Dispute,2020,380539.0,28156.0,13.51537860491547,37227.38680373485
,Shebaa Farms Dispute,2020,380539.0,35528.0,10.710960369286196,43603.58111639557
,Shebaa Farms Dispute,2020,380539.0,5759015.0,0.06607709825378125,5759649.285902632
,Shebaa Farms Dispute,2020,380539.0,52569.0,7.238847990260419,59207.87216369252
,Shebaa Farms Dispute,2020,380539.0,1339342.0,0.2841238458885035,1340657.265473982
,Shebaa Farms Dispute,2020,380539.0,86659.0,4.391223069733091,91829.7355542254
,Shebaa Farms Dispute,2020,380539.0,2445020.0,0.15563839968589213,2445993.45965281
,Shebaa Farms Dispute,2020,380539.0,2286601.0,0.1664212514557634,2287607.6163249835
,Shebaa Farms Dispute,2020,380539.0,11788.0,32.28189684424839,25807.712261363107
,UN Buffer Zone,2020,10262417.0,141203.0,72.67846292217587,250444.50811309097
,UN Buffer Zone,2020,10262417.0,0.0,0.0,0.0
,UN Buffer Zone,2020,10262417.0,0.0,0.0,0.0
,UN Buffer Zone,2020,10262417.0,6882.0,1491.196890438826,501707.77651187964
,UN Buffer Zone,2020,10262417.0,13479.0,761.3633800727057,367053.39940890734
,UN Buffer Zone,2020,10262417.0,1089.0,9423.70707070707,1245018.3333333333
,UN Buffer Zone,2020,10262417.0,921.0,11142.689467969598,1353553.5491976726
,UN Buffer Zone,2020,10262417.0,961.0,10678.893860561915,1325143.8387096773
,UN Buffer Zone,2020,10262417.0,47752760.0,0.21490730588137733,47758700.327787995
,UN Buffer Zone,2020,10262417.0,223308957.0,0.04595613690497869,223311703.98683107
,UN Buffer Zone,2020,10262417.0,482162816.0,0.021284131955957384,482164685.4454263
,UN Buffer Zone,2020,10262417.0,28156.0,364.48419519818157,272794.1426035813
,UN Buffer Zone,2020,10262417.0,35528.0,288.854340238685,253311.14688843174
,UN Buffer Zone,2020,10262417.0,5759015.0,1.781974348043893,5776120.490974739
,UN Buffer Zone,2020,10262417.0,52569.0,195.21803724628583,231606.82412185048
,UN Buffer Zone,2020,10262417.0,1339342.0,7.662282673133523,1374812.221868733
,UN Buffer Zone,2020,10262417.0,86659.0,118.42297972512954,226103.95690109843
,UN Buffer Zone,2020,10262417.0,2445020.0,4.19727323293879,2471272.3654337986
,UN Buffer Zone,2020,10262417.0,2286601.0,4.488066348261022,2313747.538162947
,UN Buffer Zone,2020,10262417.0,11788.0,870.5816932473703,389873.1199118124
,Abyei,2020,6191296.0,141203.0,43.846773793757926,207108.1870738197
,Abyei,2020,6191296.0,0.0,0.0,0.0
,Abyei,2020,6191296.0,0.0,0.0,0.0
,Abyei,2020,6191296.0,6882.0,899.6361522813136,305409.41813306697
,Abyei,2020,6191296.0,13479.0,459.32903034349727,226789.7400296412
,Abyei,2020,6191296.0,1089.0,5685.303948576676,751549.1212121212
,Abyei,2020,6191296.0,921.0,6722.362649294246,816961.5576305615
,Abyei,2020,6191296.0,961.0,6442.555671175858,799837.9032258064
,Abyei,2020,6191296.0,47752760.0,0.12965315512653092,47756343.7880757
,Abyei,2020,6191296.0,223308957.0,0.02772524704416581,223310614.25175455
,Abyei,2020,6191296.0,482162816.0,0.012840674964035384,482163943.8327503
,Abyei,2020,6191296.0,28156.0,219.89259838045177,175745.7104696664
,Abyei,2020,6191296.0,35528.0,174.26525557306914,166916.14435213068
,Abyei,2020,6191296.0,5759015.0,1.075061620780637,5769334.709075351
,Abyei,2020,6191296.0,52569.0,117.77465806844337,160582.16730106724
,Abyei,2020,6191296.0,1339342.0,4.622640072513219,1360741.1151182998
,Abyei,2020,6191296.0,86659.0,71.44435084642103,170785.86834709047
,Abyei,2020,6191296.0,2445020.0,2.5322066895158324,2460858.000453579
,Abyei,2020,6191296.0,2286601.0,2.7076416042851377,2302978.4531031144
,Abyei,2020,6191296.0,11788.0,525.220223956566,239886.00952051787
,Doklam,2020,29497.0,141203.0,0.20889782794983108,141516.990043945
,Doklam,2020,29497.0,0.0,0.0,0.0
,Doklam,2020,29497.0,0.0,0.0,0.0
,Doklam,2020,29497.0,6882.0,4.286108689334496,8304.264943021797
,Doklam,2020,29497.0,13479.0,2.1883670895467024,14495.269759781204
,Doklam,2020,29497.0,1089.0,27.086317722681358,4664.39393939394
,Doklam,2020,29497.0,921.0,32.0271444082519,4808.836783837935
,Doklam,2020,29497.0,961.0,30.69406867845994,4767.064516129032
,Doklam,2020,29497.0,47752760.0,0.0006177025160430517,47752777.07413066
,Doklam,2020,29497.0,223308957.0,0.00013209053678935056,223308964.89559326
,Doklam,2020,29497.0,482162816.0,6.117643049438305e-05,482162821.3732987
,Doklam,2020,29497.0,28156.0,1.047627503906805,28859.15709178236
,Doklam,2020,29497.0,35528.0,0.8302465660887187,36153.968471537264
,Doklam,2020,29497.0,5759015.0,0.005121882821975633,5759064.165870699
,Doklam,2020,29497.0,52569.0,0.5611101599802165,53083.6037914969
,Doklam,2020,29497.0,1339342.0,0.022023501092327428,1339443.951142159
,Doklam,2020,29497.0,86659.0,0.3403801105482408,87059.80303633264
,Doklam,2020,29497.0,2445020.0,0.012064113994977546,2445095.4564955994
,Doklam,2020,29497.0,2286601.0,0.012899933132190532,2286679.026593169
,Doklam,2020,29497.0,11788.0,2.5022904648795383,12874.720290360325
