Countries,1928,1929,1930,1931,1932,1933,1934,1935,1936,1937,1938,1939,1940,1941,1942,1943,1944,1945,1946,1947,1948,1949,1950,1951,1952,1953,1954,1955,1956,1957,1958,1959,1960,1961,1962,1963,1964,1965,1966,1967,1968,1969,1970,1971,1972,1973,1974,1975,1976,1977,1978,1979,1980,1981,1982,1983,1984,1985,1986,1987,1988,1989,1990,1991,1992,1993,1994,1995,1996,1997,1998,1999,2000,2001,2002,2003,2004,2005,2006,2007,2008,2009,2010,2011,2012,2013,2014,2015,2016,2017,2018,2019,2020,2021,2022,2023,2024,2025
Australia,766,720,708,396,251,326,417,559,656,730,862.539,881.778,879,390.171,337.947,351.887,313.976,704.4,734.4,896.4,1029.6,1047.6,1177.2,1236,1357,1598.087232,1913.952499,1991.042726,2134.989965,2322.087264,2459.041805,2615.098349,2791.962432,2856.943354,2933.010259,3119.084237,3625.969536,3801.980851,3674.065651,3816.989568,3928.019962,4310.060026,4508.697,4683.748,4934.987,5246.088,6111.366,5015.71,5061.06,5021.152,4992.128,5241.553,5494.606,6004.34,5743.124,4835.217,5461.954,5986.2,5926.338,5867.383,6398.885,6900,7068,6108,5412,5500,6000,6000,6250,6450,6850,7450,7500,7500,7550,8000,8000,9000,9000,9200,9400,9200,8300,8600,8600,8400,9000,9500,9600,9700,10200,9900,9600,9800,10000,10098.23404,10196.46809,10294.70213
Austria,523,582,602,500,351,280,315,371,369,426,650,700,750,842,682,773,450,400,387.68,281.271,721.379,1091.012,1280.4,1474.947533,1402,1393.934573,1621.964736,1859.03424,1935.953914,2129.020589,2154.091968,2417.085619,2829.995885,3083.950195,3057.002726,3311.980358,3769.064006,4043.99641,4501.080058,4547.982298,4553.098906,4558.04496,4805.286,5490.071,6343.558,6258.3,6433.351,5628.842,5879.174,5991.642,5734.054,5662.401,5759.45,5286.903,5011.175,4905.963,4897.8,4988.5,4567.652,4521.395,4761.75,4748.145,4748.145,5016,5031,4941,5000,5000,3874,3852,3850,3950,3900,3802,3918,3886,3976,4736,4852.2,5202.5,5309.2,4646,4254,4427,4455,4385,4500,4700,4600,5058,5421,5264,5404,5400,5600,5683.264741,5743.389481,5798.926878
Belgium,3046,3248,3050,3050,2100,1950,1900,2200,2350,3008.016,3054.144,2551.756,2551.756,630.58,510.67,459.52,600,646.898,1889.777,2609.174,3330.948,2924.998,3557.231,4394.995718,4111.023974,4626.095846,4375.040947,4689.030125,4663.958746,4705.062163,4056.958483,4438.998547,4388.003021,4751.964403,4797.331661,4708.984896,5846.065747,5905.077293,5796.093542,5819.971046,5740.151962,6269.038675,6727.219,6934.751861,7102.731705,7055.617766,7489.841289,6909.575934,7538.736274,7806.05508,7623.891261,7758.606779,7773.893241,6752.173755,6383.812777,5781.905864,5783.956028,5330.297998,5840.871374,5775.213198,6555.8836,7014.460475,6802.5,7184,8073,7612,8000,8000,7857,8052,7000,7500,8000,7157,6980,6550,6715,7000,8192.136,9570.99,6225.144,9403.423,8722.477,6954,7000,6119,6120,6400,6290,6491,6500,7857,6820,7400,7300,7289.036006,7252.66742,7264.449439
Bulgaria,108,151,174,104,139,121,130,124,122,135,180,180,180,126.044,126.044,126.044,126.044,245.1,250,300,325,450,550,634.9710528,674.0278272,700.975296,779.9416128,812.0056896,859.0784832,880.056576,933.9515136,1432.991347,1584.954605,1749.027168,1892.974406,2205.087494,2632.324262,2681.102592,2856.090586,3358.02983,3516.133018,3552.119827,3667.001,3875.611,3910.984,4176.735,4297.366,4355.414,4360.856,4663.794,5148.132,5400.278,5357.649,5442,5612.516,5642.447,5715.914,5214.343,5700.495,5492.792,5533.607,5532.7,5532.7,2374,2132,2007,2200,2100,2137,1656,1700,1700,1700,2088,2137,2100,2100,2100,4092.692,4413.346,4902.706,2661.626,3000,1866,2000,1812,1785,2114,1994,2117,2331,2456,2000,1989,1952,1952,1952,1952
Canada,1759,1945,1872,1619,737,383,553,554,784,975.231,876.193,909.875,1200.143,1328.587,1448.818,1159.286,1141.595,1344.934,1835.302,1894.956,2242.773,2526.858,2646.809,2700.034042,2940.002957,3529.947859,3562.011936,3996.070848,4555.998317,5488.073741,5582.048774,5701.095187,5249.980915,5629.974336,6124.068115,6364.03703,7176.04272,7578.037555,8157.067027,7160.010682,7408.16617,7484.062522,7206.115,8238.472267,9113.635711,10149.06922,10451.86634,9855.724854,9733.481666,9767.988423,10719.0989,11968.34432,10699.14852,10360.73299,8622.065394,8069.91075,8843.676953,9840.016128,10935.82299,13025.24828,12790.36741,13065.76181,11249.521,9396,5698,6672,10584,10722,11587,12015,12124,12634,12612,12793,13079,13416,13863,14179,14335.5,15077.6,13672.4,10985,12431,12001,12465,11611,11879,12167,11870,12706,13554,13120,13000,14000,15000,15193.59547,15193.59152,15193.59254
Croatia,0,0,0,0,0,0,0,0,0,0,0,0,0,0,0,0,0,0,0,0,0,0,0,0,0,0,0,0,0,0,0,0,0,0,0,0,0,0,0,0,0,0,0,0,0,0,0,0,0,0,0,0,0,0,0,0,0,0,0,0,0,0,0,0,1768,1683,1700,1700,1842,2134,2295,2712,2852,3246,3378,3654,3811,3520,3597.965,3587.202,3636.696,2838.03,2664,2467,2500,2436,2471,2449,2300,2608,2828,2968,2976,2764,2890,2890,2890,2890
Cyprus,0,0,0,0,0,0,0,0,0,0,0,0,0,0,0,0,0,0,0,0,0,0,0,0,0,0,0,0,0,0,83.0596032,83.0596032,88.0056576,92.951712,94.9983552,96.0216768,69.926976,98.06832,98.921088,186.9267456,237.922272,243.03888,265.751,302.938,422.662,450.779,338.311,621.295,1024.91,1071.167,1106.54,1134.657,1233.52,1034.887,1067.539,942.373,852.58,659.389,863.464,853.487,867.092,1042.143,1133.75,1134,1131,1089,1053,1021,1000,910,1200,1200,1200,1369,1438,1637,1689,1805,1786.488,1872.531,1870,1480.843,1328.763,1207,1300,855,735,788,1099,1319,1358,1537,1496,1440,1858,1939.907387,1955.959004,1959.105019
Czechia,0,0,0,0,1081,850,910,980,1050,1360,1360,1360,1360,300,320,350,350,650,920,1404,1650,1738,1875,2080.071706,2210.033549,2320.040621,2562.056179,2892.077395,3148.078349,3672.019008,4110.000653,4700.116109,5051.115418,5343.103181,5849.98848,5178.007296,5493.019795,5713.033939,6130.037491,6208.15104,6605.505027,7002.859013,7400.213,7954.39,8038.741,8378.866,8964.788,9297.657,9549.803,9746.622,10201.936,10255.449,10542.968,10643.645,10322.567,10495.804,10527.549,10249.1,10296.264,10367.01,10971.979,10885.814,10793.3,8299,8500,5393,5303,4825,5015,4877,4604,4241,4093,3550,3217,3465,3829,3978,4238.818,4898.53,4710,3637,3345,3831,3350,3211,3511,3781,3937,4043,4428,4569,4513,4720,4476,4476,4476,4476
Denmark,779,799,779,509,415,554,770,757,792.369,676.125,639.957,696,441,421.137,434.765,639.038,646.837,219.996,501.835,633.56,769.064,834,873,984.94704,1211.953882,1260.049997,1222.016544,1259.026675,1186.029734,1165.051642,1068.006643,1390.01184,1442.030688,1583.931283,1627.934112,1520.997005,1898.091014,1995.47712,2097.80928,2200.14144,2278.084435,2607.08233,2603.09,2732.791,2748.21,2886.981,2491.529,2236.662,2354.572,2308.315,2625.765,2389.945,1995.4,1601.762,1769.557,1657.089,1667.973,1738.719,2028.959,1886.56,1680.671,1995.4,1995.4,2016,2072,2270,2430,2000,2629,2683,2528,2600,2650,2047,2028,1953,2150,2200,2937,2871,2539,1578,2000,1811,1798,1830,1876,1900,1900,2360,2200,2250,2490,2670,2510,2510,2510,2510
Finland,280,278,203,162,154,163,241,284,332.557,410.371,475.162,563,563,307.087,178.802,238.279,180.221,277.679,329.792,417.737,555.8,655.984,743,829.0610496,778.0655232,937.0214784,1040.035853,1056.067891,960.0462144,946.0608192,925.0827264,1169.997696,1253.057299,1341.062957,1356.924442,1428.045293,1571.992531,1770.005261,1556.983814,1514.004307,1475.970854,1759.08983,1873.862,1810.372,1983.609,2091.542,2202.196,2062.518,1824.884,1711.509,1703.346,1748.696,1799.488,1814.907,1862.071,1906.514,1645.298,1596.32,1421.269,1425.804,1503.806,1596.32,1541.9,1324,1129,835,864,900,975,905,903,1310,1350,1325,1198,1493,1691,1321,1684.507,1742.534,1745,1052.226,1050,1514,1500,1300,1250,1300,1300,1510,1460,1430,1470,1500,1500,1500,1500,1500
France,4240,5787,4989,4989,5199,4766,4718,4033,149,234.638,266.366,305.8,278.5,3405.76,2496.62,2926.25,1485.56,1524,3372,3855,5379,6443,7208,8125.00295,8645.020877,9311.032685,9746.114918,10626.00094,11185.07564,12476.16639,13414.04064,13999.03949,14173.17471,15530.09916,16700.09685,18134.11152,21537.1675,22365.20523,23304.1028,24600.1396,25393.3844,27543.55363,29004.046,28942.37,30282.009,30706.485,32462.437,29242.587,29387.707,28823.553,28019.044,28819.018,29098.374,28223.119,26144.275,24498.977,22719.443,23037.8,23491.3,23554.79,25294.416,24035.5,24035.5,26507,21165,20464,21296,21000,19514,19780,19500,19527,20000,19839,19437,19655,20962,21277,22540,22300,21700,18300,18300,19270,19500,18018,16400,15600,16000,16900,16500,16500,16700,16900,16000,15782.60444,15565.20368,15347.79848
Germany,7576,7039,5511,3718,2888,3931,6625,8802,11530,12605,15000,15000,13349,11349,7287,9073,2595.6,2529,2529,2996.2,5581.2,8460,10877,13846.56457,14876.36721,18111.08678,19189.15609,22023.07471,23257.20056,23063.11056,23241.16852,27369.0773,29937.10285,32419.1694,34028.17206,34675.25242,39399.41658,40220.29106,41189.20606,38695.71243,40994.6044,42488.65394,46302.35,49475.943,51634.603,50549.831,46060.181,44162.737,46751.315,45500.562,47853.32,49299.078,48231.539,43693.818,41790.025,42238.99,40455.828,40815,38559.291,37690.385,38717.109,41010.005,37684,34396,37529,36649,40380,40000,31533,35945,36610,38099,38000,32118,31009,32749,31854,30629,33630,33382,33581,30441,29894,32779,32432,31308,32099,31160,32000,33991,33633,34185,35485,34000,30235,25513,25513,25513
Greece,145,155,180,195,196,200,248,273,276.85,290,308,308,308,63,30,0,0,55,103,182,288,326,432,433.0355904,596.084832,746.0014464,853.9618752,1129.064832,1238.048582,1225.086509,1340.039635,1444.077331,1636.973453,1837.032826,1854.7704,2293.94592,2672.063251,3212.035949,3588.106637,3449.958221,4079.130451,4840.140614,4847.008,5538.142,5998.898,6492.306,7030.157,7870.039,8743.48,10581.969,11277.638,12095.752,13097.08,12937.448,12857.632,14192.736,13517.928,13514.3,13338.342,13165.105,13049.916,12532.019,12516.6,11808,10668,12618,12636,12000,14700,14982,15000,14000,14500,14819,14282,14638,15039,15000,15674,16666.666,16500,16000,15000,7418,7500,5990,5560,5290,5000,6246,6580,5540,5450,5700,6000,6000,6000,6000
Hungary,426,403,329,296,197,181,225,280,215,392,395,395,395,669.33,728.19,701.29,153.29,38.28,163.59,209.06,145,640,800,948.278016,1079.604288,1059.990624,964.1395008,1174.94375,995.0097024,989.0403264,1302.006182,1432.991347,1570.96921,1602.009965,1728.049075,1797.976051,2256.935789,2382.974899,2600.9424,2656.031213,2801.001773,2564.102822,2770.885,2711.023,2963.169,3403.971,3436.623,3758.608,4297.366,4619.351,4762.657,4857.892,4654.724,4633.863,4368.112,4242.039,4144.083,3676.978,3844.773,4152.246,3871.983,3856.564,3990.8,11808,2236,2533,2813,3000,2747,2811,2999,2979,3000,3452,3510,3573,3349,3500,3724.153,3551.746,3544,3200,3200,1694,2000,2022,1610,1750,2000,1663,1670,2500,2300,2500,2400,2284.16452,2284.14068,2284.12435
Ireland,0,0,0,0,0,0,0,0,0,0,110,261,272,294,202,251.98,222.515,192,300,291,398,453,444,426.0428928,459.9830592,470.563622,595.797131,669.08265,713.437238,522.031518,521.041248,529.0572672,569.9901312,773.9722368,905.9807232,801.0902592,973.008288,1051.974605,1113.032794,1298.08345,1351.978387,1273.01207,858.929,1503.138959,1497.026941,1572.580909,1669.939513,1562.183292,1570.598369,1581.739037,1808.111921,2071.793316,2202.924969,1940.688177,1582.95636,1488.677762,1379.82599,1400.034545,1401.154056,1451.379865,1688.981171,1604.685909,1625,1600,1600,1600,1550,1500,1933,2100,2000,2000,2000,3450,3320,3830,4000,4000,4981,4700,3900,2600,2600,2103,2600,2000,2000,2500,2500,3300,4000,3700,3400,3500,3600,3260.396046,2992.117524,2780.22291
Italy,3077,3497,3482,3077,3125,3554,4092,4196,3859,4359.112,4607.454,4800,2793.548,2793.548,2243.319,1712.187,1349.953,1143.069,2019,2790.091,3143.808,4036.501,5003.546,5577.955488,6652.102061,0,0,0,0,0,12823.07242,14402.05764,16014.13027,18031.09715,20157.21832,22088.22618,22840.197,20695.14438,22374.07402,26272.2471,29465.52215,31498.52106,33069.22,31908.94589,33709.32778,36732.63102,36879.02962,34916.50341,37206.25905,38799.3565,39007.65592,41653.87028,44641.71878,43516.94769,41803.37735,41464.37309,40144.88299,42625.46232,38574.66232,40200.34631,40151.1247,39777.34566,36461.4,40806,41347,34771,33192,35000,33327,33721,35512,36000,36000,39804,41416,43433,46045,46404,47814,47541.637,43029.921,36317,36300,33120,33000,23100,21400,22000,22000,19300,19300,19200,20400,23500,18797,18704,18704,18704
Luxembourg,0,0,0,0,0,0,0,0,0,0,0,0,0,0,0,0,0,50,75.1,89.272,102,121,125,132.0084864,103.6965888,147.0172032,150.939936,157.0798656,163.0492416,163.0492416,195.9660864,192.0433536,209.9514816,230.9295744,230.0768064,202.958784,205.0054272,222.0607872,211.9981248,183.0040128,191.020032,207.0520704,244.89,262.123,309.287,357.358,390.917,342.846,299.31,291.147,311.101,318.357,310.194,341.939,343.753,352.823,340.125,317.45,389.103,508.827,563.247,553.27,589.55,688,600,600,620,600,667,683,700,700,700,729,728,714,797,750,901,1081,1091,1000,1078,1319,1217,1093,1058,1080,1100,1200,1080,1150,1140,1150,1200,1166.56402,1148.266186,1183.268728
Netherlands,0,0,0,0,254,360,394,360,401,441,456,541,541,461,370,358,214,231,402.654,519.262,588.997,552.032,592.8,701.9986176,813.0290112,860.9545728,854.3029824,1100.923488,1255.95671,1320.084864,1365.963782,1599.963322,1797.976051,1903.037069,2015.090784,2081.095027,2872.975392,2973.090355,3163.087066,3348.99049,3436.143379,3296.118874,3829.354,4044.329226,4022.578648,4076.111411,4087.016718,3705.183791,3480.2642,3893.895721,3917.508877,3700.758204,3210.983365,3315.33184,3102.210559,3106.791918,3175.786068,3129.588155,3099.730353,2929.276451,3418.378351,3541.032153,3728.677,3546,3300,3400,3400,3400,3140,3230,3200,3200,3200,3380,3085,2450,2380,2400,2790,2700,2700,2700,2700,2318,2500,2050,2610,2260,2300,2030,2940,3440,2980,2500,2500,2500,2500,2500
Norway,318,319,321,220,235,222,249,263,290,320.481,331.6,390,230,312.83,373.648,311.152,321.731,141.8,436.211,472.612,526.187,592.184,583.2,701.9986176,705.9213504,755.0407872,770.049504,800.0669376,916.0433856,989.0403264,1030.996512,1130.940922,1151.066246,1227.98592,1412.013254,1437.937402,1540.951776,1603.033286,1826.970163,2066.08631,2297.015885,2491.95865,2608.532,2721,2647.533,2725.535,2637.556,2790.839,2685.627,2313.757,3138.22,2196.754,2092.449,1836.675,1785.883,1617.181,1457.549,1599.948,1749.603,1638.949,1427.618,1375.012,1378.64,1147,1266,1344,1444,1400,1664,1724,1676,1700,1720,1642,1631,1650,1420,1500,1695,1700,1700,1650,1650,1387,1500,1700,1700,1800,1850,1880,1680,1480,1440,1440,1530,1548.754121,1613.341941,1649.391733
Poland,1098,1008,832,546,354,411,721,843,1048,1289.108,1719.452,1719.452,1300,300.906,300.906,300.906,300.906,300.906,1398.915,1521.822,1823.857,2200,2376,2688.09529,2659.953946,3294.07223,3403.055981,3813.066835,4034.957069,4487.94743,5058.108115,5317.00848,6592.067194,7363.992787,7544.097389,7674.059232,8760.997325,9573.003014,10041.00209,11138.00285,11600.2031,11830.27991,12177.382,13078.94,13983.219,15545.073,16761.36,18548.15,19796.182,21295.453,21695.44,19172.166,18439.31,14222.667,16096.529,16196.299,16696.963,14997.245,15796.312,16096.529,16997.18,17096.95,16960.9,12012,11908,12228,13834,13884,13959,15003,14970,15550,14807,11918,10948,11653,12566,12646,14688.353,17119.936,17206.735,15537,15521,18993,15919,14539,15534,15206,15722,17145,18788,18653,18900,19000,18853,16606,16606,16606
Portugal,76,88,99,95,121,164,185,214,245,254,268,297,271.173,272,243.6,246.799,244.974,262.98,326.4,427.734,498.069,521.435,572.549,641.9637504,727.0699968,769.0261824,798.3614016,779.0888448,1024.003814,951.0068736,1024.003814,1030.996512,1197.968486,1245.04128,1402.80336,1432.991347,1621.964736,1679.95296,1720.033056,1836.009504,1861.080883,2036.068877,2331.897,2457.063,2794.467,3300.573,3294.224,3323.248,3712.351,4295.552,5198.924,5137.248,5559.91,5695.96,5798.451,6061.481,5538.142,5986.2,5442.907,5851.057,1904.7,5986.2,5986.2,7473,7638,7600,7500,7500,8455,9395,9500,9500,9200,10162,9759,8567,8843,9000,8340,12631,12650,12700,12750,5069,6000,5000,4500,5600,4200,3790,3960,4140,4290,4500,4500,4500,4500,4500
Romania,332,317,396,196,213,220,314,361,376,456.311,448.402,531,400,620.52,560.996,840.485,400,250,315,422,452,560,650,1139.980262,1500.018912,1896.044371,1685.240122,1991.042726,2185.985491,2421.008352,2571.948288,2850.973978,3054.103315,3308.057626,3489.014995,4369.071571,4751.964403,5406.037459,5885.97529,6338.112883,7026.126106,7515.103277,8124.906,8521.265,9209.678,9846.392,11192.38,11972.4,13085.289,13872.565,14685.237,15594.958,15600.4,14743.285,14991.803,13965.079,14197.271,12197.336,14212.69,14294.32,13967.8,13967.8,12970.1,6692,6900,6240,5998,6000,6956,7298,7300,6252,8264,5668,5680,5992,6239,7032,8252.768,10059.579,10659.63,7902.328,7008.422,7846,7500,7451,7621,8356,8038,8442,8951,9937,10539,10676,10204,10204,10204,10204
Slovakia,0,0,0,0,0,0,0,0,0,0,0,0,0,0,0,0,0,0,0,0,0,0,0,0,0,0,0,0,0,0,0,0,0,0,0,0,0,0,0,0,0,0,0,0,0,0,0,0,0,0,0,0,0,0,0,0,0,0,0,0,0,0,0,0,0,2500,2500,2500,2802,3017,3000,3000,3000,3123,3141,3147,3158,3158,3592.509,3718.41,4157.356,3011.46,2887.749,3219,2915,3121,3319,3466,3518,3782,3913,4031,4072,4165,4200,4230.563792,4275.518881,4320.475794
Slovenia,0,0,0,0,0,0,0,0,0,0,0,0,0,0,0,0,0,0,0,0,0,0,0,0,0,0,0,0,0,0,0,0,0,0,0,0,0,0,0,0,0,0,0,0,0,0,0,0,0,0,0,0,0,0,0,0,0,0,0,0,0,0,0,0,950,950,1000,1000,1026,1113,1149,1224,1300,1237,1178,1370,1186,1200,1269,1300,1300,1000,1000,620,1000,614,706,600,700,660,680,1035,920,880,950,933.1105789,937.1860636,933.8691384
Spain,1542,1820,1839,1630,1425,1407,1362,1355,600,650,592.427,1194.481,1557.878,1639.923,1646.28,1701.52,1843.037,1926.052,2145.14,2186.338,2330.85,2247.608,2521.107,2741.990227,2962.004371,3256.038778,3812.043514,4332.06144,4405.058381,4895.058874,5326.047821,5779.038182,5802.062918,6628.054003,6444.026669,7748.079494,8500.050317,9219.104294,11807.08462,13099.02814,14954.3102,15774.33191,16698.777,16989.924,19436.103,22362.992,23659.095,23971.103,25196.46,27989.113,30226.682,27906.576,28452.59,28745.551,29562.758,30630.297,25430.466,25486.7,24035.5,23400.6,24035.5,24489,25033.2,25117,24615,22878,25150,25000,25157,27632,27943,30800,30000,40512,42417,44747,46593,50347,54032.77,54720.445,42088.1,29504.574,23472.889,22178,15939,13736,14587,15000,15000,14500,16215,16998,15600,18000,18484,17904,17635.51262,17511.21399
Sweden,468,570,611,518,484,403,583,740,795.181,875.541,992.932,1184.991,700.749,645.023,823.89,922.734,1061.14,1213.513,1461.726,1550.103,1486.45,1698.369,1944,2035.045555,2116.058515,2351.934144,2465.011181,2549.946874,2495.028614,2446.079731,2510.037331,2820.103776,2805.947827,3011.976576,3054.103315,3299.018285,3625.969536,3775.033382,3690.950458,3837.114893,3911.987923,3958.037395,4072.43,3824.819,3731.398,4213.015,3308.736,3120.08,2868.841,2534.158,2347.316,2339.153,2437.109,2317.385,2303.78,2239.383,2361.828,2630.3,2051.634,2252.988,2199.475,2199.475,2358.2,2395,2289,2200,2100,2100,2447,2253,2105,2100,2150,2645,2642,2476,2588,2600,2952,2950,2900,2950,2900,2064,2500,2560,2500,2800,2800,3020,3256,2700,2800,2800,2900,2900,2900,2900
Switzerland,630,690,790,850,0,0,0,0,509,650,650,650,650,711,439,367,430,415,694,994.79,1000,950,1078,1314.968256,1384.042464,1581.031872,1817.078054,2117.081837,2380.075488,2375.982202,2184.96217,2682.978682,3036.024634,3601.06871,3726.084499,3580.943386,4321.998778,4039.050355,4326.092064,4176.004896,4321.14601,4533.996902,4796.216,5218.878,5711.379,5754.915,5255.158,3764.05,3545.463,3647.954,3696.025,3932.752,3900.1,4347.251,4093.291,4139.548,4180.363,4199.41,4391.694,4615.723,4964.011,5460.14,5442,4700,4260,4000,4000,4000,3638,3568,3600,3600,3600,3950,3771,3613,3851,4022,4040,4000,4000,4000,4000,4577,4467,4740,4790,4390,4580,4580,4290,4210,4150,4180,4146,3730,3630.342413,3606.465688
United Kingdom,4400,4766,5111,5986,4320,4470,5280,5900,6700,7300,7900,8900,7200,7472.946,7548.54,7081.869,4751.159,4121.1,6681.545,7071.708,8656.7,9364,9912.6,10388.41978,11314.01416,11400.14373,12156.03729,12720.05804,12972.13626,12156.03729,11851.08745,12790.15557,13497.10024,14376.1335,14256.06376,14060.09768,16966.16047,17191.12067,16750.06906,17577.08346,17873.33507,17422.22079,17053.414,17892.389,18043.858,19982.117,17777.2,16892.875,15776.358,15452.559,15912.408,16136.437,14804.961,12726.117,12959.216,13393.669,13478.02,13341.063,13409.995,14307.925,16502.865,15963.2,14000,12297,11006,11039,12493,12500,12214,12638,12409,12697,12800,11854,11265,11650,11730,11470,11471,11887,10071,7623,7600,8529,8500,8203,8958,9600,9600,9359,9197,9079,8046,9008,8393,8182.79027,8182.798775,8182.796801
USA,30445,29481,27798,21604,13166,10905,13374,13262,19400,20137.732,18279.156,21267.269,22640.675,28466.331,31610.471,23067.914,15716.82,17786.688,28403.616,32314.655,35626.454,36312.78,39273.486,42548.3477,43091.73147,45651.91156,47048.40444,53709.54584,56874.8501,53512.21532,55660.50847,60671.71434,56987.07437,57754.22446,60023.26956,62832.96956,65728.96969,66319.2557,68523.49043,65807.76545,70274.90534,71061.49855,67679.433,73669.261,75913.179,79428.711,75179.416,63237.854,67566.965,72612.606,77530.36,77914.928,69575.063,66149.324,58357.287,64711.729,71379.993,71525.113,72483.812,72107.407,70974.564,71253.013,71295.642,68465,70883,75117,79353,78320,80818,84255,85522,87777,89510,90450,91266,94329,99015,100903,99712.374,96849.651,87610.421,64842.794,67175.998,67895,74151,77200,82535,84405,84695,86356,86368,88500,89000,92000,93183,90000,86000,85030.77771
Mexico,216,225,0,0,251.651,251.651,251.651,251.651,285.978,344.693,373.712,409.784,484.992,537.464,588.476,578.253,662.8,740.4,738,707.8,833.444,1227.6,1522.8,1614.972038,1640.043418,1666.990886,1750.05049,2015.090784,2277.061114,2560.009536,2539.031443,2709.073382,3089.066803,3036.024634,3352.060454,3762.071309,4418.020454,4304.09065,4906.997626,6258.123245,6126.114758,6787.180512,7178.905,7360.305,8600.174,9784.716,10592.853,11609.6,12580.997,13224.06,14053.058,15175.017,15999.48,17974.019,19293.704,17064.298,18432.054,20576.202,19747.204,22342.131,22508.112,22761.165,22757.537,25100,26880,27120,29700,23971,25366,27548,27744,29413,31677,32110,33372,33593,34992,36000,40362,38757,37139,35160,34502,35400,36184,34612,36597,39613,40577,41601,48328,45163,47833,51559,40946,48000,48000,42934.3367
Brazil,88,96,87,167,149,222,324,363,483,571.452,617.896,697.793,743.634,767.506,753.833,747.409,809.908,774.378,826.382,913.525,1111.503,1281.047,1381.976,1456.016083,1619.065325,2029.928947,2499.974669,2770.984339,3293.048909,3376.108512,3790.042099,3841.037626,4473.962035,4708.984896,5072.09351,5183.976672,5624.00496,5577.10272,6046.12512,6404.969894,7281.103738,7823.123078,9000.161,9801.042,11378.315,13395.483,14916.522,16688.8,19142.235,19158.561,22095.427,24874.475,26484.4,26045.412,25639.076,20865.535,24995.106,27028.6,25291.695,25464.932,25322.533,25877.617,24987.85,27490,23903,24843,25229,25500,34597,38096,39942,40270,39208,38927,38027,34010,34413,36673,41894.741,46551.238,51970.121,51747.598,59117.704,64093,68787,69975,71254,65283,57476,54004,53553,56611,61052,65884,64000,67000,68000,69026.16281
Egypt,90,180,300,240,243,288,297,379,335,330,375.763,371.941,360.832,420.107,420.98,322.859,423.902,432.088,587.577,648.353,768.283,800,1000,1130.088154,947.0841408,1097.000755,1335.093581,1371.08039,1350.955066,1466.078746,1512.980986,1776.997958,1852.041542,2136.013286,2149.998682,2509.01401,2520.952762,2422.031674,2629.083744,2736.020851,3147.055027,3613.007462,3683.327,3920.054,3700.56,3616.209,3263.386,3578.115,3361.342,3256.13,2999.449,2987.658,2993.1,3498.299,4259.272,5499.141,6530.4,7800.2,7610.637,8744.387,10789,10479,10864,16427,17000,16000,16000,16000,18700,19700,21000,23313,24143,25700,28155,26639,28763,29000,36100,38469,39844,46500,48000,43384,55200,50000,52080,53940,55000,53000,52000,48700,44900,50000,46000,52000,50000,51185.40161
Turkey,59,65,57,100,108,118,168.5,131.175,177.506,214.794,267.568,283.624,266.637,272.919,210.855,151.472,285.35,288.455,323.219,350.456,344.924,372.584,386.813,396.0254592,458.9597376,528.0339456,707.9679936,821.0450304,969.9383232,1261.073318,1517.074272,1734.018451,2037.944966,2028.052858,2319.017299,2697.987398,2940.002957,3328.012397,3865.085683,4249.001837,4728.086899,5796.093542,6370.768,7546.24,8422.402,8943.927,10231.867,10737.973,12339.735,13829.936,15126.039,13785.493,14194.55,15039.874,15774.544,13592.302,15734.636,15963.2,19999.35,21974.796,22670.465,23795.145,24126.2,26091,28607,31241,29493,33153,35214,36035,38200,34258,35825,30125,32577,35077,38796,45000,47499.159,49552.551,54027.283,53972.758,62737.276,63405,63879,71337,71239,71419,75403,80552,72544,56966,72299,82000,73700,81000,82000,79382.25896
Iran,0,0,0,0,0,0,0,0,55,55,55,170,55,55,55,35,38,25,42.7,42.714,64.795,58.5,64,64.9809216,69.926976,64.9809216,62.0815104,79.9896384,156.056544,139.001184,410.0108544,579.029472,796.9969728,744.9781248,744.9781248,744.9781248,744.9781248,784.7171136,1393.593466,1394.105126,1940.0472,2342.042035,2574.066,2849.794,2893.33,3488.322,3900.1,3900.1,6098.668,7254.186,11996.889,8979.3,8979.3,7997.926,9498.104,9997.861,10497.618,10974.7,12270.803,12726.117,12199.15,12516.6,12516.6,15000,15200,16000,16000,16300,18350,19250,19500,20000,20000,26640,28600,30460,32198,32650,35300,41000,44400,50000,61000,66000,70000,68700,66700,58600,55000,55000,55400,60400,68300,62000,59000,71000,72000,72126.16353
Saudi Arabia,0,0,0,0,0,0,0,0,0,0,0,0,0,0,0,0,0,0,0,0,0,0,0,0,0,0,0,0,0,0,2732.098118,0,0,105.0610176,151.9632576,195.9660864,259.0709184,252.9309888,250.0315776,354.0692736,510.9785856,558.0513792,674.808,702.925,927.861,964.141,1020.375,1088.4,1103.819,1267.079,1799.488,2176.8,3501.02,4733.633,7151.695,8123.999,8998.347,8979.3,9330.309,8592.918,9523.5,9523.5,9977,11371,15324,15300,16000,16000,16437,15400,14000,14000,15000,20608,22000,23000,25400,26064,27056,30368.771,31822.848,36500,42300,48358,53000,56238,57223,61900,55943,47134,41937,44341,53418,53699,52000,49000,50000,51672.56788
India,568,570,724.8966112,588,592,623,767,892,977,1142,1392,1642,1892,2142,2220,2146,2077,2180,1969,1471,1578,2136,2652,3252,3594,3840,4438.044846,4559.139802,5007.191137,5690.098465,6198.18561,6921.173662,7845.247563,8245.202029,8587.167361,9355.18227,9690.154795,10578.24132,11051.02332,11693.67936,11940.47429,13260.40931,13543.36098,14894.15906,15755.98456,15005.74278,14283.62373,16234.07092,18696.17031,19059.95139,19559.81018,18264.35037,17700.08146,20760.01559,22498.18155,25355.81348,29029.91168,33029.6892,36399.88051,36979.57156,40699.93618,46000,49000,51000,50000,53812,57000,62000,75000,80000,85000,90000,95000,100000,115000,123000,130000,145000,160000,170000,185000,205000,220000,240000,270000,280000,280000,300000,290000,290000,300000,320000,295000,330000,380000,420000,450000,479267.2021
China,252,369,451.6135055,477.6829882,192,270,229,203,450,800,824,1340,1452.5,1189.1,1572,1538.247,1177.89,425,208.057,608.692,765,1218,430,1296.20736,2046.6432,3880.0944,4600.001146,4500.056736,6422.025254,6806.96473,9300.117254,12270.13764,13500.17021,10000.06923,9000.113472,10000.06923,10500.13238,11102.01604,11128.11074,8148.880454,9255.261658,10250.27136,10230.96,12249.035,14221.76,24996.92,24996.92,30021.7,58044.372,65970.645,76684.129,85780.432,95442.703,83982.758,94053.179,108227.775,121055.476,142489.7,161446,179586,203168,206796,203168,252610,308220,367880,421180,445610,491190,511730,536000,573000,583190,661040,725000,862080,970000,1038300,1236770,1361170,1400000,1644000,1880000,2000000,2209840.8,2416136,2492070.8,2359188.3,2410309.8,2330840.6,2207706.8,2330000,2394708.3,2378108,2118000,2000000,1900000,1806091.295
"Korea, Republic of",0,0,0,0,0,0,0,0,0,0,0,0,0,1305.984,1181.429,1400,1003.002,5.35,10.696,18.191,17.35,24.132,10,6.9926976,35.9868096,44.0028288,62.0815104,55.9415808,46.049472,91.9283904,296.0810496,357.9920064,430.9889472,523.0878912,790.0042752,778.0655232,1241.971315,1613.948717,1880.012333,2439.939802,3572.074598,4865.04144,5821.126,6870.525,6577.564,8172.977,8840.529,10126.655,11869.909,14192.736,15129.667,16409.444,15627.61,15614.005,17883.319,21277.313,20408.407,20420.198,23397.879,25656.309,28988.627,30467.944,33593.466,34999,44444,47313,50730,55130,58434,60317,46091,48157,51255,52046,55514,59194,54330,51391,53971,52182,51653,50127,47236,48249,47087,47291,47048,52044,56747,56500,52093,50635,47518,49864,51000,51000,52000,52632.0053
Japan,3841,4274,3748,3615,3731,4784,5125,5876.803,6232.206,6703.328,5519,5074,4250,5828.459,4356.023,3767.666,2995.053,1172.273,929,1236,1848,3274.572,4458,6548.064365,7117.031174,8767.990022,10675.12038,10563.06666,13024.15511,15176.02988,14985.1804,17268.04034,22538.14658,24636.12641,28787.23048,29948.18884,32981.14351,32689.15574,38265.23514,42993.32204,47677.74722,51387.79968,57177.28,59451.129,60624.787,78101.77,73093.316,65505.354,68697.994,73123.247,84850.757,87785.809,88109.608,84809.942,80671.301,80874.469,78843.696,72842.077,71249.385,71535.997,77538.523,79700.811,81992.8,89564,88253,88046,91624,90474,94492,91938,81328,80120,81300,76550,71828,68766,67376,69629,69942,67685,62810,54800,51526,51291,54737,57962,57913,54827,53255,55195,55307,53462,50905,50083,53000,48000,48000,49299.5371
Vietnam,0,0,0,0,0,0,0,0,0,0,0,0,0,0,0,0,0,0,0,0,0,0,0,0,0,290.9644416,253.9543104,300.0037824,349.9759872,349.9759872,302.0504256,379.9934208,405.917568,452.9903616,470.0457216,491.0238144,724.000032,944.866944,885.0026304,926.106048,639.576,741.5670528,784.555,761.88,488.873,763.694,698.39,684.785,739.205,843.51,842.603,729.228,848.045,545.107,799.974,927.861,1100.191,1297.01,6390.722,6837.873,1953.678,1995.4,2539.6,3000,5000,6500,7200,7500,6586,8019,9700,10381,12500,16073,21121,24127,25320,29000,32690,37102,40009,47900,50000,58271,55531,57516,60982,67645,74457,78843,89121,105533,112283,114686,120000,110000,110000,112341.3709
Indonesia,0,0,0,0,0,0,0,0,0,0,0,0,0,300,0,0,0,0,0,10,37.751,0,0,100.626624,136.9545408,149.0638464,147.0172032,149.0638464,105.0610176,149.9166144,298.9804608,344.0066112,386.9861184,444.9743424,510.9785856,330.021216,439.0049664,364.984704,338.0372352,300.174336,410.0108544,539.9726976,553.27,546.921,553.27,730.135,830.812,880.697,1804.023,2677.464,3647.954,4430.695,5876.453,6889.572,7499.076,8185.675,8856.855,9977,10938.42,11840.885,12239.965,14095.687,13759.19,16153,17280,18934,19000,19500,24646,27505,22341,23925,27789,31300,34640,35500,36000,37000,35000,36000,38530,36910,39480,45240,51000,56690,56760,59850,62000,65000,75213,71900,62700,65000,64000,67000,65000,63848.06823
South Africa,0,0,0,0,0,0,0,0,0,0,0,0,0,0,0,0,0,0,0,0,0,0,0,0,0,2123.051213,2161.937434,2336.072659,2469.957235,2525.046048,2722.035456,2646.991872,2704.980096,2598.042989,2659.101178,2884.061376,3455.074829,3881.97049,3983.961542,3809.99687,4410.004435,4987.157818,5749.473,5854.685,6110.459,6862.362,7299.536,7165.3,7046.483,6571.215,6822.454,6893.2,6983.9,8093.161,8008.81,7895.435,8185.675,7032.878,6710.893,6733.568,8484.078,8028.764,7981.6,7427,7028,7356,7905,9071,9000,9500,9500,8900,8900,8036,8525,8883,12348,13000,12657.529,13651.416,13473,11784,13000,11234,11560,12168,12068,12992,13000,14134,13680,12726,12000,12500,12000,12127.65957,12255.31915,12382.97872
Argentina,233,350,384,536,88,77,96,65,66.8,67,67.2,67.4,67.6,67.8,68,80.9,96.445,105.035,115.41,127.815,129.867,128.075,322.071,448.0443072,485.0544384,517.9712832,659.0191104,675.0511488,669.0817728,711.0379584,842.0231232,956.9762496,1062.037267,1071.929376,649.9797696,883.9793088,785.0582208,739.0087488,659.0191104,669.9345408,866.0711808,949.983552,924.233,964.141,961.42,1006.77,940.559,907,1399.501,1776.813,2696.511,3628,3990.8,4458.812,4398.95,4807.1,5532.7,5532.7,6457.84,6503.19,6503.19,6503.19,6503.19,6319,6400,6400,6060,6200,6500,7096,7500,7500,8300,8300,9000,9000,9000,9000,14701.572,15886,17398,19100,20000,11592,10716,11892,11408,11000,11000,11960,11842,11082,9871,12126,12976,12557,12603.55449,12658.44376
Barbados,0,0,0,0,0,0,0,0,0,0,0,0,0,0,0,0,0,0,0,0,0,0,0,0,0,0,0,0,0,0,0,0,0,0,0,0,0,0,0,0,0,0,0,0,0,0,0,0,0,0,0,0,0,0,0,0,149.655,199.54,198.633,204.982,184.121,214.959,199.54,200,175,62,78,80,107,173,259,253,268,250,298,325,322,320,337.801,294.184,316.467,301.427,300,223,176,160,160,160,160,240,240,240,180,240,240,240,240,240
Bolivia,0,0,0,0,11.1,11.1,11.1,11.1,11.1,11.1,18.6,24.285,24.285,24,22.579,22.675,27.6,27.174,30.742,38.828,39.13,41.546,38,39.0567744,37.0101312,33.9401664,32.9168448,38.0334528,32.0640768,24.0480576,28.994112,28.994112,38.0334528,45.0261504,49.9722048,62.0815104,63.9576,60.0348672,60.0348672,62.0815104,70.9502976,79.9896384,116.096,127.887,150.562,166.888,202.261,225.843,220.401,266.658,253.96,251.239,260.309,374.591,324.706,327.427,326.52,299.31,294.775,396.359,452.593,505.199,498.85,592,600,654,708,700,934,1035,1169,1214,1300,983,1010,1138,1276,1440,1636.079,1738.649,1985.411,2291.605,2414.382,2658,2714,3061,3337,3468,3601,3611,3655,3950,3210,3500,3900,4008.05213,4116.084524,4224.098975
Chile,111,145,161,102,112,139,203,285,248,313.11,363.987,340.758,385.091,359.72,364.584,374.747,362.877,411.088,579.906,602.299,539.789,495.208,512.848,698.0758848,817.9750656,762.0334848,774.9955584,803.9896704,771.0728256,770.049504,726.0466752,836.0537472,828.037728,869.9939136,1146.97296,1166.074963,1267.042694,1188.076378,1364.087693,1203.085094,1238.048582,1435.03799,2040.75,1367.756,1404.036,1462.084,1423.083,937.838,962.327,1121.959,1179.1,1352.337,1299.731,1862.978,1131.936,1254.381,1389.524,1297.01,1433.06,1593.599,1833.047,1723.3,1804.93,2251,2645,3021,2995,3000,3634,3735,3888,3036,3491,3513,3462,3622,3798,3999,4111.533,4439.967,4622.329,3876.297,3871.103,4406,4722,4880,4200,4300,4200,4000,4750,5030,4280,4750,4500,4628.088658,4675.787375,4723.270785
Colombia,0,0,0,0,30.005,48.639,67.273,85.907,104.541,123.175,141.809,167,188,210.912,207.793,258.578,281.626,302.598,332.265,346.227,363.749,474.726,579.977,647.9331264,699.9519744,873.0638784,961.922304,1046.005229,1219.969901,1210.93056,1227.98592,1356.071674,1465.055424,1571.992531,1715.93977,1834.986182,1971.940723,2082.459456,2227.941677,2116.058515,2367.113414,2408.046278,2795.374,2847.073,2891.516,3220.757,3431.181,3090.149,3611.674,3296.945,4152.246,4256.551,4335.46,4457.905,5030.222,4720.028,5275.112,5314.113,6009.782,5963.525,6377.117,6641.961,6621.1,6302,6807,7930,9322,9624,8907,8446,9190,7500,7500,6830,6064,7337,7822,9959,10038.131,11067.76,10455.662,9232,9488,10777,10925,11252,12384,13153,12495,12299,12452,13013,11849,13797,14611,14211,14360.58947,14510.17895
Costa Rica,0,0,0,0,0,0,0,0,0,0,0,0,0,0,0,0,0,0,0,0,0,0,0,0,0,0,0,0,0,0,0,0,0,0,0,0,32.9168448,119.0464128,114.9531264,111.0303936,132.0084864,157.9326336,186.842,213.145,261.216,272.1,297.496,330.148,361.893,405.429,425.383,438.081,439.895,459.849,423.569,385.475,350.102,350.102,553.27,581.387,555.991,799.974,798.16,700,700,860,940,990,830,940,1200,1260,1150,1200,1200,1600,1900,2000,1399.789,2300,2500,1498,1276,1600,1500,1460,1500,1600,1600,1364,1340,1220,972,975,1200,1168.42002,1058.136231,1088.943626
Cuba,0,0,0,0,0,0,0,114.5431667,121.5726667,128.6021667,135.6316667,142.6611667,149.6906667,155.55,166.09,169.609,173.75,217.399,267.638,276.369,284.954,312.29,316.251,382.040064,420.0735168,406.9408896,420.9262848,425.0195712,417.003552,668.0584512,714.9606912,625.931712,399.948192,301.7093184,300.0037824,812.0056896,806.0363136,801.0902592,800.0669376,896.0886144,779.9416128,801.60192,741.926,752.81,752.81,1496.55,1496.55,1496.55,2500.599,2655.696,2711.023,2611.253,2779.955,3291.503,3162.709,3230.734,3345.923,3159.081,3304.201,3534.579,3565.417,3718.7,3718.7,2000,2000,1049,1081,1200,1453,1713,1800,1920,1700,1324,1327,1346,1366,1370,1704.7,1805.3,1707.2,1625.7,1600,1736,1833,1659,1580,1518,1493,1431,1590,1407,1015,817,680,680,680,680
Dominican Republic,0,0,0,0,0,0,0,0,0,0,0,0,0,0,0,0,0,0,0,16.8,43.452,53.561,70.443,104.037696,136.9545408,129.9618432,159.9792768,233.9995392,246.9616128,280.0490112,269.9863488,189.9967104,170.0419392,237.069504,257.0242752,229.0534848,297.9571392,211.9981248,275.9557248,310.0664448,326.9512512,390.0560832,492.501,595.899,676.622,580.48,604.969,586.829,653.947,861.65,867.092,886.139,897.93,951.443,948.722,1103.819,1142.82,1151.89,1065.725,1088.4,1493.829,1599.948,1059.376,1235,1365,1271,1276,1453,1642,1835,1885,2000,2000,2746,3050,2783,2636,2640,3776.798,4100,4000,3000,3000,3997,4130,4246,5018,5181,5171,5254,5430,5644,5200,6500,6535,6446.873082,6575.355445,6853.030329
Ecuador,0,0,0,0,10,10,10,10,10,10,12,14.249,16.481,17.213,19.802,27.86,34.691,37.504,38.497,33.231,40.369,52.25,57.607,78.9663168,89.0289792,91.0756224,94.9983552,145.9938816,151.9632576,155.0332224,159.9792768,157.0798656,201.0826944,218.9908224,193.9194432,258.0475968,288.0650304,325.0751616,437.9816448,429.795072,434.058912,456.0603264,331.055,369.149,349.195,485.245,499.757,499.757,607.69,623.109,833.533,1098.377,1396.78,1238.055,1584.529,1444.851,1483.852,1396.78,2014.447,2144.148,2199.475,2249.36,2267.5,2300,2250,2098,2164,2300,3028,2900,2600,2300,2800,2920,3000,3100,3100,3100,4110,4420,5493,5000,5000,5706,5700,6670,6600,6200,5600,5690,5800,5550,5000,5400,5500,5558.510638,5617.021277,5675.531915
El Salvador,0,0,0,0,0,0,0,0,0,0,0,0,0,0,0,0,0,0,0,0,0,0,0,0,0,35.9868096,48.9488832,56.9649024,69.074208,84.9356928,86.982336,83.0596032,85.9590144,75.043584,63.9576,77.9429952,90.0523008,81.01296,142.0711488,142.9239168,154.0099008,142.0711488,163.26,185.935,217.68,240.355,295.682,331.962,321.985,374.591,519.711,591.364,549.642,458.035,418.127,431.732,407.243,399.08,442.616,606.783,623.109,632.179,634.9,680,419,861,850,875,948,1020,1076,1031,1064,1174,1318,1390,1256,1400,1311,1300,1300,1212,1200,1320,1400,1200,1000,1000,1000,900,1089,1280,1000,1070,1066,1081.037155,1092.457679,1103.878191
French Guiana,0,0,0,0,0,0,0,0,0,0,0,0,0,0,0,0,0,0,0,0,0,0,0,0,0,0,0,0,0,0,0,0,0,0,0,0,0,0,0,0,0,0,0,0,0,0,0,0,0,0,0,0,0,0,0,0,0,0,0,0,0,0,0,0,0,0,0,0,52,51,50,50,50,58,62,60,60,60,62,62,62,62,62,62,60,94,87,76,91,80,93,95,90,100,100,100.9315939,101.9973097,103.0628899
Guadeloupe,0,0,0,0,0,0,0,0,0,0,0,0,0,0,0,0,0,0,0,0,0,0,0,0,0,0,0,0,0,0,0,0,0,0,0,0,0,0,0,0,0,0,0,0,0,0,0,0,0,0,0,0,0,159.632,159.632,159.632,159.632,159.632,180.493,190.47,199.54,199.54,199.54,240,235,230,230,230,230,230,230,230,230,265,230,230,230,230,230,230,230,230,230,300,300,300,300,300,300,300,310,310,310,310,310,313.2978723,316.5957447,319.893617
Guatemala,0,0,0,0,0,0,0,0,0,19,19,19,19,19,19,21,23,29,29,27.6,31.573,35.852,41.61,56.9649024,60.0348672,56.9649024,62.0815104,78.9663168,79.9896384,98.06832,118.0230912,115.976448,112.0537152,125.356896,116.9997696,157.0798656,186.0739776,235.0228608,201.9354624,223.9368768,179.934048,186.9267456,224.029,226.75,263.937,310.194,310.194,394.545,445.337,490.687,515.176,573.224,575.945,514.269,506.106,451.686,785.462,789.09,643.97,1323.313,1505.62,1613.553,1723.3,1440,1400,1119,1480,1560,1090,1280,1770,1900,2000,2000,1800,1800,1800,1800,2400,2500,2500,1500,1500,2820,2900,2970,3500,3500,3600,3440,3030,2890,3230,3380,3486,3563.744379,3506.031561,3543.229919
Guyana,0,0,0,0,0,0,0,0,0,0,0,0,0,0,0,0,0,0,0,0,0,0,0,0,0,0,0,0,0,0,0,0,0,0,0,0,0,0,0,0,0,0,0,0,0,0,0,0,0,0,0,0,0,0,0,0,0,0,0,0,0,0,0,0,0,0,0,0,0,0,0,0,0,0,0,0,0,0,0,0,0,0,0,0,0,0,2,100,400,400,410,410,400,400,570,642.1640928,710.6658122,779.111281
Haiti,0,0,0,0,0,0,0,0,0,0,0,0,0,0,0,0,0,0,0,0,0,0,0,0,0,0,0,0,0,0,35.9868096,38.0334528,47.9255616,44.0028288,44.0028288,49.9722048,55.9415808,41.9561856,38.0334528,40.080096,41.9561856,49.9722048,61.676,71.653,80.723,107.933,142.399,154.19,245.797,242.169,248.518,272.1,272.1,235.82,212.238,215.866,220.401,220.401,252.146,252.146,250.332,217.68,286.612,250,200,100,75,50,260,260,260,250,250,315,360,360,360,360,290,290,290,290,290,300,300,100,200,200,200,300,300,300,300,300,300,300,300,300
Honduras,0,0,0,0,0,0,0,0,0,0,0,0,0,0,0,0,0,0,0,0,0,0,0,0,0,0,0,0,0,0,0,10.9154304,33.9401664,40.932864,55.9415808,60.0348672,72.9969408,93.9750336,105.0610176,111.0303936,128.9385216,132.0084864,152.376,162.353,194.098,234.913,214.959,271.193,253.96,250.332,270.286,621.295,634.9,311.101,277.542,485.245,499.757,498.85,360.079,450.779,559.619,648.505,653.04,693,650,723,615,655,952,980,1020,1200,1280,1321,1360,1400,1800,300,1668,1776,1784,1800,1800,1710,1700,1700,1700,1700,1700,2140,1960,1800,1490,1650,1700,1754.873354,1721.668833,1691.662558
Jamaica,0,0,0,0,0,0,0,0,0,0,0,0,0,0,0,0,0,0,0,0,0,0,0,0,75.043584,100.9677312,98.06832,108.9837504,133.031808,112.0537152,178.0579584,196.989408,211.9981248,214.897536,200.0593728,198.0127296,276.9790464,310.9192128,349.9759872,334.9672704,408.9875328,413.9335872,441.709,423.569,417.22,402.708,399.08,406.336,365.521,332.869,293.868,225.843,249.425,165.074,211.331,276.635,261.216,240.355,241.262,305.659,370.963,411.778,435.36,384,475,451,445,523,557,588,558,504,500,596,614,608,808,845,760.815,591.967,724.528,736.5,723.489,766,760,825,830,808,911,846,787,759,940,979,957,952.7001582,1009.732296,1034.638354
Martinique,0,0,0,0,0,0,0,0,0,0,0,0,0,0,0,0,0,0,0,0,0,0,0,0,0,24.0480576,24.0480576,28.994112,41.9561856,42.9795072,0,0,0,0,0,0,0,0,0,0,0,0,0,0,0,0,0,0,0,0,0,0,0,179.586,199.54,199.54,199.54,199.54,199.54,199.54,199.54,199.54,199.54,245,240,220,225,225,220,220,220,220,220,255,221,220,220,220,220,220,220,220,220,150,150,150,150,150,150,150,150,150,150,150,150,150,150,150
Nicaragua,0,0,0,0,0,0,0,0,0,0,0,0,0,0,0.62,12.63,10.034,16,9.975,15.959,16.22,16.462,16.512,19.9547712,18.9314496,0,0,0,0,0,40.080096,34.963488,32.0640768,39.0567744,46.049472,54.0654912,61.0581888,66.0042432,84.0829248,96.0216768,101.9910528,108.9837504,126.98,116.096,117.91,192.284,235.82,193.191,225.843,225.843,198.633,340.125,349.195,166.888,99.77,99.77,99.77,99.77,99.77,99.77,99.77,130.608,126.98,239,277,255,309,350,360,377,480,570,650,514,549,590,600,610,530,530,530,530,530,700,700,650,700,700,700,780,680,580,510,512,530,530,530,530
Panama,0,0,0,0,0,0,0,0,0,0,0,0,0,0,0,0,0,0,0,0,41.3,53.6,50.971,75.043584,92.951712,79.9896384,76.9196736,72.9969408,69.926976,78.9663168,67.0275648,97.0449984,108.9837504,113.9298048,107.9604288,142.0711488,125.0157888,165.9486528,149.9166144,150.087168,164.9253312,173.964672,243.983,281.17,294.775,433.546,394.545,276.635,282.984,270.286,300.217,466.198,498.85,156.004,110.654,153.283,108.84,149.655,335.59,349.195,199.54,168.702,199.54,300,250,571,615,350,647,700,750,900,1000,820,770,800,820,840,1050,1050,1843,1679,1700,897,1000,2370,2190,2200,2200,1920,1640,1370,754,821,900,900,900,900
Paraguay,0,0,0,0,0,0,0,0,0,0,0,0,0,0,0,0,0,0,0,0,0,0,0,0,3.9227328,3.0699648,6.9926976,11.938752,13.9853952,11.938752,6.9926976,12.9620736,13.9853952,16.0320384,17.05536,18.0786816,23.024736,28.994112,25.9241472,13.9853952,24.0480576,37.0101312,87.979,60.769,71.653,74.374,103.398,153.283,155.097,199.54,165.981,160.539,199.54,0,0,0,0,0,178.679,261.216,321.078,326.52,326.52,326,326,490,570,570,613,675,620,640,650,650,650,660,650,650,600,600,600,600,600,820,800,960,1000,1200,1300,1500,1100,1100,1000,1100,1100,1111.702128,1045.185126,1094.93579
Peru,48,49,25,0,21,27,46,60,75,83.048,101.38,119.986,124.48,167.872,188.882,206.792,248.537,264.892,260.617,255.644,282.373,280.5,331.297,360.0386496,370.95408,448.8970752,483.0077952,544.918752,552.0820032,545.9420736,604.9536192,581.9288832,601.0308864,654.073056,660.042432,754.0174656,813.0290112,1017.011117,1069.029965,1042.082496,1108.939507,1137.080851,1131.936,1446.665,1626.251,2359.107,1730.556,1795.86,1965.469,1970.004,2018.982,2499.692,2993.1,3079.265,2589.485,2299.245,2199.475,2199.475,2205.824,2584.043,2539.6,1995.4,1995.4,2200,2089,2089,2100,2100,3848,4301,4340,3799,3800,3950,3980,4000,4590,4600,5782.419,6231.023,6921.735,6862,6865,8500,9000,10527,10676,10410,10094,9980,10049,10574,9140,12855,13196,11404,12531.49132,13064.86465
Suriname,0,0,0,0,0,0,0,0,0,0,0,0,0,0,0,0,0,0,0,0,0,0,0,0,0,0,0,0,0,0,0,0,0,0,0,0,0,0,0,0,0,0,0,0,0,61.676,45.35,49.885,49.885,44.443,59.862,61.676,54.42,70.746,71.653,74.374,49.885,49.885,49.885,49.885,49.885,49.885,49.885,50,50,50,50,50,60,65,65,65,65,65,65,65,65,65,65,65,65,65,65,74,114,131,130,160,150,30,30,50,50,50,50,50,50,50
Trinidad and Tobago,0,0,0,0,0,0,0,0,0,0,0,0,0,0,0,0,0,0,0,0,0,0,0,0,0,0,24.0480576,120.9225024,139.001184,133.031808,149.9166144,179.934048,177.0346368,98.06832,17.05536,162.02592,176.0113152,189.9967104,211.9981248,189.9967104,209.9514816,243.03888,271.193,255.774,286.612,253.053,242.169,258.495,237.634,214.959,220.401,215.866,199.54,139.678,189.563,390.01,405.429,408.15,326.52,323.799,360.079,380.033,438.081,485,482,527,583,600,617,653,690,688,743,697,744,766,768,770,883,901.8,957.648,869.9,800,827,654,802,837,840,721,670,663,678,632,728,707,719,726.5684211,734.1368421
Uruguay,0,0,0,0,157,136,106.213,99.778,111.073,147.773,158.359,164.434,137.88,179.068,150.069,131.544,165.99,216.592,272.49,280.831,287.466,293.377,304.512,301.027104,300.0037824,296.9338176,296.9338176,266.063616,339.0605568,417.003552,433.0355904,421.9496064,414.9569088,389.0327616,374.0240448,340.0838784,411.886944,430.9889472,478.0617408,420.9262848,515.071872,466.9757568,497.943,457.128,4546.791,516.99,546.921,636.714,675.715,700.204,673.901,686.599,689.32,741.926,658.482,400.894,333.776,299.31,340.125,400.894,434.453,465.291,462.57,500,500,500,700,600,685,781,750,720,700,1015,1000,1050,1050,1050,620,620,620,620,620,620,620,850,820,730,740,817,812,737,825,900,900,799.2301578,799.1897214,899.111447
Venezuela,0,0,0,0,44.626,44.626,44.626,44.626,44.626,44.626,39.863,39.13,87.068,115.415,121.833,111.721,119.67,115.784,128.329,145.881,214.513,285,501.006,620.9856576,839.97648,982.0476288,1212.977203,1282.051411,1451.070029,1746.980525,1615.99536,1871.996314,1487.056838,1512.980986,1510.081574,1580.00855,1849.994899,2111.965229,2114.011872,2248.067002,2438.063712,2080.071706,2649.347,2799.002,2981.309,3412.134,3492.857,3453.856,3537.3,3135.499,3425.739,3978.102,4098.733,4875.125,5431.116,4443.393,4779.89,4897.8,5745.845,6108.645,6197.531,4508.697,5228.855,6337,6585,6842,6900,6900,7556,8145,8202,8500,8600,8700,7000,7700,9000,10000,11000,11000,11000,11000,11000,7760,7700,8846,7940,8210,7300,5410,2010,1150,1470,2500,2600,2552.579869,2552.583791,2552.5827
Albania,0,0,0,0,0,0,0,0,0,14,0,0,0,14,0,0,0,0,0,0,0,0,0,16.0320384,17.05536,12.9620736,15.0087168,42.9795072,75.043584,69.926976,77.9429952,74.0202624,72.9969408,120.0697344,120.0697344,129.9618432,127.062432,149.9166144,135.0784512,129.620736,302.0504256,327.9745728,362.8,362.8,362.8,517.897,516.99,516.99,700.204,750.089,899.744,997.7,997.7,789.09,829.905,838.975,838.975,848.045,848.045,857.115,798.16,798.16,798.16,600,200,200,200,200,203,100,84,106,110,0,0,578,573,575,525,889,918,1108,1300,1800,2000,2000,1740,1980,2000,1930,1770,1770,2522,2503,1730,1474.257925,1737.973224,2007.004943
Bosnia and Herzegovina,0,0,0,0,0,0,0,0,0,0,0,0,0,0,0,0,0,0,0,0,0,0,0,0,0,0,0,0,0,0,0,0,0,0,0,0,0,0,0,0,0,0,0,0,0,0,0,0,0,0,0,0,0,0,0,0,0,0,0,0,0,0,0,0,150,150,150,150,150,200,300,300,300,704,913,891,1045,1000,1226.319,1283.357,1406.373,1073.762,948.513,893,846,882,840,808,841,910,995,955,1126,1097,1000,1000,1000,1000
Iceland,0,0,0,0,0,0,0,0,0,0,0,0,0,0,0,0,0,0,0,0,0,0,0,0,0,471.9218112,591.9915456,671.981184,627.9783552,451.96704,32.9168448,77.9429952,72.9969408,75.043584,97.0449984,98.06832,107.9604288,113.9298048,114.9531264,115.976448,99.9444096,92.951712,85.258,99.77,129.701,134.236,155.097,158.725,145.12,138.771,133.329,126.073,126.98,121.538,124.259,115.189,117.91,114.282,113.375,130.608,134.236,117.91,119.724,106,100,86,81,82,88,101,118,131,144,125,83,90,90,95,141.433,140,138,138,138,140,140,0,0,0,0,0,0,0,0,0,0,24.62739964,51.24395374,75.72317439
North Macedonia,0,0,0,0,0,0,0,0,0,0,0,0,0,0,0,0,0,0,0,0,0,0,0,0,0,0,0,0,0,0,0,0,0,0,0,0,0,0,0,0,0,0,0,0,0,0,0,0,0,0,0,0,0,0,0,0,0,0,0,0,0,0,0,0,0,0,0,0,0,0,0,0,0,0,0,0,0,0,0,0,0,0,0,0,0,0,0,0,0,901,921,896,928,935,865,865,865,865
Serbia,0,0,0,0,0,0,0,0,0,0,0,0,0,0,0,0,0,0,0,0,0,0,0,0,0,0,0,0,0,0,0,0,0,0,0,0,0,0,0,0,0,0,0,0,0,0,0,0,0,0,0,0,0,0,0,0,0,0,0,0,0,0,0,0,2036,1088,1612,1696,2205,2011,2253,1575,2117,2418,2396,2075,2240,2200,2565,2677,2843,2232,2300,2095,1831,1592,1605,1654,1801,1908,2093,2151,2364,2610,2625,2629.706145,2625.573144,2629.20555
Russia,1119.305052,1392.22021,1832.178265,1959.813155,2047.451859,1593.965682,2078.037178,2626.22021,3437.907531,3454.376549,3350.268827,3352.621544,3411.439466,3411.439466,3411.439466,3411.439466,3411.439466,1058.722593,1999.809342,2823.260248,3881.982841,4705.433746,6175.881792,7292.979243,9069.723546,9387.980323,11170.79775,13234.09895,14645.74687,17057.34551,19590.02566,22812.07794,26774.06164,29997.31771,33702.8935,35889.78411,38193.1417,42577.45611,47049.94836,49877.95906,51473.58668,52784.11599,56011.51351,58979.78816,61181.45414,64392.46154,67626.942,71743.2625,73064.15539,74712.60411,74657.65582,72342.35891,73620.04004,74783.02328,72731.79825,75363.44794,76529.09858,76820.91134,79457.89582,80801.72829,82033.53027,82601.5367,80769.94662,74698.76072,61700,49900,37200,36400,27800,26700,26000,28400,32400,35300,37700,41000,45700,48700,54731,59939,53548,44266,50400,56200,61700,66503,69139,62104,54935,54678,53678,57676,56165,61000,60665,63000,65000,65181.19566
Ukraine,364.6358437,453.5433746,596.8684461,638.4480458,666.9980934,519.2659676,676.9618684,855.5433746,1119.966635,1125.331745,1091.416587,1092.183031,1111.344137,1111.344137,1111.344137,1111.344137,1111.344137,344.8999047,651.4775977,919.7330791,1264.632984,1532.888465,2011.916111,2375.832784,2954.642517,3058.320981,3639.109154,4311.270485,4771.142822,5556.768959,6381.839802,7431.487301,8722.182154,9772.221813,10979.3867,11691.80974,12442.1742,13870.45167,15327.45481,16248.73545,16768.54282,17195.47377,18246.86258,19213.83699,19931.07339,20977.1228,22030.81903,23371.79216,23802.09924,24339.11414,24321.21365,23566.95971,23983.1897,24362.05459,23693.82731,24551.13944,24930.87328,25025.93708,25884.98713,26322.76724,26724.05119,26909.09056,26312.41373,24334.60439,20100,15000,11400,11000,5017,5098,5591,5828,5311,5800,7142,8900,10600,12183,13732,15000,14918.4,9495.7,9456.5,10515,9801,9857,8636,8511,9023,9003,9241,9210,9568,10781,5390,7450,7828.073315,8063.463367
Belarus,41.72449952,51.89799809,68.29837941,73.05624404,76.32316492,59.4184938,77.46329838,97.89799809,128.1553861,128.7693041,124.8884652,124.9761678,127.1687321,127.1687321,127.1687321,127.1687321,127.1687321,39.46615825,74.5471878,105.2430887,144.7092469,175.4051478,230.2192564,271.8614629,338.0934223,349.9571271,416.4154754,493.3294584,545.9516662,635.8491843,730.2602759,850.3691937,998.0606445,1118.214436,1256.347732,1337.868776,1423.731376,1587.166111,1753.887864,1859.308036,1918.788482,1967.641277,2087.94945,2198.598262,2280.67009,2400.367286,2520.939491,2674.384177,2723.623296,2785.072763,2783.024447,2696.716783,2744.345091,2787.697788,2711.23397,2809.334364,2852.786495,2863.664442,2961.963702,3012.057943,3057.976007,3079.149666,3010.873213,2784.556721,2300,1900,1488,1235,1467,1876,2035,2100,1800,1803,2171,2472,2731,3131,3494.8,3820.5,4219,4350.1,4531.2,4604,4906,5057,5617,4638,4503,4490,4519,4728,4736,4985,4092,4402,4528.007746,4659.71041
Estonia,10.88465205,13.5386082,17.81696854,19.05815062,19.91039085,15.50047664,20.20781697,25.5386082,33.43183985,33.59199237,32.57959962,32.60247855,33.17445186,33.17445186,33.17445186,33.17445186,33.17445186,10.29551954,19.44709247,27.45471878,37.75023832,45.75786463,60.05719733,70.92038162,88.19828408,91.2931636,108.630124,128.6946413,142.4221738,165.8737003,190.5026807,221.8354418,260.3636464,291.7081138,327.7428865,349.0092458,371.4081851,414.0433333,457.5359646,485.036879,500.5535171,513.2977244,544.6824652,573.5473727,594.9574147,626.1827703,657.6363889,697.6654376,710.5104252,726.5407207,726.0063775,703.4913346,715.9161106,727.22551,707.2784271,732.8698341,744.2051725,747.042898,772.686183,785.7542459,797.7328713,803.2564347,785.4451859,726.406101,600,500,402,417,388,423,321,358,329,405,466,506,615,650,848.9,937.4,808,326.2,375,449,450,457,447,390,395,503,527,411,254,366,267,199,199,199
Latvia       ,7.2564347,9.025738799,11.87797903,12.70543375,13.2735939,10.3336511,13.47187798,17.0257388,22.28789323,22.39466158,21.71973308,21.7349857,22.11630124,22.11630124,22.11630124,22.11630124,22.11630124,6.863679695,12.96472831,18.30314585,25.16682555,30.50524309,40.03813155,47.28025441,58.79885605,60.86210907,72.42008268,85.79642756,94.94811587,110.5824668,127.0017871,147.8902946,173.5757643,194.4720759,218.4952577,232.6728305,247.6054567,276.0288889,305.0239764,323.3579193,333.7023447,342.1984829,363.1216435,382.3649152,396.6382765,417.4551802,438.4242593,465.1102917,473.6736168,484.3604805,484.0042517,468.9942231,477.2774071,484.8170067,471.5189514,488.5798894,496.1367817,498.0285987,515.124122,523.836164,531.8219142,535.5042898,523.6301239,484.270734,400,300,244,204,325,246,366,0,0,0,260,295,284,280,280,300,310,650,1100,1100,1100,1000,1100,1100,1100,1000,1000,1100,1100,1200,1250,1250,1250,1250
Lithuania,27.21163012,33.8465205,44.54242135,47.64537655,49.77597712,38.75119161,50.51954242,63.8465205,83.57959962,83.97998093,81.44899905,81.50619638,82.93612965,82.93612965,82.93612965,82.93612965,82.93612965,25.73879886,48.61773117,68.63679695,94.37559581,114.3946616,150.1429933,177.3009541,220.4957102,228.232909,271.57531,321.7366033,356.0554345,414.6842507,476.2567017,554.5886046,650.909116,729.2702846,819.3572164,872.5231146,928.5204626,1035.108333,1143.839912,1212.592198,1251.383793,1283.244311,1361.706163,1433.868432,1487.393537,1565.456926,1644.090972,1744.163594,1776.276063,1816.351802,1815.015944,1758.728337,1789.790276,1818.063775,1768.196068,1832.174585,1860.512931,1867.607245,1931.715458,1964.385615,1994.332178,2008.141087,1963.612965,1816.015253,1500,1000,736,649,700,714,788,666,570,529,606,597,753,832,1065.4,1105.365,1075.6,583.1,834,996,1000,1070,903,980,1010,1023,1151,1223,1221,1354,1463,1392.543666,1368.27207,1365.028186
Georgia,9.070543375,11.2821735,14.84747378,15.88179218,16.59199237,12.91706387,16.83984747,21.2821735,27.85986654,27.99332698,27.14966635,27.16873213,27.64537655,27.64537655,27.64537655,27.64537655,27.64537655,8.579599619,16.20591039,22.87893232,31.45853194,38.13155386,50.04766444,59.10031802,73.49857007,76.07763633,90.52510334,107.2455344,118.6851448,138.2280836,158.7522339,184.8628682,216.9697053,243.0900949,273.1190721,290.8410382,309.5068209,345.0361111,381.2799705,404.1973992,417.1279309,427.7481036,453.9020543,477.9561439,495.7978456,521.8189752,548.0303241,581.3878646,592.092021,605.4506006,605.0053146,586.2427788,596.5967588,606.0212583,589.3986892,610.7248618,620.1709771,622.5357483,643.9051525,654.795205,664.7773928,669.3803622,654.5376549,605.3384175,500,300,100,100,85,91,200,300,300,335,347,345,425,450,450,450,450,870.368,856.88,860,860,1619,1626,1759,1809,2058,1981,2681,2446,2683,2507,2812.591929,2937.923189,3063.24822
Azerbaijan,14.5128694,18.0514776,23.75595806,25.41086749,26.5471878,20.66730219,26.94375596,34.0514776,44.57578646,44.78932316,43.43946616,43.4699714,44.23260248,44.23260248,44.23260248,44.23260248,44.23260248,13.72735939,25.92945663,36.60629171,50.3336511,61.01048618,80.07626311,94.56050883,117.5977121,121.7242181,144.8401654,171.5928551,189.8962317,221.1649337,254.0035742,295.7805891,347.1515285,388.9441518,436.9905154,465.3456611,495.2109134,552.0577778,610.0479528,646.7158387,667.4046895,684.3969658,726.2432869,764.7298303,793.2765529,834.9103603,876.8485186,930.2205834,947.3472336,968.7209609,968.0085033,937.9884461,954.5548141,969.6340133,943.0379028,977.1597788,992.2735634,996.0571973,1030.248244,1047.672328,1063.643828,1071.00858,1047.260248,968.5414681,800,600,500,200,223,315,201,200,200,523,848,1013,1428,1538,1622,1692.8,1594.9,1286.3,1278.8,1425,1966,2296,2941,2683,2310,2955,3445,3488,3237,3440,3560,3725,3838.421592,3939.69667
Armenia,7.2564347,9.025738799,11.87797903,12.70543375,13.2735939,10.3336511,13.47187798,17.0257388,22.28789323,22.39466158,21.71973308,21.7349857,22.11630124,22.11630124,22.11630124,22.11630124,22.11630124,6.863679695,12.96472831,18.30314585,25.16682555,30.50524309,40.03813155,47.28025441,58.79885605,60.86210907,72.42008268,85.79642756,94.94811587,110.5824668,127.0017871,147.8902946,173.5757643,194.4720759,218.4952577,232.6728305,247.6054567,276.0288889,305.0239764,323.3579193,333.7023447,342.1984829,363.1216435,382.3649152,396.6382765,417.4551802,438.4242593,465.1102917,473.6736168,484.3604805,484.0042517,468.9942231,477.2774071,484.8170067,471.5189514,488.5798894,496.1367817,498.0285987,515.124122,523.836164,531.8219142,535.5042898,523.6301239,484.270734,400,200,100,200,282,297,300,287,219,300,355,384,501,605,625,722,770,467.3,487.6,422,438,431,422,417,268,356,546,591,715,853,1004,1136,1147.957895,1159.915789
Kazakhstan,116.1029552,144.4118208,190.0476644,203.2869399,212.3775024,165.3384175,215.5500477,272.4118208,356.6062917,358.3145853,347.5157293,347.7597712,353.8608198,353.8608198,353.8608198,353.8608198,353.8608198,109.8188751,207.435653,292.8503337,402.6692088,488.0838894,640.6101049,756.4840706,940.7816969,973.793745,1158.721323,1372.742841,1519.169854,1769.319469,2032.028594,2366.244713,2777.212228,3111.553214,3495.924123,3722.765289,3961.687307,4416.462222,4880.383622,5173.72671,5339.237516,5475.175726,5809.946296,6117.838643,6346.212423,6679.282883,7014.788149,7441.764667,7578.777868,7749.767687,7744.068027,7503.907569,7636.438513,7757.072107,7544.303222,7817.278231,7938.188507,7968.457579,8241.985952,8381.378623,8509.150627,8568.068637,8378.081983,7748.331745,6400,4000,2000,1800,1120,661,600,838,1175,2029,2129,2570,3662,3975,4880.2,5698.6,5837.3,5694.1,6686.3,7642,6392,7072,8140,8729,9204,9398,9913,10268,10962,12313,12088,12151,12716.59334,13116.99116
Kyrgyzstan,19.95519542,24.8207817,32.66444233,34.9399428,36.50238322,28.41754051,37.04766444,46.8207817,61.29170639,61.58531935,59.72926597,59.77121068,60.81982841,60.81982841,60.81982841,60.81982841,60.81982841,18.87511916,35.65300286,50.3336511,69.20877026,83.88941849,110.1048618,130.0206996,161.6968541,167.3707999,199.1552274,235.9401758,261.1073186,304.1017838,349.2549145,406.69831,477.3333517,534.7982087,600.8619587,639.850284,680.9150059,759.0794444,838.8159351,889.2342782,917.6814481,941.045828,998.5845195,1051.503517,1090.75526,1148.001745,1205.666713,1279.053302,1302.602446,1331.991321,1331.011692,1289.734113,1312.512869,1333.246768,1296.677116,1343.594696,1364.37615,1369.578646,1416.591336,1440.549451,1462.510264,1472.636797,1439.982841,1331.744519,1100,700,400,300,544,658,709,386,500,469,533,757,800,900,1059.9,1229.5,1218.1,579.4,600,1015,1050,1676,1730,1496,1289,1505,1931,1947,1874,2468,2670,2961,2975.36052,3043.400485
Tajikistan,7.2564347,9.025738799,11.87797903,12.70543375,13.2735939,10.3336511,13.47187798,17.0257388,22.28789323,22.39466158,21.71973308,21.7349857,22.11630124,22.11630124,22.11630124,22.11630124,22.11630124,6.863679695,12.96472831,18.30314585,25.16682555,30.50524309,40.03813155,47.28025441,58.79885605,60.86210907,72.42008268,85.79642756,94.94811587,110.5824668,127.0017871,147.8902946,173.5757643,194.4720759,218.4952577,232.6728305,247.6054567,276.0288889,305.0239764,323.3579193,333.7023447,342.1984829,363.1216435,382.3649152,396.6382765,417.4551802,438.4242593,465.1102917,473.6736168,484.3604805,484.0042517,468.9942231,477.2774071,484.8170067,471.5189514,488.5798894,496.1367817,498.0285987,515.124122,523.836164,531.8219142,535.5042898,523.6301239,484.270734,400,300,200,100,50,36,18,30,50,70,100,166,194,253,281.5,313.1,190.4,195,288.2,299,232,384,1150,1418,1361,3117,3844,4202,4243,4000,4024,4188,4376.97443,4569.036867
Uzbekistan,107.0324118,133.1296473,175.2001907,187.4051478,195.78551,152.4213537,198.7102002,251.1296473,328.7464252,330.3212583,320.3660629,320.5910391,326.2154433,326.2154433,326.2154433,326.2154433,326.2154433,101.2392755,191.2297426,269.9714013,371.2106768,449.9523356,590.5624404,697.3837526,867.2831268,897.7161087,1068.196219,1265.497306,1400.484709,1631.091386,1873.27636,2181.381845,2560.242523,2868.463119,3222.805051,3431.924251,3652.180486,4071.426111,4499.103652,4769.52931,4922.109585,5047.427623,5356.044241,5639.882499,5850.414578,6157.463908,6466.757825,6860.376803,6986.685847,7144.317087,7139.062712,6917.66479,7039.841754,7151.050848,6954.904533,7206.553369,7318.01753,7345.92183,7598.0808,7726.583418,7844.373235,7898.688275,7723.544328,7142.993327,5900,5300,4800,3500,3300,3300,3400,3300,3400,4000,4000,4000,4800,5068,5700,6500,6600,6850,6872,6698,6800,6990,7350,7900,8300,8930,9200,10990,12540,15000,11518,11931,12056.58947,12182.17895
Turkmenistan ,19.95519542,24.8207817,32.66444233,34.9399428,36.50238322,28.41754051,37.04766444,46.8207817,61.29170639,61.58531935,59.72926597,59.77121068,60.81982841,60.81982841,60.81982841,60.81982841,60.81982841,18.87511916,35.65300286,50.3336511,69.20877026,83.88941849,110.1048618,130.0206996,161.6968541,167.3707999,199.1552274,235.9401758,261.1073186,304.1017838,349.2549145,406.69831,477.3333517,534.7982087,600.8619587,639.850284,680.9150059,759.0794444,838.8159351,889.2342782,917.6814481,941.045828,998.5845195,1051.503517,1090.75526,1148.001745,1205.666713,1279.053302,1302.602446,1331.991321,1331.011692,1289.734113,1312.512869,1333.246768,1296.677116,1343.594696,1364.37615,1369.578646,1416.591336,1440.549451,1462.510264,1472.636797,1439.982841,1331.744519,1100,1100,700,400,451,450,450,450,450,450,450,450,450,42787,920.6,941,1025.6,1100,1100,1500,1900,2650,2900,3300,3500,3600,2700,2400,1900,2100,2100,2465.114745,2463.841255,2462.676165
Moldova,30.83984747,38.3593899,50.48141087,53.99809342,56.41277407,43.91801716,57.25548141,72.3593899,94.72354623,95.17731173,92.30886559,92.37368923,93.99428027,93.99428027,93.99428027,93.99428027,93.99428027,29.1706387,55.10009533,77.78836988,106.9590086,129.6472831,170.1620591,200.9410813,249.8951382,258.6639635,307.7853514,364.6348171,403.5294924,469.9754841,539.7575952,628.5337519,737.6969981,826.5063225,928.6048452,988.8595298,1052.323191,1173.122778,1296.3519,1374.271157,1418.234965,1454.343552,1543.266985,1625.050889,1685.712675,1774.184516,1863.303102,1976.71874,2013.112871,2058.532042,2057.01807,1993.225448,2028.42898,2060.472278,2003.955543,2076.46453,2108.581322,2116.621544,2189.277519,2226.303697,2260.243135,2275.893232,2225.428027,2058.15062,1700,1500,39,49,40,122,74,50,222,200,300,255,440,500,837,800,750,700,700,1070,1230,1150,1300,1200,1300,1116,1233,1329,1235,1243,1200,1226.550966,1262.49906,1276.159059
Algeria,52,58,0,88,88,77,96,65,66.8,67,67.2,67.4,67.6,67.8,68,80.9,96.445,105.035,115.41,127.815,129.867,128.075,322.071,448.0443072,485.0544384,517.9712832,659.0191104,675.0511488,669.0817728,711.0379584,842.0231232,956.9762496,1062.037267,1071.929376,649.9797696,883.9793088,785.0582208,739.0087488,659.0191104,669.9345408,866.0711808,949.983552,924.233,964.141,961.42,1006.77,940.559,907,1399.501,1776.813,2696.511,3628,3990.8,4458.812,4398.95,4807.1,5532.7,5532.7,6457.84,6503.19,6503.19,6503.19,6503.19,6319,6400,6400,6060,6200,6500,7096,7500,7500,8300,8300,9000,9000,9000,9000,14701.572,15886,17398,19100,20000,19000,19000,18500,21000,23000,23000,26900,24480,25370,22500,24000,28000,28736.31765,29472.26971,30207.89092
Angola,0,0,0,0,0,0,0,0,0,0,0,0,0,0,0,0,0,0,0,0,0,0,0,0,0,28.994112,41.9561856,69.926976,86.982336,86.982336,165.9486528,155.0332224,161.0025984,157.0798656,163.0492416,193.9194432,214.044768,245.0855232,264.0169728,279.0256896,311.9425344,383.0633856,449.872,529.688,616.76,768.229,760.066,698.39,298.403,299.31,399.08,399.08,399.08,250.332,250.332,220.401,350.102,350.102,353.73,353.73,997.7,997.7,997.7,260,300,250,300,300,270,301,350,350,350,550,597,700,754,760,1373,1400,1780,1800,1500,1500,1600,4000,5100,5200,5000,5000,2680,2470,2720,3100,2900,2852.500673,2841.218487,2874.593889
Benin,0,0,0,0,0,0,0,0,0,0,0,0,0,0,0,0,0,0,0,0,0,0,0,0,0,0,0,0,0,0,0,0,0,0,0,0,0,0,0,0,0,0,0,0,0,0,0,0,0,0,0,0,0,296.589,314.729,300.217,300.217,300.217,300.217,300.217,498.85,498.85,498.85,320,370,380,380,380,360,450,520,520,520,250,250,250,250,250,1488.883,1550,1500,1500,1500,1460,1390,1422,1396,1382,1356,1360,2530,2320,2380,2340,3000,2963.16921,2994.360464,3025.551719
Botswana,0,0,0,0,0,0,0,0,0,0,0,0,0,0,0,0,0,0,0,0,0,0,0,0,0,0,0,0,0,0,0,0,0,0,0,0,0,0,0,0,0,0,0,0,0,0,0,0,0,0,0,0,0,0,0,0,0,0,0,0,0,0,0,0,0,0,0,0,0,0,0,0,0,0,0,0,0,0,0,0,0,0,0,0,0,15,15,15,15,15,15,1,0,0,11,11,10.93356045,7.086440928
Burkina Faso,0,0,0,0,0,0,0,0,0,0,0,0,0,0,0,0,0,0,0,0,0,0,0,0,0,0,0,0,0,0,0,0,0,0,0,0,0,0,0,0,0,0,0,0,0,0,0,0,0,0,0,0,0,0,0,0,0,0,0,0,0,0,0,0,0,0,0,0,30,40,40,50,50,50,30,30,30,30,30,30,468,563,587,590,600,580,403,263,300,1800,2150,2745,2190,3040,3100,3278.826929,2825.161285,2848.591242
Burundi,0,0,0,0,0,0,0,0,0,0,0,0,0,0,0,0,0,0,0,0,0,0,0,0,0,0,0,0,0,0,0,0,0,0,0,0,0,0,0,0,0,0,0,0,0,0,0,0,0,0,0,0,0,0,0,0,0,0,0,0,0,0,0,0,0,0,0,0,0,0,0,0,0,0,0,0,0,0,0,0,0,0,0,35,71,100,70,100,100,45,100,75,210,180,180,195.6065499,160.7663682,191.7934682
Cameroon,0,0,0,0,0,0,0,0,0,0,0,0,0,0,0,0,0,0,0,0,0,0,0,0,0,0,0,0,0,0,10.9154304,10.9154304,0,0,0,0,0,0,0,0,0,0,29.931,140.585,169.609,192.284,201.354,237.634,298.403,362.8,353.73,489.78,498.85,516.083,529.688,609.504,0,0,0,0,0,0,0,521,519,520,520,520,305,350,400,500,500,980,937,949,1032,1000,1000,1150,1000,1000,1000,730,900,1400,1300,1600,2600,2560,2830,2780,3440,4500,4700,5047.041447,5393.996598,5740.884307
Chad,0,0,0,0,0,0,0,0,0,0,0,0,0,0,0,0,0,0,0,0,0,0,0,0,0,0,0,0,0,0,0,0,0,0,0,0,0,0,0,0,0,0,0,0,0,0,0,0,0,0,0,0,0,0,0,0,0,0,0,0,0,0,0,0,0,0,0,0,0,0,0,0,0,0,0,0,0,0,0,0,0,0,0,0,0,180,200,200,200,350,370,410,390,510,600,656.6936509,652.1884309,746.3823547
Congo (Brazzaville),41,60,64,45,0,0,0,0,0,0,0,0,0,0,0,0,0,0,0,0,0,0,0,0,0,0,0,0,0,0,0,0,0,0,0,0,0,0,0,0,0,0,0,0,0,0,0,0,0,0,0,0,0,48.978,39.001,15.419,0,0,58.048,38.094,58.048,58.048,58.048,103,115,114,114,100,50,20,20,20,20,201,265,331,403,410,100,100,105,110,100,70,150,250,460,700,950,1050,700,730,600,800,894,30.91709639,21.4291287,18.94660142
Congo (Kinshasa),0,0,0,0,0,0,0,0,0,0,0,0,0,0,0,0,0,0,0,0,0,0,0,0,0,0,0,0,0,0,0,0,0,0,0,245.9382912,224.9601984,247.9849344,264.0169728,259.9236864,0,0,0,0,0,0,0,0,0,0,0,0,0,0,0,0,0,0,0,0,0,0,0,0,0,0,0,0,241,125,134,158,96,0,0,0,0,0,519.233,530.196,411.212,443.55,530,458,377,447,330,399,253,900,1169,1383,1285,1560,2122,2294.097533,2466.103131,2638.035288
Ce d'Ivoire,0,0,0,0,0,0,0,0,0,0,0,0,0,0,0,0,0,0,0,0,0,0,0,0,0,0,0,0,0,0,0,0,0,0,0,0,0,0,0,0,0,0,0,0,0,0,0,0,0,0,0,0,0,0,0,0,0,0,775.485,652.133,770,550,550,500,510,500,500,500,1000,1100,650,650,650,650,650,650,650,650,360.297,468.797,360.034,283.4,280,99,78,2300,2690,3100,3600,3600,4500,4900,5000,5000,5000,5233.403267,5466.6892,5699.873016
Djibouti,0,0,0,0,0,0,0,0,0,0,0,0,0,0,0,0,0,0,0,0,0,0,0,0,0,0,0,0,0,0,0,0,0,0,0,0,0,0,0,0,0,0,0,0,0,0,0,0,0,0,0,0,0,0,0,0,0,0,0,0,0,0,0,0,0,0,0,0,0,0,0,0,0,0,0,0,0,0,0,0,0,0,0,0,0,150,170,180,180,180,224,250,240,360,480,537.1177227,594.2198422,651.3141456
Eritrea,0,0,0,0,0,0,0,0,0,0,0,0,0,9,25,27.5,38,0,0,0,0,0,0,0,0,0,0,0,0,0,0,0,0,0,0,0,0,0,0,0,0,0,0,0,0,0,0,0,0,0,0,0,0,0,0,0,0,0,0,0,0,0,0,0,0,30,300,350,47,60,50,50,45,45,45,45,45,45,45,45,45,45,45,230,230,230,230,200,200,210,180,180,160,180,180,170.5170013,177.4639317,177.4597724
Ethiopia,0,0,0,0,0,0,0,0,0,0,0,0,0,20,20,25,0,0,0,0,8,8,6,5.969376,5.969376,10.0626624,27.9707904,32.0640768,26.9474688,32.0640768,32.0640768,25.0713792,27.9707904,30.0174336,40.932864,33.9401664,44.0028288,96.0216768,99.9444096,150.087168,173.964672,165.9486528,181.4,211.331,187.749,124.259,115.189,145.12,148.748,72.56,86.165,92.514,95.235,129.701,139.678,149.655,159.632,159.632,270.286,350.102,405.429,399.08,399.08,290,300,270,260,611,690,752,784,638,880,900,900,1130,1316,1568,1731,1625.56,1834,2300,2700,3300,3000,4493,5424,7500,8300,9000,9500,9600,9700,9500,9350,9830,10156.39056,10901.0556
Gabon,0,0,0,0,0,0,0,0,0,0,0,0,0,0,0,0,0,0,0,0,0,0,0,0,0,0,0,0,0,0,0,0,0,0,0,0,0,0,0,0,0,0,0,0,0,0,0,0,107.026,189.563,190.47,96.142,99.77,149.655,175.051,119.724,207.703,208.61,210.424,140.585,132.422,115.189,115.189,117,116,132,126,130,185,200,196,200,200,240,257,260,260,260,260,228.601,230,230,230,200,220,170,170,150,370,370,490,540,510,510,570,576.0638298,582.1276596,588.1914894
Ghana,0,0,0,0,0,0,0,0,0,0,0,0,0,0,0,0,0,0,0,0,0,0,0,0,0,0,0,0,0,0,0,0,0,0,0,0,0,0,0,0,230.0768064,407.9642112,441.709,530.595,414.499,436.267,453.5,453.5,653.04,609.504,499.757,214.052,217.68,396.359,292.054,290.24,290.24,344.66,219.494,273.914,477.082,565.061,598.62,750,1024,1203,1346,1400,1500,1700,1630,1870,1950,1900,1900,1900,1900,1900,1800,1800,1800,1800,1800,2550,3000,4500,4500,3830,4000,3940,5110,4990,5120,5600,7000,7359.954466,7719.719686,8079.326675
Guinea,0,0,0,0,0,0,0,0,0,0,0,0,0,0,0,0,0,0,0,0,0,0,0,0,0,0,0,0,0,0,0,0,0,0,0,0,0,0,0,0,0,0,0,0,0,0,0,0,0,0,0,0,0,0,0,0,0,0,0,0,0,0,0,0,0,0,0,0,0,0,277,297,300,300,300,360,360,360,360,360,381,298,237,365,317,377,435,500,500,1280,1380,1500,1540,1590,1700,1792.67227,1885.298229,1977.885098
Kenya,0,0,0,0,0,0,0,0,0,0,0,0,0,0,0,0,0,0,0,0,0,0,0,19.9547712,32.9168448,35.9868096,70.9502976,130.9851648,186.0739776,206.0287488,216.9441792,313.9891776,353.045952,330.021216,346.0532544,344.0066112,421.9496064,484.0311168,484.0311168,479.0850624,543.0426624,641.9637504,791.811,793.625,897.93,791.811,856.208,875.255,986.816,1144.634,1124.68,939.652,1269.8,1299.731,1299.731,1279.777,1163.681,1088.4,1311.522,1320.592,1238.962,1216.287,1511.062,1423,1508,1417,1420,1500,1816,1506,1200,1204,1071,1319,1463,1658,1789,2123,2174.09,2545.661,2828.799,3320.282,3730,4478,4640,5059,5883,6353,6715,6230,6070,6163,7474,9248,9754,9709,9248.525062,9430.073358
Liberia,0,0,0,0,0,0,0,0,0,0,0,0,0,0,0,0,0,0,0,0,0,0,0,0,0,0,0,0,0,0,0,0,0,0,0,0,0,0,0,0,49.9722048,69.926976,90.7,90.7,90.7,88.886,86.165,90.7,99.77,99.77,132.422,145.12,140.585,86.165,79.816,85.258,84.351,95.235,96.142,105.212,106.119,85.258,49.885,2,8,8,8,8,15,7,10,15,15,63,54,25,40,40,154.99,157.2,94.037,70.584,67,81,109,194,295,298,241,285,332,343,416,535,474,492,25.67294973,18.59550786
Libya,0,0,0,0,0,0,0,0,0,0,0,0,0,0,0,0,0,0,0,0,0,0,0,0,0,0,0,0,0,0,0,0,0,0,0,0,0,0,0,0,0,49.460544,95.235,71.653,81.63,78.909,499.757,614.946,1499.271,2499.692,3198.989,2721,2811.7,3198.989,3998.963,4999.384,5998.898,6530.4,2076.123,2699.232,3000,3000,3000,2369,2300,2300,2300,2300,3550,2524,3000,3000,3000,3000,3300,3500,3600,3600,5300,5206,5509,6500,6000,3500,2000,2000,7000,5000,4300,5650,4500,3600,3100,4100,3000,3000,3000,3000
Madagascar,0,0,0,0,0,0,0,0,0,0,0,0,0,0,0,0,0,0,0,0,4,7,7,4.9460544,5,0,0,0,0,0,0,0,0,0,0,0,0,0,0,0,0,0,0,0,0,0,0,0,74.374,52.606,66.211,72.56,72.56,35.373,36.28,35.373,35.373,35.373,35.373,35.373,35.373,35.373,35.373,60,60,60,60,60,44,36,44,46,48,52,35,80,130,180,150,270,270,240,270,150,150,230,240,240,240,240,130,120,150,150,150,150,150,150
Malawi,0,0,0,0,0,0,0,0,0,0,0,0,0,0,0,0,0,0,0,0,0,0,0,0,0,0,0,0,0,0,0,0,0,0,0,25.0713792,31.0407552,31.0407552,44.0028288,44.0028288,55.9415808,76.0669056,68.932,62.583,72.56,88.886,81.63,108.84,85.258,94.328,93.421,103.398,99.77,78.002,53.513,70.746,69.839,63.49,69.839,72.56,65.304,69.839,69.839,120,112,127,122,139,91,176,134,187,198,181,174,24,120,120,187.6,185.3,240,240,240,203,180,230,270,280,420,420,232,243,520,670,520,338.373463,376.3564781,548.4055239
Mali,0,0,0,0,0,0,0,0,0,0,0,0,0,0,0,0,0,0,0,0,0,0,0,0,0,0,0,0,0,0,0,0,0,0,0,0,0,0,0,0,0,0,0,0,0,47.164,45.35,45.35,49.885,35.373,34.466,26.303,26.303,19.954,27.21,19.954,25.396,25.396,19.954,21.768,25.396,19.954,19.954,20,20,20,20,20,12,10,10,10,10,0,0,0,0,0,0,0,0,0,0,0,0,440,660,630,630,670,1000,1540,1700,1800,1800,1952.227197,2253.921147,2574.883921
Mauritania,0,0,0,0,0,0,0,0,0,0,0,0,0,0,0,0,0,0,0,0,0,0,0,0,0,0,0,0,0,0,0,0,0,0,0,0,0,0,0,0,0,0,0,0,0,0,0,0,0,0,0,0,0,59.862,59.862,59.862,0,0,0,79.816,89.793,89.793,89.793,105,122,111,374,375,100,80,50,50,50,200,200,200,300,300,373.963,409.513,322.419,339.977,552,565,570,690,870,860,880,901,1023,1000,970,998,1000,1031.727175,1072.403133,1103.053783
Morocco,60,65,74,150,220,201,184,180,160,156,165,165,165,165,165,140,109.02,76.835,175.18,218.877,262.232,264,321,376.923456,435.0822336,610.0702272,659.0191104,728.9460864,635.9943744,485.9072064,407.9642112,501.9392448,580.0527936,630.0249984,698.0758848,758.96352,926.958816,790.0042752,857.03184,868.970592,996.033024,925.9354944,1404.943,1474.782,1541.9,1618.995,1747.789,2027.145,2323.734,2869.748,2818.049,3083.8,3401.25,3605.325,3738.654,3847.494,3587.185,3696.025,3741.375,3809.4,4652,4630,4630,5770,6340,6350,6500,6500,6585,7236,7200,7200,7200,10000,10200,10400,11000,11000,11352,12792,14047,14518.886,14700,16300,16500,16870,15700,16100,15800,16400,13380,13690,12300,14000,12000,13025.02637,11723.05564,12817.90432
Mozambique,14,21,23,24,30,0,0,0,12,14.957,24.297,27.618,27.893,27.26,24.941,30.647,27.932,33.919,26.275,35.858,37.207,45.841,50,77.9429952,83.0596032,86.982336,101.9910528,136.9545408,150.939936,165.9486528,179.934048,213.0214464,222.0607872,211.9981248,185.050656,166.9719744,181.9806912,220.014144,224.9601984,244.0622016,288.0650304,304.9498368,393.638,420.848,468.012,611.318,465.291,272.1,216.773,322.892,326.52,273.007,276.635,232.192,350.102,419.941,449.872,449.872,72.56,72.56,68.932,79.816,99.77,80,30,20,20,20,180,220,260,270,310,265,285,362,370,400,605,665,744,777,884,976,1184,1299,1512,1585,2446,2350,2400,2700,2800,3000,2800,2990.826599,3115.107572,3239.392735
Namibia,0,0,0,0,0,0,0,0,0,0,0,0,0,0,0,0,0,0,0,0,0,0,0,0,0,0,0,0,0,0,0,0,0,0,0,0,0,0,0,0,0,0,0,0,0,0,0,0,0,0,0,0,0,0,0,0,0,0,0,0,0,0,0,0,0,0,0,0,50,100,150,150,150,0,0,0,0,0,0,0,0,0,5,390,501,662,731,796,778,780,930,1000,901,970,900,900.8267741,885.4095871,882.3915798
Niger,0,0,0,0,0,0,0,0,0,0,0,0,0,0,0,0,0,0,0,0,0,0,0,0,0,0,0,0,0,0,113.0770368,122.9691456,155.0332224,457.083648,479.9378304,0,0,0,15.0087168,22.0014144,23.024736,25.0713792,29.931,29.931,35.373,72.56,20.861,18.14,36.28,39.908,40.815,38.094,39.001,37.187,38.094,38.094,38.094,38.094,38.094,39.908,26.303,27.21,27.21,20,29,29,30,30,29,30,30,30,30,47,54,55,55,55,62,42,56,42,32,73,73,29,21,51,51,51,190,350,350,400,400,358.7975123,357.5933141,357.5824052
Nigeria,0,0,0,0,0,0,0,0,0,0,0,0,0,0,0,0,0,0,0,0,0,0,0,0,0,0,0,0,0,0,0,0,0,0,0,525.9873024,662.9418432,983.0709504,1002.0024,784.0348992,574.0834176,566.0673984,586.829,653.947,1122.866,1221.729,1199.961,1364.128,1273.428,1439.409,1535.551,2086.1,2494.25,2499.692,3598.976,3598.976,3598.976,3598.976,3859.285,3799.423,3399.436,3501.02,3501.02,3500,3500,3500,2600,2600,2545,2520,2700,2500,2500,2400,2100,2300,2300,2400,3300,4700,10000,10000,11000,12800,16400,20000,20000,21000,22000,19000,22000,23000,26000,29000,28000,29193.01761,30385.97275,31578.87527
Reunion,0,0,0,0,0,0,0,0,0,0,0,0,0,0,0,0,0,0,0,0,0,0,0,0,0,0,0,0,0,0,0,0,0,0,0,0,0,0,0,0,0,0,0,0,0,0,0,0,0,0,0,0,0,0,0,0,0,0,0,0,0,0,0,0,0,0,0,0,299,277,380,380,400,380,380,380,380,380,400,400,400,375,375,250,350,400,350,250,250,300,260,250,218,230,280,280,280,280
Rwanda,0,0,0,0,0,0,0,0,0,0,0,0,0,0,0,0,0,0,0,0,0,0,0,0,0,0,0,0,0,0,0,0,0,0,0,0,0,0,0,0,0,0,0,0,0,0,0,0,0,0,0,0,0,0,0,0,0,0,0,0,0,0,0,60,60,60,10,5,42,60,59,66,70,91,101,105,104,105,102.589,103.034,103.244,92,100,94,100,130,140,180,350,390,400,450,490,670,940,1210,1480,1750
Senegal,0,0,0,0,0,0,0,0,0,0,0,0,0,0,0,0,0,0,0,0,0,0,0,0,0,0,0,0,0,0,149.0638464,173.964672,167.995296,181.9806912,183.0040128,189.9967104,205.0054272,180.9573696,193.9194432,174.9879936,201.9354624,207.0520704,241.262,241.262,335.59,295.682,331.962,359.172,385.475,330.148,359.172,380.94,380.94,371.87,363.707,394.545,384.568,385.475,359.172,371.87,390.917,380.033,376.405,503,601,590,590,590,811,854,1000,1000,1000,1539,1653,1694,1700,1700,2883.8,3152.3,3084,3327,3000,4677,4689,5191,4899,4615,5149,5197,5412,6775,7038,7473,8000,8267.867283,8554.019776,8873.656005
Sierra Leone,0,0,0,0,0,0,0,0,0,0,0,0,0,0,0,0,0,0,0,0,0,0,0,0,0,0,0,0,0,0,0,0,0,0,0,0,0,0,0,0,44.0028288,35.9868096,29.931,0,0,0,0,0,0,0,0,0,0,0,0,0,0,0,0,0,0,0,0,0,0,0,0,0,160,50,100,100,100,113,144,169,180,180,234.44,235.83,254.16,236.24,230,311,335,313,336,324,320,324,310,340,345,360,350,361.224762,366.6182656,355.7576546
Sudan,0,0,0,0,0,0,0,0,0,0,0,0,0,0,0,0,0,0,0,0,0,0,0,0,0,0,0,0,0,0,89.0289792,99.9444096,120.9225024,83.0596032,84.9356928,115.976448,91.0756224,79.9896384,99.9444096,90.0523008,144.97056,174.9879936,156.004,168.702,158.725,207.703,300.217,139.678,129.701,136.957,170.516,184.121,181.4,149.655,183.214,199.54,175.958,193.191,149.655,121.538,149.655,149.655,149.655,170,250,250,250,250,380,291,206,267,300,190,205,272,307,310,202.2,326.2,246.5,621.7,961.695,3002,3477,3538,3478,3708,4013,4326,3929,2594,2387,2285,2260,2250.864723,2247.52622,2246.306027
Tanzania,0,0,0,0,0,0,0,0,0,0,0,0,0,0,0,0,0,0,0,0,0,0,0,0,0,0,0,0,0,0,0,0,0,0,0,0,0,0,47.9255616,149.0638464,156.056544,170.0419392,166.888,177.772,236.727,313.822,295.682,265.751,241.262,260.309,231.285,280.263,339.218,392.731,399.987,419.941,370.056,399.08,299.31,299.31,299.31,299.31,299.31,540,540,540,490,800,726,621,778,833,833,900,1026,1186,1281,1375,1369.9,1629.9,1756,1941,2312,2409,2581,2346,2809,3140,4071,4200,4509,6514,6496,6500,7598,8173.342807,8382.940743,9123.398768
Togo,0,0,0,0,0,0,0,0,0,0,0,0,0,0,0,0,0,0,0,0,0,0,0,0,0,0,0,0,0,0,0,0,0,0,0,0,0,0,0,0,0,0,0,0,0,114.282,127.887,149.655,0,0,0,0,0,284.798,279.356,232.192,243.076,281.17,348.288,369.149,377.312,389.103,399.08,388,350,350,350,350,413,421,565,560,560,800,800,800,800,800,800,800,1265,1179,1185,1160,1605,1800,1700,1500,1500,1500,1340,1650,1550,1650,1700,1718.085106,1736.170213,1754.255319
Tunisia,0,0,0,0,3,39,34.3,39.7,48.6,56.4,68.7,68.7,68.7,57.2,56.3,23,58.5,59.6,83.54,115.1,161.7,167.631,169.2,186.9267456,208.075392,225.98352,283.971744,383.0633856,360.0386496,400.9715136,345.0299328,442.0749312,405.0648,359.015328,362.9380608,361.0619712,455.0370048,454.0136832,478.0617408,471.9218112,508.9319424,603.0775296,546.921,584.108,628.551,524.246,539.665,615.853,477.989,572.317,881.604,1384.989,1428.525,2019.889,1782.255,2849.794,3309.643,3537.3,2983.123,3401.25,4988.5,4988.5,4988.5,4009,3999,4269,4300,4300,4567,4424,4588,4864,5409,5721,6022,6038,6358,6500,6932,7052,7559,7511,8070,7055,7241,7504,9127,9516,9028,8104,7822,8096,7161,8499,7520,7379,7456.673684,7534.347368
Uganda,0,0,0,0,0,0,0,0,0,0,0,0,0,0,0,0,0,0,0,0,0,0,0,0,0,23.024736,41.9561856,49.9722048,61.0581888,85.9590144,104.037696,82.0362816,71.9736192,62.9342784,55.9415808,54.9182592,72.9969408,130.9851648,120.9225024,139.001184,155.0332224,172.9413504,188.656,202.261,165.981,143.306,153.283,149.655,87.072,81.63,81.63,49.885,0,6.349,17.233,19.954,19.954,19.954,15.419,10.884,9.07,9.977,9.977,50,50,50,125,130,250,270,285,310,320,431,506,507,559,650,630,650,1193,1162,1347,1666,1600,2023,2141,2340,2494,2511,2557,3072,3738,4200,4400,4705.061386,5010.099686,5315.120575
Zambia,0,0,0,0,0,0,0,0,0,0,0,0,0,0,0,0,0,0,0,0,0,0,0,0,0,0,0,0,0,0,0,0,0,0,0,115.976448,150.939936,221.0374656,220.014144,244.0622016,340.9366464,252.9309888,178.679,470.733,485.245,411.778,380.94,380.94,384.568,399.08,123.352,158.725,199.54,144.213,154.19,155.097,241.262,244.89,333.776,374.591,404.522,385.475,376.405,367,347,350,280,300,348,384,351,300,380,215,230,350,480,435,550,540,560,880,1127,1200,1200,1810,1900,1800,2000,2100,2751,2480,2797,2732,3300,3400,3559.665077,3763.084348
Zimbabwe,0,0,0,0,0,0,0,0,0,0,0,0,0,0,0,0,0,69.4,66.4,71.2,69,0,0,169.0186176,247.9849344,323.0285184,397.0487808,494.0937792,513.0252288,726.0466752,795.9736512,595.0615104,600.0075648,437.9816448,399.948192,250.0315776,250.0315776,250.0315776,250.0315776,250.0315776,339.0605568,382.040064,475.268,558.712,598.62,0,0,0,539.665,491.594,408.15,396.359,468.012,587.736,575.945,0,0,0,748.275,810.858,775.485,719.251,725.6,865,900,1000,900,1000,1000,1100,1100,1000,1000,800,600,400,400,400,700,400,400,700,800,1000,1000,1190,1300,1300,1500,1750,1440,1220,1280,1370,1000,1000,1000,1000
Afghanistan,0,0,0,0,0,0,0,0,0,0,0,0,0,0,0,0,0,0,0,0,0,0,0,0,0,0,0,0,0,0,0,33.9401664,37.0101312,40.932864,69.926976,103.0143744,125.0157888,170.0419392,174.9879936,174.9879936,91.9283904,105.0610176,94.328,90.7,90.7,140.585,146.027,139.678,166.888,136.05,126.98,140.585,49.885,77.095,87.072,90.7,81.63,77.095,86.165,99.77,99.77,100,112,112,115,115,115,115,116,116,116,116,120,50,60,70,70,60,50,50,37,32,36,38,37,52,87,70,101,80,80,80,80,40,26,26,26,26
Bahrain,0,0,0,0,0,0,0,0,0,0,0,0,0,0,0,0,0,0,0,0,0,0,0,0,0,0,0,0,0,0,0,0,0,0,0,0,0,0,0,0,0,0,0,0,0,0,0,0,0,0,0,0,0,0,0,0,0,0,0,0,0,0,0,150,220,225,225,225,192,172,230,156,89,89,67,129,153,191,400,400,438,700,900,1200,1300,1300,1300,1300,1400,1490,1170,670,610,610,800,1034.417318,1034.400266,1034.414987
Iraq,0,0,0,0,0,0,0,0,0,0,0,0,0,0,0,0,0,0,0,0,0,7.007,66.051,75.043584,104.037696,177.0346368,198.0127296,317.0591424,490.0004928,603.9302976,669.0817728,661.0657536,618.0862464,937.0214784,920.98944,940.9442112,1092.054701,1284.950822,1342.086278,1599.963322,1398.53952,1398.53952,1360.5,1360.5,1360.5,1814,1814,1814,2727.349,3169.058,4598.49,5097.34,5260.6,5598.911,5598.911,5598.911,7997.926,7997.926,7981.6,9977,10521.2,12516.6,12970.1,5000,10000,12000,15000,18000,1600,1700,2000,2000,2000,6000,6834,1901,2500,3000,3500,4500,6453,7000,8000,10000,10000,12000,9000,10000,10000,14000,24000,27000,28000,29000,32400,32400,32400,32400
Israel,0,0,0,0,0,0,0,0,0,0,0,0,0,0,0,0,0,147.237,265.935,328.394,159.865,241.393,380.128,439.0049664,445.997664,464.9291136,562.9974336,699.9519744,612.9696384,719.0539776,713.0846016,780.9649344,806.0363136,845.945856,954.0768384,1021.957171,1098.024077,1260.049997,1167.951053,805.012992,1106.040096,1307.975558,1384.082,1404.943,1451.2,1258.009,1795.86,2188.591,1999.028,1963.655,1995.4,1919.212,1995.4,2059.797,2188.591,2057.983,3062.939,2176.8,2058.89,2225.778,2325.548,2288.361,2866.12,3550,3500,3500,3500,3500,5600,5400,6476,6354,6600,4700,4584,4632,4494,4700,5088.88,5000,4819,4759,5139,5480,5500,6398,6603,6904,7150,6361,5858,5000,5250,5700,6065,6129.521277,6194.042553,6258.56383
Jordan,0,0,0,0,0,0,0,0,0,0,0,0,0,0,0,0,0,0,0,0,0,0,0,0,0,0,62.9342784,84.9356928,90.0523008,106.9371072,113.9298048,110.007072,164.9253312,223.0841088,235.0228608,284.9950656,308.0198016,304.9498368,375.0473664,300.174336,479.9378304,381.0167424,378.219,419.034,399.987,616.76,595.899,572.317,533.316,565.968,564.154,624.016,907,964.141,794.532,1270.707,1988.144,2122.38,1794.046,2267.5,1827.605,1779.534,1777.72,1363,3134,3514,4000,4000,3512,3251,2650,2687,2640,3173,3558,3515,3908,4046,3967.4,4138,4375,3876,3929,4000,4900,4200,4400,4500,4800,4680,4940,3470,3320,3720,4290,4290,4290,4290
Kosovo,0,0,0,0,0,0,0,0,0,0,0,0,0,0,0,0,0,0,0,0,0,0,0,0,0,0,0,0,0,0,0,0,0,0,0,0,0,0,0,0,0,0,0,0,0,0,0,0,0,0,0,0,0,0,0,0,0,0,0,0,0,0,0,0,0,0,0,0,0,0,0,0,0,0,0,0,0,0,0,0,590,500,360,370,400,560,480,590,710,840,850,816,815,848,763,763,763,763
Kuwait,0,0,0,0,0,0,0,0,0,0,0,0,0,0,0,0,0,0,0,0,0,0,0,0,0,0,0,0,0,0,0,0,0,0,0,0,0,0,0,0,0,0,0,0,0,0,0,0,331.055,329.241,621.295,630.365,625.83,1548.249,1552.784,1123.773,1183.635,1088.4,1014.026,1015.84,887.953,1110.168,798.16,98,533,500,1000,2000,2000,2000,2000,2000,2000,921,1584,1863,2635,2700,2200,2200,2600,2000,2000,2250,2250,3000,3800,4200,4200,3400,3400,3900,3400,3500,3630,3630,3630,3630
Lebanon,0,0,0,0,0,0,0,0,0,0,0,0,0,0,0,0,0,0,0,0,0,0,0,0,0,0,0,0,0,0,507.0558528,742.9314816,853.9618752,874.0872,860.9545728,896.0886144,881.0798976,969.9383232,1095.977434,1015.987795,905.9807232,1253.057299,1338.732,1498.364,1625.344,1658.903,1743.254,997.7,1703.346,1359.593,1380.454,2030.773,2199.475,2390.852,1699.718,1499.271,1249.846,997.7,907,907,907,907,907,900,1500,2500,2800,3000,3500,2703,3310,3200,3200,2890,2852,3000,3100,3300,3348,3945,4250,4900,5227,5500,5500,5831,5517,5043,5247,5149,4702,3203,1958,1810,2124,2210.576567,2234.450242,2241.03417
Oman,0,0,0,0,0,0,0,0,0,0,0,0,0,0,0,0,0,0,0,0,0,0,0,0,0,0,0,0,0,0,0,0,0,0,0,0,0,0,0,0,0,0,0,0,0,0,0,0,0,0,0,0,0,3586.278,3696.932,4936.801,4696.446,4727.284,698.39,839.882,864.371,946.908,952.35,995,970,1000,1200,1400,1260,1264,1300,1300,1716,1370,1700,2100,2500,2500,3611,3880,3991,4000,4500,5000,5200,5800,5100,5300,5500,4860,5370,5520,6230,6450,7000,6849.89607,6953.174486,6738.430654
Palestine,0,0,0,0,100,135,143,187,165,158,98.446,112.35,148.487,114.841,216.577,166.804,176.499,147.237,265.935,0,0,0,0,0,0,0,0,0,0,0,0,0,0,0,0,0,0,0,0,0,0,0,0,0,0,0,0,0,0,0,0,0,0,0,0,0,0,0,0,0,0,0,0,0,0,0,0,0,0,0,0,0,0,0,0,0,0,0,0,0,0,0,0,0,0,0,0,0,0,0,0,0,0,0,0,0,0,0
Qatar,0,0,0,0,0,0,0,0,0,0,0,0,0,0,0,0,0,0,0,0,0,0,0,0,0,0,0,0,0,0,0,0,0,0,0,0,0,0,0,0,0,136.44288,253.96,253.96,253.96,99.77,99.77,99.77,172.33,167.795,207.703,368.242,399.08,257.588,228.564,374.591,477.989,477.989,308.38,299.31,299.31,549.642,544.2,527,544,544,550,580,690,692,700,1025,1050,1240,1340,1400,1400,1400,1568,2400,3800,4095,5280,5000,5500,5335,6500,6500,6500,6000,5600,4500,3900,4400,4800,4983.519158,4843.85668,4948.580586
Syria,0,0,0,0,0,0,0,0,0,0,0,0,0,0,0,0,0,0,0,0,0,0,0,0,0,0,0,0,0,0,386.9861184,447.0209856,488.9771712,539.9726976,598.9842432,684.9432576,634.9710528,674.0278272,617.0629248,688.0132224,916.0433856,933.9515136,964.141,908.814,1055.748,848.045,965.048,997.7,1110.168,1394.966,1434.874,1846.652,1995.4,2315.571,2597.648,3624.372,4281.04,3537.3,4199.41,3869.262,3329.597,3500.113,3501.02,3500,3700,4500,5000,6000,4500,4840,4607,4781,4830,5005,4679,4824,4757,4800,4804,5104,5336,5605,6000,4000,4000,4000,3800,4000,2000,2120,2150,2200,2400,2500,3000,3000,3000,3000
United Arab Emiratese,0,0,0,0,0,0,0,0,0,0,0,0,0,0,0,0,0,0,0,0,0,0,0,0,0,0,0,0,0,0,0,0,0,0,0,0,0,0,0,0,0,0,0,0,0,0,0,0,199.54,199.54,199.54,199.54,199.54,1719.672,2219.429,2067.96,4004.405,3990.8,2739.14,3105.568,2979.495,3111.01,3111.01,3473,3800,4000,5000,6000,6000,5250,6000,6000,6000,6100,7000,8000,8000,8000,13000,16000,21885,18997,18000,18000,17000,15700,16000,20000,22000,17400,17200,16100,14900,15000,15200,15200,15195.18114,15195.18128
Yemen,0,0,0,0,0,0,0,0,0,0,0,0,0,0,0,0,0,0,0,0,0,0,0,0,0,0,0,0,0,0,0,0,0,0,0,0,0,0,0,0,0,0,0,0,0,11.791,36.28,49.885,59.862,59.862,62.583,49.885,58.955,81.63,236.727,599.527,849.859,852.58,1160.053,760.066,645.784,698.39,698.39,850,800,800,800,1000,1028,1235,1201,1454,1400,1493,1561,1541,1546,1550,1470,1728,2111,2118,1864,951,2000,3300,3100,3100,2400,1920,1880,1900,1700,1800,1950,2075.799259,2130.433385,2044.214174
Bangladesh,0,0,0,0,0,0,0,0,0,0,0,0,0,0,0,0,0,0,0,0,0,0,0,0,0,0,0,0,0,0,0,0,0,0,0,0,0,0,0,0,0,0,0,0,0,29.931,87.072,93.421,156.911,306.566,340.125,296.589,349.195,344.66,326.52,306.566,273.007,240.355,292.054,310.194,311.101,344,337,275,273,275,280,280,650,865,900,950,980,5005,5000,5000,5000,5100,5100,5100,10000,12000,13770,14690,15000,16780,17000,28000,32000,27240,31500,33800,31400,34200,32000,31698.84554,35314.23427,34947.33731
Bhutan,0,0,0,0,0,0,0,0,0,0,0,0,0,0,0,0,0,0,0,0,0,0,0,0,0,0,0,0,0,0,0,0,0,0,0,0,0,0,0,0,0,0,0,0,0,0,0,0,0,0,0,0,0,0,0,0,0,0,0,0,0,0,0,116,116,108,120,140,160,160,150,150,150,160,160,160,170,170,180,180,180,180,200,544,521,570,690,791,940,895,941,1190,810,1100,600,881.6039576,574.912938,732.8740435
Burma,0,0,0,0,0,0,0,0,0,0,0,0,0,0,0,0,0,0,0,0,0,0,0,17.05536,40.932864,40.932864,61.0581888,60.0348672,39.0567744,34.963488,35.9868096,35.9868096,45.0261504,40.080096,40.080096,123.9924672,130.9851648,135.0784512,141.0478272,129.9618432,176.0113152,183.0040128,166.888,196.819,185.028,189.563,168.702,203.168,233.099,269.379,253.96,388.196,221.308,317.45,343.753,334.683,311.101,477.082,433.546,389.103,349.195,393.638,375.498,443,464,400,470,517,505,516,365,338,393,378,471,572,519,543,570.031,608.192,676,670,534,538,600,1121,1317,989,2520,5480,4500,5100,6000,6700,8100,8835.207482,9459.884671,10397.82333
Nepal,0,0,0,0,0,0,0,0,0,0,0,0,0,0,0,0,0,0,0,0,0,0,0,0,0,0,0,0,0,0,0,0,0,0,0,0,0,0,0,0,0,0,0,0,0,0,0,0,29.931,41.722,36.28,21.768,18.14,30.838,25.396,45.35,39.001,31.745,92.514,151.469,214.959,217.68,107.026,136,196,190,190,220,309,225,280,290,300,285,290,295,285,290,295,300,295,300,300,300,300,2990,3100,3900,4500,8050,8900,9860,8250,9000,6000,6000,6000,7762.214324
Pakistan,0,0,0,0,0,0,0,0,0,0,0,0,0,0,0,0,0,0,0,0,327.168,431,421,507.0558528,544,605.9769408,683.919936,692.9592768,786.0815424,1094.954112,1090.008058,1002.0024,1159.082266,1242.994637,1394.957894,1497.972269,1546.068384,1707.070982,1885.981709,2039.99161,2437.04039,2678.032627,2570.438,2620.323,2693.79,2874.283,3447.507,3064.753,3137.313,3164.523,3101.94,3417.576,3401.25,519.711,350.102,326.52,303.845,299.31,5224.32,6829.71,7039.227,6983.9,7165.3,7762,7793,8321,8100,8586,8900,9001,8901,9300,9500,11000,11000,13000,16000,18000,20652,25745,30800,32800,30000,32000,33000,31460,31960,33232,37020,38900,40800,40500,43400,49600,50000,50702.98048,52268.60577,53833.97944
Sri Lanka,0,0,0,0,0,0,0,0,0,0,0,0,0,0,0,0,0,0,0,0,0,0,0,62.9342784,61.0581888,63.9576,84.0829248,76.0669056,84.9356928,48.9488832,79.9896384,94.9983552,84.9356928,82.0362816,84.9356928,75.043584,75.043584,85.9590144,83.0596032,192.0433536,221.8902336,282.9484224,325.613,385.475,382.754,421.755,473.454,391.824,426.29,355.544,575.038,592.271,598.62,642.156,650.319,506.106,499.757,598.62,598.62,598.62,399.08,399.08,399.08,400,817,676,925,900,928,965,874,976,1008,1108,1018,1164,1150,1180,1600,1700,1800,1900,2600,2200,2400,1929,1885,2287,2695,2819,2841,3397,2650,3940,5912,6406.539521,6900.612834,7394.475894
Hong Kong,0,0,0,0,0,0,0,0,0,0,110.036,0,0,110,110,110,110,110,110,34.22,53.2,58.7,68.4,70.9502976,68.0508864,63.9576,99.9444096,116.9997696,120.9225024,104.037696,151.9632576,142.0711488,149.9166144,184.0273344,211.9981248,216.9441792,215.0680896,240.9922368,246.9616128,215.0680896,375.0473664,377.9467776,429.918,511.548,413.592,440.802,570.503,575.038,764.601,1028.538,1238.055,1361.407,1401.315,1517.411,1434.874,1716.044,1847.559,1834.861,2235.755,2225.778,2188.591,2140.52,1807.651,1677,1643,1712,1927,1913,2027,1925,1539,1387,1284,1279,1206,1189,1039,1005,1010,1000,1426,1124,1420,1560,1600,1768,1900,1900,1900,1580,1640,1600,1500,1500,1600,1600,1600,1600
"Korea, North",0,0,0,0,0,0,0,0,0,0,0,0,0,0,0,0,0,133.7,150,150,0,0,0,0,0,300.0037824,500.0631552,360.0386496,600.0075648,600.0075648,1224.063187,1926.061805,2285.077133,2262.052397,2375.982202,2529.992102,2609.981741,2400.030259,2499.974669,2592.41472,2694.74688,3001.74336,4008.94,4798.03,5296.88,5804.8,5986.2,7800.2,6983.9,6983.9,6983.9,7981.6,7981.6,7997.926,7997.926,7997.926,7997.926,7997.926,7981.6,8979.3,11791,16326,16326,16000,17000,17000,17000,17000,17000,17000,17000,16000,15000,5160,5320,5540,5630,5700,6160,6130,6415,6400,6400,6400,6400,6600,6680,6700,7080,6840,5830,5600,5690,5960,6550,6550,6550,6550
Mongolia,0,0,0,0,0,0,0,0,0,0,0,0,0,0,0,0,0,0,0,0,0,0,0,0,0,0,0,0,0,0,0,0,0,0,0,0,0,0,0,0,75.043584,119.38752,96.142,95.235,95.235,146.027,170.516,172.33,163.26,90.7,165.981,125.166,125.166,209.517,350.102,335.59,350.102,399.08,426.29,544.2,498.85,516.99,507.92,227,133,82,86,109,106,112,109,104,92,68,148,162,62,112,140.8,179.8,269,235,323,426,349,259,411,410,432,675,934,1098,1182,1293,1358,1436.078244,1532.915053,1620.263731
Taiwan,0,0,0,0,0,0,0,0,0,0,0,0,0,212.28,228.107,309.394,245,425,208.057,608.692,235,280.8,332,389.0327616,445.997664,520.0179264,536.0499648,589.9449024,589.9449024,603.9302976,1014.964474,1066.983322,1182.95977,1504.964966,1860.057562,2246.020358,2355.004109,2444.033088,3112.091539,3486.968352,3993.000883,4087.999238,4303.715,5042.013,5688.704,6095.04,6169.414,6794.337,0,0,0,0,0,14338.763,13429.042,14806.775,14230.83,14414.951,14803.147,15623.982,17277.443,18039.323,18457.45,19399,21644,23971,22722,22478,21537,21522,19652,18283,18500,18128,19363,18474,19050,19891,19294,18957,17330,15918,16301,16852,15806,16554,14592,13445,12126,10876,10939,11271,11786,11970,11224,10246,10246,10246
Brunei,0,0,0,0,0,0,0,0,0,0,0,0,0,0,0,0,0,0,0,0,0,0,0,0,0,0,0,0,0,0,0,0,0,0,0,0,0,0,0,0,0,0,0,0,0,0,0,0,0,0,0,0,0,0,0,0,0,0,0,0,0,0,0,0,0,0,0,0,250,250,216,208,232,227,241,236,242,240,240,200,240,220,270,290,300,340,240,230,230,270,290,290,250,260,310,310,310,310
Cambodia,0,0,0,0,0,0,0,0,0,0,0,0,0,0,0,0,0,0,0,0,0,0,0,0,0,0,0,0,0,0,0,0,0,0,0,0,10.0626624,49.9722048,59.0115456,60.0348672,59.69376,59.69376,38.094,58.955,98.863,78.002,49.885,49.885,49.885,49.885,9.977,0,0,0,0,0,0,0,0,0,0,0,0,0,0,0,0,0,200,200,300,300,300,0,0,0,0,0,0,86.99,772,934,789,907,980,1060,1400,1700,2100,3400,4900,7400,7900,8700,9130,7920,7280.685166,6010.49328
Laos,0,0,0,0,0,0,0,0,0,0,0,0,0,0,0,0,0,0,0,0,0,0,0,0,0,0,0,0,0,0,0,0,0,0,0,0,0,0,0,0,0,0,0,0,0,0,0,0,0,0,0,0,0,0,0,0,0,0,0,0,0,0,0,0,0,0,0,0,78,84,80,80,80,92,240,250,250,350,400,400,400,400,400,400,400,2156,2201,3099,3398,3938,4800,5208,6162,14412,12800,16421.99486,22094.13014,22465.63426
Malaysia,0,0,0,0,0,0,0,0,0,0,0,0,0,0,0,0,0,0,0,0,0,0,0,0,0,32.0640768,85.9590144,108.9837504,104.037696,113.9298048,110.007072,193.0666752,286.0183872,331.0445376,318.082464,362.0852928,465.9524352,739.0087488,850.0391424,835.0304256,937.0214784,973.008288,1029.445,1095.656,1059.376,1277.963,1364.128,1423.99,1738.719,1776.813,2195.847,2264.779,2498.785,2832.561,3122.801,3240.711,3468.368,3265.2,3568.138,3315.085,3774.027,4792.588,5804.8,7451,8366,8797,9928,10667,12349,12668,10397,10104,11445,13820,14336,17243,15690,17860,18400,19480,19629,19457,19762,21198,21726,22860,24280,24710,22330,22000,17556,16102,19936,20900,19856,23191,23435.11579,23679.23158
Philippines,65,0,0,0,114,95,0,0,0,148,167.448,186.896,206.344,184.75,163.156,141.562,119.968,27.231,56.261,133.918,120.384,201.089,292.051,309.0431232,310.0664448,290.9644416,310.0664448,399.948192,436.9583232,510.9785856,641.9637504,727.0699968,794.9503296,1019.05776,961.069536,951.0068736,1201.038451,1529.013024,1613.095949,2111.965229,2564.102822,2950.065619,2446.179,2813.514,2902.4,4057.918,3501.927,3611.674,4495.999,4472.417,4625.7,5912.733,6167.6,4088.756,4349.065,4381.717,3664.28,3174.5,3546.37,3319.62,4262.9,3990.8,3990.8,6913,6667,7962,9600,9800,12429,14681,12888,12556,12500,8653,12614,13060,13050,13000,12033,13048,13369,14865,15900,16063,18907,20150,21305,24050,25000,26000,27700,27700,23000,27000,28700,29153.35273,29872.51737,30591.38936
Singapore    ,0,0,0,0,0,0,0,0,0,0,0,0,0,0,0,0,0,0,0,0,0,0,0,0,0,0,0,0,0,0,0,0,0,0,0,193.9194432,200.0593728,202.958784,388.00944,471.0690432,567.09072,623.0323008,725.6,613.132,1008.584,1027.631,1088.4,1088.4,1351.43,1351.43,1351.43,1351.43,1351.43,2252.988,2694.697,3152.732,2820.77,1990.865,1804.023,1527.388,1595.413,1706.067,1851.187,2000,1900,1900,1900,1900,3300,3300,3300,3250,3250,600,200,150,0,0,0,0,0,0,0,0,0,0,0,0,0,0,0,0,0,0,0,0,0,0
Thailand,0,0,0,0,52,44,51,49,62,77,82,92,116.864,117,0,0,0,0,0,58.8,82.8,127.2,165.6,311.9425344,246.9616128,288.0650304,384.0867072,385.9627968,398.0721024,401.9948352,456.0603264,509.955264,525.9873024,796.9969728,962.9456256,996.033024,1059.990624,1248.964013,1482.963552,1737.088416,2365.066771,2403.100224,2626.672,2778.141,3391.273,3705.095,3921.868,3983.544,4458.812,5109.131,5091.898,5254.251,5296.88,6261.928,6607.495,7261.442,8238.281,8199.28,7911.761,9848.206,11511.644,15020.827,18049.3,18054,21832,26870,28000,26500,38749,37086,30000,34000,32000,27913,31679,32530,35626,37872,39408,35668,31651,33562.4,36495.8,36602,41047,35854,36150,36216,39940,39067,39221,40261,38616,39200,36545,35687,36341.00086,36956.97726
New Zealand,0,0,0,0,149,174,183,191,194,750,220,235,265,302.929,270.524,270.33,226.8,237.6,229.9,219.409,247.205,254.039,255.528,163,0,280.0490112,323.0285184,408.9875328,450.9437184,449.9203968,560.9507904,561.974112,617.0629248,651.0030912,631.04832,721.9533888,787.957632,842.0231232,878.0099328,814.0523328,763.0568064,802.9663488,828.998,822.649,899.744,1057.562,1110.168,1073.888,998.607,909.721,798.16,755.531,707.46,887.953,1065.725,955.978,1009.491,1088.4,906.093,879.79,811.765,729.228,752.81,576,579,600,700,700,974,976,950,960,950,1080,1090,1100,1110,1100,1120,1100,1200,1200,1100,1200,1200,1200,1100,1200,900,360,450,1000,2980,2500,1000,318.280798,750.4688951,1518.743601
Fiji,0,0,0,0,0,0,0,0,0,0,0,0,0,0,0,0,0,0,0,0,0,0,0,0,0,0,0,0,0,0,0,0,0,0,0,0,31.0407552,40.080096,40.932864,47.0727936,50.9955264,54.9182592,58.955,78.002,88.886,91.607,85.258,72.56,68.932,77.095,81.63,96.142,99.77,92.514,87.979,109.747,97.956,93.421,92.514,58.955,44.443,58.048,79.816,79,84,80,94,78,84,96,90,95,95,95,95,100,100,100,143,145,143,110,130,120,120,181,188,204,219,141,143,128,97,100,114,114,114,114
New Caledonia,0,0,0,0,0,0,0,0,0,0,0,0,0,0,0,0,0,0,0,0,0,0,0,0,0,0,0,0,0,0,0,0,0,0,0,0,0,0,0,0,0,0,0,0,0,52.606,66.211,72.56,54.42,50.792,55.327,59.862,59.862,49.885,53.513,59.862,59.862,59.862,39.908,49.885,59.862,67.118,63.49,90,90,90,90,100,100,100,100,100,100,93,100,100,100,100,119.302,121.818,137,138,160,145,124,119,106,112,112,104,86,77,73,68,69,24.34774034,15.26600013,15.26600013
Papua New Guineae,0,0,0,0,0,0,0,0,0,0,0,0,0,0,0,0,0,0,0,0,0,0,0,0,0,0,0,0,0,0,0,0,0,0,0,0,0,0,0,0,0,0,0,0,0,0,0,0,0,0,0,0,0,0,0,0,0,0,0,0,0,0,0,0,0,0,0,0,0,0,0,0,0,0,0,0,0,0,0,0,0,0,0,0,0,200,200,200,200,200,200,140,130,150,160,160,160,160
