Countries,1990,1991,1992,1993,1994,1995,1996,1997,1998,1999,2000,2001,2002,2003,2004,2005,2006,2007,2008,2009,2010,2011,2012,2013,2014,2015,2016,2017,2018,2019,2020,2021,2022,2023
Australia,7.04659672,6.0662403,5.168216771,5.377873001,6.404658692,6.048690353,6.312273006,6.484990252,6.714431088,7.342330042,7.728003219,7.310162331,8.090256759,8.512484296,9.138642449,10.23974515,10.40406533,10.87401402,11.9252814,10.89474799,10.49207217,10.96425204,11.01495409,11.09351426,12.50774669,13.17484338,13.40151054,14.01250383,10.14893587,9.88892105,9.594009972,14.67776499,9.988334085,10.0885078
Austria,4.748145,5.016,5.031,4.941,5.919386184,6.233666704,5.026123504,5.255309728,5.339925712,5.15280729,4.921182818,4.664669055,4.883992434,4.846132273,4.961412225,5.933754687,5.717466832,5.860168297,5.879722401,5.264194961,5.060459987,5.264144,5.161991612,5.140662495,5.237983168,5.370993565,5.364361518,5.85772187,6.041133972,6.109280412,4.808928004,6.447743866,6.51579513,5.683264741
Belgium,6.8025,7.184,8.073,7.612,8,8,7.857,8.052,7,4.932608314,5.942318143,5.499422532,4.717302455,4.817640974,5.49885431,5.441974156,6.300982899,8.05076604,4.664697421,8.079359053,8.017749221,6.122817961,6.625147252,5.306306825,5.191129758,6.040390262,5.94013365,8.477634799,5.895821899,6.910693668,3.554368233,10.15821796,9.831356606,6.373428566
Bulgaria,5.5327,2.374,2.132,2.007,2.2,2.1,0.301637556,0,0.874774587,0.915276789,0.669391221,1.98470774,1.224095581,0.945311361,1.323066409,1.510812918,4.062593807,4.132822817,4.893891308,3.064316221,3.295375279,2.116188837,1.872275286,1.67999002,1.753945339,1.905750448,1.840125027,1.999705524,2.34901779,2.46893075,2.106950056,2.088462851,2.030433457,1.805864428
Canada,9.000588,7.211324,3.307068096,3.49838,6.815368,6.465213,6.864338,7.434166,6.951905152,7.84426,12.60799741,12.78888372,13.07468379,8.575881666,8.762178241,9.430346186,9.976004817,10.52472559,14.7394517,8.480995228,10.21817852,10.09194216,10.21181375,9.691615752,9.692931049,9.551091892,10.397748,12.1625806,12.03619039,13.11992669,12.3785,13.328772,13.699152,15.19373677
Croatia,0,0,0.974767256,0.99142448,0.695490972,1.264084032,1.600912304,1.84813896,2.031073776,1.824803696,1.580683953,1.815416138,2.198917289,2.794327698,2.90830911,2.358328701,2.434153222,2.699901984,2.666601495,2.180062127,1.599830411,1.542995426,1.532217193,0.956411637,0.930784765,1.012391861,1.071909055,0.724510614,0.99223562,1.908040164,1.768191002,1.592860903,1.918897356,1.828029142
Cyprus,0.523879984,0.759547984,0.696797992,0.710927,0.353096993,0.492374613,0.47072064,0.265167892,0.73953073,0.749259399,0.66617706,0.962855707,1.010880181,1.314336907,1.54195892,1.593633319,1.559311248,1.840780156,1.96695326,1.439216043,1.348161607,1.23499777,1.051936392,0,0.72789211,0,0,1.100916163,1.35860591,1.536204,1.496014,1.439406007,1.856339188,1.939917005
Czechia,10.7933,8.299,8.5,3.651376496,3.33640152,3.635571584,3.931594464,5.359106336,3.553098048,3.340715191,3.272769097,3.41482069,3.935114556,4.051109768,4.458961536,4.592678362,4.881744625,5.321603267,5.15572429,4.064240683,3.549314691,3.987100599,3.590559462,3.523878939,3.798634317,3.979463106,4.011495812,4.266370097,3.669219739,4.57056154,4.512989196,4.720000036,4.493665495,4.476000012
Denmark,1.80245736,1.316159056,1.152971904,1.853944832,1.941838528,1.522065632,2.1591792,3.043518912,1.5698372,1.762836697,1.675939315,1.015700007,0.962645116,0.964894471,1.248386743,1.190380222,2.006285034,2.066651603,1.957606107,1.290599991,1.52450855,1.346050933,1.254276532,1.321897126,1.333240678,1.384349296,1.354608719,1.792945728,1.649121639,1.910957556,2.261180642,1.974787383,2.51,2.568744796
Finland,1.807055657,1.49447615,1.249491143,1.018921832,1.049394273,1.095721022,1.210522428,1.169094864,1.281898452,1.749823689,1.863180706,1.76206192,1.595341438,2.007311705,2.140896373,1.73161055,2.172018797,2.404630783,2.276473854,1.383726688,1.661418391,2.096687109,2.019875516,1.723352951,1.694330313,1.721670542,1.803821501,1.510025442,1.471042585,1.434716529,1.469932051,1.447374946,1.50002027,1.49996108
France,24.0355,26.507,21.165,20.464,20.35520218,20.24323213,19.3345696,19.59060326,19.9099575,21.01569683,21.89660996,21.49026841,21.3313401,21.4331781,22.51072474,23.27496491,25.10593837,26.0835092,25.30139082,21.02365306,21.03436623,22.5582682,22.53031697,21.09745355,19.47972851,18.3276189,18.6561942,16.90000009,16.49934237,16.27507738,21.54709049,22.85747469,15.34142755,15.78260444
Germany,37.684,36.62730752,41.77938336,42.22206406,47.03642035,46.50107571,36.60555475,39.23942202,38.71345446,39.19432006,38.283336,31.1625157,29.20689245,29.58838376,27.62563881,25.59650856,28.07069737,26.60672994,33.57248048,29.02567081,29.80231599,32.65386188,32.43198796,24.80822663,32.09899453,25.88361096,31.99671456,34.00749882,33.60986611,33.11440016,35.48481012,32.99320202,30.23496158,25.50604479
Greece,7.133884492,11.808,3.680924646,6.440119972,4.954431736,5.367115668,7.592986456,8.555768212,9.914322416,9.17007886,9.465011177,9.964679053,11.48623247,11.2606459,11.93810426,10.95667654,12.37693198,12.98164235,12.21713942,11.89502041,11.33182848,5.470688594,3.341310712,0.55568025,0,0.254998007,0,0.736786363,1.6179336,1.112758318,1.43826002,1.498156435,5.780609716,2.867282027
Hungary,3.9908,11.808,2.555506497,2.548549728,2.911499168,3.15138134,2.782969608,2.945319344,3.05368752,3.155190452,3.1971093,3.534249,3.7207759,3.970211,4.0595505,4.2665947,4.3684362,4.1161003,3.8885211,3.7069431,3.610686648,2.2967714,2.357553923,2.845313812,2.563834696,2.506516007,1.9999839,2.877143449,1.215836044,2.656864859,2.3,2.658585277,2.399996643,2.28416452
Ireland,1.625,1.6,1.656489696,1.554401952,1.538763216,1.610097344,2.1210556,2.359752752,2.53163608,2.6292032,2.469227538,3.724343162,2.961623063,3.256712785,3.385898365,3.640712356,4.97421686,4.575877431,3.525857548,2.836645734,2.754495361,1.286636393,1.45716459,0.883135683,0.599700645,2.676561921,2.670259782,1.421927688,1.790795168,1.964412831,1.719427819,3.287116317,3.496334875,3.260396046
Italy,36.4614,40.806,41.347,34.771,34.96847699,35.51806694,33.0048007,33.53276154,34.04562112,35.39250412,36.00394878,40.70687192,43.13738277,45.94444118,48.99766927,48.89766021,52.44966303,49.06053346,43.92912602,37.59870672,36.07262954,33.24348554,32.75862147,21.75426736,19.78822696,20.60883818,20.04032118,18.6230252,17.12549061,17.14872651,18.43393587,23.5,19.92969606,18.704
Luxembourg,0.58955,0.688,0.6,0.6,0.62,0.6,0.667,0.683,0.7,0,0,0.246917061,0.28132725,0.395096176,0.441033914,0.42321748,0.561204076,0.881751262,0.640761171,0.737716622,0.584876835,0.661030594,0.647930406,0.557324887,0.592957163,0.636259274,0.611869481,0.678430572,1.124874443,1.15000149,1.140000124,1.150816418,1.199665524,1.16656402
Netherlands,3.728677,3.546,6.28353248,5.340496896,6.198344992,6.258508832,5.402916864,5.371532,5.335106056,5.345902718,5.515091965,6.19604026,5.841698506,5.300048203,4.959624379,4.868534358,6.247599978,5.420925676,5.46298871,2.7,4.827088049,2.318,5.598169735,5.218589739,5.689759977,4.834203954,4.684230456,4.452959975,5.263827281,5.634654577,5.26670704,4.947355163,2.168013222,2.159140944
Norway,1.37864,1.147,1.266,1.43397988,1.561215136,1.569232544,1.819104704,1.910971584,1.884788192,1.872044384,1.86397479,1.642000019,1.631000096,1.650017741,1.420000995,1.507164912,1.695000807,1.70002415,1.72184137,1.65000495,2.031792151,1.821996532,1.963929575,2.197035113,2.220545359,1.810617385,2.514218161,1.880059064,1.680135732,1.480000492,1.440002198,1.909402449,1.530119239,1.548763121
Poland,16.9609,12.012,11.908,12.228,9.452853256,9.927514792,10.57167828,12.47087818,13.46510528,14.66275565,14.77615331,11.6207922,11.18943655,12.0817717,12.52207073,12.35753857,13.69741137,17.18036685,17.63084568,15.50912398,15.68889291,19.57888942,16.17442432,14.71361627,15.55544608,15.39362707,16.06477232,17.48313155,19.55627709,18.304226,20.27884747,18.56694499,19.90752142,17.41050726
Portugal,5.862287675,7.398993866,7.594301708,7.530805256,7.019928414,7.353302371,8.443186384,10.21858188,10.79595032,10.90322302,11.15967887,12.55387676,11.15477437,9.507112252,8.535614197,7.674159662,6.48993659,10.24070014,10.36652554,10.63278823,10.19901029,3.050137607,3.201076963,1.208363948,0,5.600314756,4.200072877,3.905742727,3.962034683,4.139981187,4.015865169,4.498132063,4.500001952,4.500001407
Romania,10.48839299,4.42239592,4.616117944,3.91724508,3.631371912,3.06569123,4.329278942,4.301272048,4.652022752,4.291124644,6.462106947,4.032464767,4.108007665,4.792374948,5.098367491,5.996511174,7.196411126,9.682236594,11.68274929,8.220459281,7.393698199,7.931300698,7.467732724,7.716203494,7.843232278,8.570560771,8.375342224,8.544079567,9.488022592,9.878463663,10.82937387,10.66323107,10.06842518,10.20248975
Slovakia,0,0,0,2.5,0.907249853,0.745492103,1.3836523,1.561634416,1.579337568,1.483378114,1.582715247,1.446732762,1.612562122,1.774968817,1.880913139,1.825641468,2.218830336,2.452114501,2.652193618,1.833238956,1.695490898,3.217494438,2.7841934,1.165957969,3.2397684,3.463124095,1.86107574,1.665242268,3.61011528,1.951074962,4.072166545,4.165962077,4.251305205,4.392385639
Slovenia,0,0,0.95,0.95,0.875293568,0.897520976,0.983042776,1.012915936,1.069108704,1.187968421,1.284912304,1.249114988,1.172085998,1.49783035,1.337511421,1.250607358,1.345913547,1.600107662,1.351950236,1.156476701,1.169361047,0.749653147,1.049771299,0.424243999,0.280582925,0.453640474,0.645401004,0.872983921,0.080889568,1.343393401,0.897057016,0.315274706,0.93156645,0.933110579
Spain,24.82719706,25.89985773,25.87507322,21.63560998,22.1246464,23.0619328,22.58722874,25.05517824,26.8487152,31.93481458,35.09872469,40.44872761,42.41694756,45.16505366,46.07543038,50.27144127,54.03275515,53.27586662,42.08734525,29.45230087,23.47289557,22.17762972,15.93899228,13.73578465,14.58624382,14.94851276,14.64969507,14.49649435,15.55905157,17.26157316,15.60042403,18.54713388,18.48053169,17.904
Sweden,2.3582,2.395,1.832511968,1.543158016,1.267646016,1.124294864,1.480017888,1.277964912,1.209168064,1.505027424,1.100637289,1.63791473,1.588567944,1.648187739,1.989417709,1.593125573,2.036144265,2.226854361,2.311383711,1.959423006,2.34241925,1.718112046,2.257436646,2.553895707,2.299564903,2.764259567,2.789253388,2.591100016,3.24349421,2.700004,2.298983273,2.406830964,2.652360357,2.886516686
Switzerland,5.69094225,4.91437272,4.435093016,4.171103852,4.178931648,4.215030944,3.800820808,3.691035504,3.711151856,3.742451488,3.604570125,3.947337396,4.029509176,3.492233702,4.172722012,4.021999994,4.042334989,4.26925261,3.98612868,3.910681849,4.477719831,5.17204089,4.46699708,5.508394156,4.638413428,4.43647339,4.579996951,5.343397408,4.162849522,4.104202866,4.23478508,4.1799985,4.735357693,4.329630776
United Kingdom,14,12.297,11.006,11.89690515,13.70585552,13.51889126,12.93658515,13.11594752,12.75111418,12.88571143,12.51089798,12.21545568,11.44187766,12.30406389,11.94230995,11.51432721,11.21764778,12.18034173,10.14305025,7.706529614,7.685234741,8.734560616,8.590828956,8.40674244,9.872626003,10.43386034,10.31141878,9.3595,9.964377486,9.079236905,8.029311153,9.663427768,8.401677888,8.23983647
USA,71.295642,75.583394,76.297028,81.550306,90.020945,91.40603578,94.165063,101.05421,108.846516,116.401554,89.53781087,90.47510039,91.28919781,94.35135978,99.04144619,100.9359061,134.0395119,117.9394271,98.11386398,70.72949802,72.551389,72.776098,79.20332304,82.581585,82.535,94.09600506,96.828486,98.596329,100.353361,103.510343,105.165251,112.970245,118.626491,115.323469
Mexico,20.72991388,23.98199854,25.69304821,26.2727033,28.76400776,20.49283758,19.1004466,22.46261704,24.4159435,26.236126,29.126997,29.86509997,31.74992323,32.49720477,33.33190214,32.76758359,37.40934932,36.34199595,34.91658991,34.12433099,33.67307264,34.04651388,34.04781766,32.42344458,36.597,39.613,40.577,41.16075871,47.46517772,45.17637641,47.833,51.559,40.94601777,48
Brazil,24.99735742,27.45218543,24.1581016,24.83543821,25.35291746,25.80759199,34.84369426,38.39071032,40.33010504,40.27751786,39.14454635,39.1866788,38.01551626,33.69647631,34.71825628,35.61557886,42.06781821,46.60519182,51.25930656,52.41281165,61.14792734,66.77106766,68.68504863,69.94750099,71.07063804,65.27721172,57.47753792,53.99586487,53.550134,56.61102415,61.06500362,65.88086097,63.5755406,66.78228378
Egypt,10.864,16.427,17,16,16.32973065,17.22272782,20.93079379,21.89585746,24.46455265,28.50054131,24.143,25.7,28.155,21.22289711,28.763,29,30.95841354,35.7126787,40.01063198,47.32410472,50.68572833,42.42791434,52.98826328,48.70548503,50.82091218,53.31926228,54.35780882,51.49778505,49.32053298,46.37672199,42.80148397,43.3810718,37.09313352,52.03915232
Turkey,22.58028774,23.30790463,24.79832067,28.98076429,25.21621032,29.31717549,32.07736537,32.1056943,34.47194662,30.17023017,35.815333,30.12309245,32.3397325,35.031874,38.31201753,43.57694906,47.49938235,49.552473,54.02626211,53.97282945,43.82596855,49.0354968,50.37341494,71.16289789,71.13034729,71.41913802,75.4030545,80.5519912,72.4713494,56.92454975,72.29967102,79.85108435,72.684365,80.99978193
Iran,12.5166,15,15.2,16,16,16.3,18.35,19.11399275,18.94809146,18.11309363,17.82079817,23.84390702,27.34718627,29.65741828,31.34618271,31.45487343,35.16579014,41,44.4,50,53.40997905,57.34526596,70,51.74280827,49.29847049,45.92011973,42.20789158,42.35522007,42.14268938,42.93562074,53.69217455,47.30402527,59,71
Saudi Arabia,9.977,9.620607568,13.92031933,17.27253613,17.75723589,16.41825818,15.22126605,15.4,12.12789725,11.86169741,11.896732,18.341201,19.380207,21.729885,24.406261,25.432496,25.37987921,26.674686,28.643839,35.158406,40.423782,46.923369,53.090756,60.951807,58.517753,61.94007858,55.658908,47.36882241,38.25315939,37.96016835,47.847705,45.86629255,52,49
India,48.817477,50.80114899,49.268875,52.05294203,55.23877749,61.05911998,73.84942988,78.21635862,83.99489045,87.83185839,91.77158032,97.0903669,111.0354286,116.1138161,124.1907208,138.156645,154.8250391,166.5976349,183.1810559,204.3355232,221.1128239,236.8667851,268.4497534,276.1597016,275.0324526,296.8218408,285.8870814,286.4234977,296.4912944,318.9139791,292.2403589,330.3161549,380.842518,420
China,203.168,252.61,302.2105258,366.814327,418.0115256,437.7341338,479.4455916,500.2141755,528.0058765,567.1431347,578.5609666,657.6316008,722.2081882,859.2856399,965.6250626,1017.306173,1201.756717,1328.805512,1374.577539,1629.20842,1865.622601,1991.795665,2198.63851,2402.255085,2478.509671,2359.188067,2410.044916,2330.838382,2212.292441,2324.470534,2391.579786,2375.940938,2116.039227,1996.166696
"Korea, Republic of",35.63150338,40.56296262,48.66958029,43.96682374,48.74904794,53.74764518,59.8012617,62.15003373,43.34242496,43.79818674,47.12094223,48.38149272,53.38810776,58.03750421,53.73931595,48.90163112,51.06152884,48.85546724,47.25843554,46.33626413,40.50005611,39.03759298,39.04814826,38.94550795,38.47603791,45.86663079,53.01770043,56.5,52.093,51.28678522,42.17454092,45.88539228,48.99199208,51
Japan,78.167342,84.022007,77.98884081,75.88929501,77.58340557,77.32173577,82.43727681,80.35574694,74.44415773,73.5292791,75.04079527,70.15739658,64.51600655,59.89085578,57.90433586,60.38355485,60.9029889,59.23328249,52.82609326,44.92017359,41.85985176,42.23419211,45.85379944,50.02429526,49.43834925,45.02611064,42.0307909,43.56396541,44.83804222,43.22980145,40.03113927,38.71754707,43.167934,48
Vietnam,2.5396,3,5,6.5,7.2,7.5,6.586,8.019,9.7,10.381,12.422516,16.77929075,22.76102643,26.17070785,27.22501548,31.58082432,36.24830239,37.102,40.009,47.9,50,58.271,55.531,57.516,60.982,67.645,61.30218188,60.25499719,60.96526775,74.19377374,76.30123771,73.06221406,119.8947238,110
Indonesia,11.22934649,15.14483083,14.7554557,17.44863597,19.30719418,21.17880669,26.33996598,28.57080166,18.90380624,16.58285495,20.39358464,23.30939037,29.07863104,31.341922,31.522596,33.73083444,28.89367177,30.73295544,35.42852554,34.32237418,38.93305323,45.35317767,54.05745464,59.41489656,60.24062722,61.98342511,60.81970819,61.60946613,68.86289469,71.9,53.02514232,52.95734885,54.94597383,67
South Africa,7.9816,7.427,7.028,7.356,7.905,9.071,9,9.5,9.5,8.9,8.28244707,7.640742159,8.053703355,8.513400132,12.16704057,13.12708658,13.27147353,14.73783486,13.97253045,11.65663565,12.80718318,11.42364197,12.43266745,12.16821013,13.46395538,13.31182926,12.99362642,14.13397131,13.68004674,14.00402978,12.00777648,13.49649441,12.93203345,11.78304397
Argentina,6.50319,6.319,6.4,6.297883244,6.035684488,6.04473208,6.41539148,7.20220096,7.733100208,7.696088508,8.529561501,8.470283767,8.883707895,8.804231128,8.824366338,8.853450008,14.6324334,15.93568125,17.40224055,18.86622852,19.72081542,11.83204714,10.52316155,11.92408257,11.24590377,10.91207995,10.91791382,11.88095315,11.8080279,11.0826356,9.8127016,12.12600001,12.9760112,12.557024
Barbados,0.19954,0.2,0.175,0.062,0.078,0.08,0.107,0.184439,0.251537192,0.185132072,0.159193793,0.143777045,0.126728929,0.124244222,0.121861881,0.238607065,0.313476129,0.041833728,0.315483821,0.290253586,0.101373761,0.0755254,0.02573256,0,0.002195835,0.031426421,0.004934924,0,0.019688511,0,0.228542938,0.159966081,0.162679834,0.306315711
Bolivia,0.49885,0.592,0.610200607,0.704974332,0.757603979,0.755197044,1.00952916,1.10486408,1.240801571,1.275062019,1.278371464,0.982996,1.00698,1.135524171,1.27505863,1.439589745,1.636078696,1.817263234,1.985417082,2.452506344,2.585725379,2.656881217,3.054521257,3.0597312,3.337,3.468000044,3.65392528,3.717345765,3.6627355,3.927971917,3.181167997,3.484855424,3.899999864,4.00805213
Chile,1.80493,2.18850951,2.674047508,3.249792264,3.102039236,3.124478777,4.212771177,4.4725677,4.326071584,3.319472193,3.881883549,3.931161009,3.837507339,3.621909958,3.797942023,3.998961399,4.103389043,4.411730727,4.619305946,3.876283757,3.865213205,5.778746539,6.550684509,4.88,4.2,4.28818294,4.2,4,7.219463409,5.03,6.013186059,4.676634022,6.551976255,4.628088658
Colombia,6.6211,4.708790512,5.49846301,6.761439792,8.21587096,8.408547144,7.390496952,7.043146432,7.458059264,5.582306807,5.411632277,4.552078833,3.659780521,4.861476964,5.365308236,7.680271999,8.047117075,9.090526289,9.116454374,8.48198209,9.247169185,10.63132927,11.01333236,11.79707144,13.72783617,15.59343349,15.14040443,12.29902077,12.45202609,12.97695316,11.84809262,13.79189738,15.26696911,14.211
Costa Rica,0.79816,0.7,0.7,0.86,0.944396442,0.985931668,0.832251488,0.873482414,1.222379712,1.334440449,0.974968405,1.00945401,0.995220926,1.263265804,1.659307993,1.69025335,1.236448041,2.14676534,2.356249658,1.202099423,0.928018498,1.315664795,1.096369449,1.078839684,1.18582756,1.316781319,1.359919429,0.973808035,1.120335449,1.021156345,0.654692693,0.562913416,1.006504408,1.16842002
Cuba,3.7187,2,2,1.049,1.081,1.2,1.453,1.713,1.8,1.074785439,1.032840748,0.351545984,0.219788509,0.341556992,0.440009522,0.171213461,0.60806664,1.8053,1.7072,1.6257,1.6,1.736,1.833,1.659,1.58,1.518,1.49099931,1.420729,1.54307,1.407,1.015,0.817,0.68,0.68
Dominican Republic,1.059376,1.235,1.365,1.271,1.276,1.453,1.641993293,1.834755838,1.885,2,2,2.731679654,3.04962138,2.738498258,2.575881399,2.775485931,3.63870655,4.100072415,3.067520577,2.003058373,1.976100131,2.968862864,2.813871826,2.928969969,5.018276815,4.412202684,5.081117811,5.254213265,4.28364582,5.165706215,5.089597517,6.417372013,6.47995747,6.446873082
Ecuador,2.2675,2.310297907,2.255028706,2.100607107,2.230860085,2.463508904,3.097942,2.941348696,2.692353112,2.303261957,2.799535174,2.916130919,2.99833648,3.171389944,3.111474714,3.124158735,4.255239585,4.743746392,5.819953913,5.459658702,5.11258271,6.319465578,5.67127059,7.530225772,7.395653489,6.149571602,5.492482477,5.69000076,5.683834763,5.5501334,4.602838388,5.400000005,4.973216048,5.558510638
El Salvador,0.6349,0.68,0.419,0.861,0.882920988,0.949102739,0.988133106,1.054668776,1.03285182,1.100782509,1.076601593,1.236812767,1.313520207,1.402233622,1.146120608,1.400665494,1.102021965,1.18109157,1.111096036,1.131022659,1.31323774,1.300924959,1.428729309,1.214473806,0.878971281,0.84321991,0.977581901,0.917764111,1.265049412,1.5980754,0.947305166,1.482712467,0.949910683,1.081037155
French Guiana,0,0,0,0,0.061100596,0.058393744,0.052,0.051,0.05,0.05,0.05,0.058,0.062,0.06,0.06,0.06,0.062,0.062,0.062,0.062,0.062,0.062,0.06,0.094,0.087,0.076,0.091,0.08,0.093,0.095,0.09,0.1,0.1,0.100931594
Guadeloupe,0.19954,0.24,0.235,0.23,0.454917328,0.423268704,0.23,0.23,0.23,0.23,0.23,0.265,0.23,0.23,0.23,0.23,0.23,0.23,0.23,0.23,0.23,0.3,0.3,0.3,0.3,0.3,0.3,0.3,0.31,0.31,0.31,0.31,0.31,0.313297872
Guatemala,1.7233,1.44,1.4,1.234368754,1.674756194,1.785136533,1.362932507,1.609437084,1.908633841,2.080700502,2.24791895,2.208665357,2.071349983,2.120521713,2.042807451,2.043755446,2.590887782,2.920497433,2.801323738,1.748745166,1.746315006,3.064757746,3.130006958,3.137829331,3.616745447,3.773980309,3.984507388,3.288749725,2.948407086,2.830767739,3.121797764,3.201719764,3.245034264,3.292932693
Guyana,0,0.018411362,0.021646662,0,0,0,0,0.120161265,0.16283237,0.118249182,0.230930858,0.278862631,0.159498449,0.116099691,0.288460107,0.170252699,0.155029138,0.302527068,0.150596012,0.179004114,0.152726334,0.204302125,0.216215221,0.246450914,0.24462211,0.440824921,1.659762841,0.398024748,0.409231849,0.696110504,0.4,0.4,0.56951395,0.641943093
Haiti,0.286612,0.25,0.2,0.1,0.075,0.05,0.259999329,0.26,0.26,0.25,0.25,0.315,0.36,0.36,0.36,0.36,0.29,0.29,0.29,0.29,0.29,0.3,0.3,0.1,0.2,0.2,0.2,0.3,0.3,0.3,0.3,0.3,0.3,0.3
Honduras,0.65304,0.693,0.65,0.723,0.529091275,0.656973335,0.946334227,0.985386481,1.015457177,1.204820822,1.32057403,1.329429849,1.397368302,1.428545171,1.847809048,0.322727202,1.70801346,1.830931798,1.784,1.817491673,1.781479827,1.716157048,1.515143146,1.7,1.499788044,1.548846292,1.669253209,2.139999838,1.809195557,1.661817498,1.611058784,2.378351541,1.7,1.754873354
Jamaica,0.43536,0.365566061,0.493116899,0.438531805,0.445,0.523,0.585235063,0.630272488,0.562028128,0.514433218,0.638848798,0.673806464,0.695469478,0.774252317,0.872045614,0.969820582,1.145735886,0.689296367,0.949926374,0.661815663,0.745083769,0.958550401,0.888139845,0.94910293,0.529435822,0.665588677,0.78329802,0.893998306,1.012986558,0.947193114,1.063286666,1.23752909,1.184803014,0.952700158
Martinique,0.19954,0.245,0.24,0.22,0.41181989,0.380746816,0.22,0.22,0.22,0.22,0.22,0.255,0.221,0.22,0.22,0.22,0.22,0.22,0.22,0.22,0.22,0.15,0.15,0.15,0.15,0.15,0.15,0.15,0.15,0.15,0.15,0.15,0.15,0.15
Nicaragua,0.12698,0.239,0.277,0.255259218,0.333750485,0.412751352,0.399962332,0.456387455,0.575581794,0.647494811,0.829738163,0.564201367,0.586598965,0.668243493,0.802827623,0.769892677,0.673980588,0.707432789,0.719091493,0.804701539,0.782039033,1.019439702,1.070538714,1.03590934,1.129970653,1.139640431,1.15440566,1.253523235,1.103129957,0.574588438,0.944434913,1.169727085,1.019956,0.529999838
Panama,0.19954,0.3,0.25,0.571,0.615,0.374755212,0.662756516,0.832026952,1.171572384,1.195804578,1.23186047,0.881783042,1.008410984,1.486106101,1.56906819,1.463179374,1.707688626,1.85226227,2.853014853,2.602185714,1.912317921,0.992444627,1.613648437,2.952064708,2.622849078,2.352789257,2.237868751,1.992211666,1.782018497,1.523982553,0.754,0.753318188,0.77624575,0.837186303
Paraguay,0.328444058,0.324886479,0.318557057,0.486335283,0.550045552,0.551750037,0.605880072,0.674972022,0.627882304,0.629773647,0.676518456,0.63652325,0.68101668,0.635570905,0.618942107,0.728975128,0.600432,0.6227455,0.772695645,0.6298509,0.6706808,0.91852558,0.80844473,0.9697257,1.009576,1.2643177,1.300009508,1.50004964,1.3544634,1.103164,1.05185167,1.100056,1.1,1.113942103
Peru,1.9954,2.2,2.091037427,2.089,2.088343492,2.798579376,4.135090376,4.880033608,4.291638324,3.722979482,3.79134983,3.718603093,3.481675826,3.447131215,3.922727122,3.650836939,4.995269717,5.623064796,6.831482101,7.015972992,6.840256041,8.510621108,8.997422936,10.30184793,10.38185392,10.02519528,10.094226,9.51246507,11.13531085,10.57599327,10.20852826,11.95071178,12.57136219,11.404
Suriname,0.049885,0.05,0.05,0.05,0.104051444,0.1198442,0.101507472,0.065,0.065,0.065,0.104752304,0.107766831,0.110115177,0.111343833,0.076497911,0.089484801,0.115388039,0.102313868,0.117049387,0.297748113,0.334872798,0.298452152,0.365097611,0.387583342,0.377212439,0.310616131,0.15,0.151980087,0.0445285,0.0500015,0.050051308,0.060724951,0.217417921,0.05
Trinidad and Tobago,0.438081,0.195350414,0.206352008,0.199986565,0.12310986,0.298841758,0.286194288,0.350079779,0.476772952,0.719614666,0.743,0.419599878,0.445624861,0.680025969,0.521829755,0.677781767,0.832409726,0.798944867,0.689235182,0.727414662,0.642716281,0.609730703,0.65399999,0.801999521,0,0.648738626,0.729258519,0.489198154,0.395723199,0.48438915,0.725504179,0.556131147,0.614088814,0.719
Uruguay,0.46257,0.5,0.5,0.5,0.727729524,0.692883144,0.847429652,0.718909488,0.502646497,0.542289147,0.547791278,0.880447529,0.995706718,0.990967481,0.901279294,0.893269855,0.440044956,0.382814223,0.438656719,0.506660691,0.448432553,0.571214583,0.651216969,0.910393558,0.949142927,0.672116328,0.741535751,0.816999723,0.798264,0.799503279,0.898237903,0.83521627,0.850704458,0.798242841
Venezuela,5.228855,6.337,6.585,6.842,5.057230564,3.772409741,4.44222402,4.973355876,5.228562796,4.994972888,5.431098053,5.93353372,4.273669125,4.691407601,5.033841685,6.930771087,9.830002779,11.00260253,10.79906019,10.83661594,10.78166936,7.629749106,7.866133433,8.994903065,7.94,8.21,7.3,5.41,2.01,1.15,1.47,2.5,2.6,2.552579869
Albania,0.79816,0.6,0.2,0.2,0.2,0.2,0.676514688,0.67080124,0.852997966,1.015519725,1.298731802,1.354652368,1.312446508,1.856949216,1.851782818,2.230919944,2.110053221,1.784442628,1.75998958,2.268386152,1.595415178,1.698621828,1.425739535,1.292039854,1.77742863,1.40415178,1.641552399,1.93,1.76953526,1.77,2.522,2.503,1.73,1.474257925
Bosnia and Herzegovina,0,0,0.15,0.15,0.15,0.15,0.15,0.2,0.3,0.3,0.3,0.704,0.913,1.486092248,1.560606673,1.547534231,1.705592407,1.842885679,1.880166425,1.4180667,1.237305932,1.248728356,1.182851336,1.202789752,1.229768231,1.178191187,1.187401961,0.801138676,1.371026854,0.732917995,1.309578902,1.07415225,1.000000886,1.00339788
Iceland,0.120073196,0.106196423,0.100159586,0.086184189,0.080468479,0.082136447,0.088275472,0.101345926,0.126905877,0.136556423,0.169644821,0.154281803,0.118706511,0.148060321,0.182494512,0.227173931,0.353680574,0.324726078,0.251050142,0.176893539,0.166876787,0.166834902,0.20485897,0.083121011,0.096270066,0.113465324,0.143951685,0.182927358,0.193024787,0.171022388,0.137835233,0,0.201270522,0.204823315
North Macedonia,0,0,0,0,0.010697491,0.005626461,0.007734869,0,0,0,0,0.028951685,0,0,0,0,0,0,0,0,0,0,0,0,0.074672381,0.052228872,0,0.90527088,0.752581579,0.555312114,0.857478064,1.181602283,0.850896824,0.576367051
Serbia,0,0,2.036,1.088,1.612,1.696,2.205,2.011,2.253,1.575,2.117,2.418,2.396,2.075,2.24,2.2,2.189259266,2.247659628,2.405114029,2.131774184,2.198122175,2.078297519,1.947498973,1.739157745,1.794003367,1.794381003,1.934281393,1.737506195,2.04788303,2.21432164,2.207596,2.518507975,2.491589843,2.516104471
Russia,80.76994662,74.69876072,61.7,49.9,37.2,36.4,27.36122906,26.2145529,24.86665211,26.58981573,30.43334764,33.02316093,35.94290674,39.08019306,43.60005562,46.01676793,52.19477286,60.5140256,61.04218995,42.91445501,49.22157724,57.66348489,63.69988337,68.46185164,71.63415504,63.0007645,53.61388328,54.678,51.87824567,57.93942481,56.3202886,61.38390671,60.665,63
Ukraine,26.31241373,24.33460439,20.1,15,11.4,11,4.821796368,4.618071792,4.590310984,4.93035774,4.531372283,5.955464776,6.659134421,7.874103863,9.4707643,10.910385,12.37400715,14.41301845,14.21286438,10.99687023,10.76264261,11.20673965,11.15551478,10.85830815,9.239892376,8.493558956,9.02299705,9.00299363,9.241007557,9.211389452,9.569318943,10.78073364,4.515786649,6.163764875
Belarus,3.010873213,2.784556721,2.3,1.9,1.488,1.235,1.467,1.876,2.013412352,2.006015952,1.57402666,1.550888469,1.640241495,1.862225597,2.201610397,2.465256313,2.954054641,3.52909763,4.058276141,4.179002496,4.858647603,4.534008249,4.553248567,4.480161537,4.617360459,3.699480896,3.276592192,4.517346578,2.82560762,3.21090766,3.182170205,2.98829377,4.092,4.402
Estonia,0.785445186,0.726406101,0.6,0.5,0.402,0,0,0,0,0,0,0,0.153981336,0.213490927,0.475897251,0.609427331,0.794409961,0.530156845,0.807569065,0.163258076,0.054472517,0,0,0,0,0.322879512,0.372845055,0.50502303,0.53559934,0.410960329,0.438562483,0.366051425,0.700805462,0.412812623
Latvia       ,0.523630124,0.484270734,0.4,0.3,0.207686296,0.175087896,0.247890352,0.192567068,0.35947296,0,0.003928249,0,0.244274787,0.253803949,0.390686097,0.28668411,0.641384302,0.218616926,0.331276459,0.65258441,0.561191554,0.321351996,0.285296429,0.374984321,1.12617429,1.10196264,1.098738837,0.84707516,0.248700599,0.244260677,0.185757353,1.164902074,1.24711845,1.22427164
Lithuania,1.963612965,1.816015253,1.5,1,0.462689472,0.505148112,0.45704976,0.477018544,0.461709664,0.453348491,0.433103755,0.404796652,0.524928008,0.59113815,0.711608696,0.799295444,1.030663207,1.226525228,1.060751562,0.507092553,0.779112849,0.918013645,0.791783236,0.68869136,0.822001261,0.735330066,0.783403693,0.859862316,0.951917454,0.99858727,1.052721934,1.137396292,1.12369092,1.36481945
Georgia,0.654537655,0.605338418,0.5,0.3,0.1,0.1,0.146332702,0.181239547,0.276575674,0.315651196,0.330301547,0.336433048,0.366344459,0.397162107,0.486172576,0.33785686,0.175090017,0.190984357,0.407899505,0.989849478,1.104917638,0.879966783,0.93004483,1.691228601,1.428030539,2.050596106,1.808999472,2.151026467,2.607542037,3.365354004,2.599741914,3.23732881,3.03909487,3.167658589
Azerbaijan,1.047260248,0.968541468,0.8,0.6,0.5,0.2,0.346003616,0.50116352,0.564796198,0.576798318,0.598236794,0.76243212,1.18852302,1.440059576,2.201425,2.670584094,2.992888775,3.211674276,3.707139227,3.04719568,2.876738518,3.255054925,4.138400779,4.87621842,4.93521267,2.774062,2.354100435,2.955000247,3.44489666,3.4920698,2.95918173,2.81594358,2.835206026,3.7224209
Armenia,0.523630124,0.484270734,0.4,0.2,0.1,0.2,0.282,0.220356995,0.3,0.24806897,0.19735581,0.297981016,0.34470672,0.349842855,0.296879391,0.235442554,0.239108125,0.236883643,0.362706956,0.351099684,0.451184885,0.325629657,0.303610081,0.248905006,0.356539385,0.425670297,0.302983345,0.400294228,0.555513453,0.88964472,0.80256688,0.87049723,1.00404999,1.148152874
Kazakhstan,8.378081983,7.748331745,6.4,4,2,1.679995821,1.114579911,1.019099382,1.05696761,3.320384,1.175,2.2928632,2.32977712,3.042803275,4.69545597,5.864191112,7.489780463,9.232374219,7.648264918,6.926811947,7.388169166,8.440023484,7.428378714,8.64555499,8.844148696,9.8949515,9.37071976,9.371610862,9.91299942,10.26799998,9.444527948,12.52749518,12.57332068,12.151
Kyrgyzstan,1.439982841,1.331744519,1.1,0.7,0.4,0.2399003,0,0.658,0.709,0.386,0.462860604,0.445272873,0.522756517,0.602589351,0.572650716,0.638898665,0.63398417,0.880856907,0.927486125,0.780048092,0.647838001,0.962602081,0.954630551,1.541948133,1.655678243,1.506025955,1.275644235,1.730064594,2.093786327,1.49559458,1.52574803,2.134270068,2.28842866,2.961
Tajikistan,0.523630124,0.484270734,0.4,0.3,0.2,0.1,0.05,0.036,0.018,0.03,0.05,0.07,0.1,0.166,0.194,0.253,0.2815,0.3131,0.1904,0.195,0.2882,0.299,0.232,0.384,1.15,1.418,1.17563737,2.146873775,2.446305806,2.685625398,2.935842066,2.777279176,2.670074112,4.188
Uzbekistan,7.723544328,7.142993327,5.9,5.3,4.8,3.5,3.3,3.3,3.4,3.3,3.4,4,4,4,4.8,5.068,5.7,6.5,6.6,6.85,6.872,6.698,6.8,6.99,7.35,7.9,8.3,8.41635167,12.68128207,14.11293056,14.88473505,14.8590299,13.55814173,11.931
Turkmenistan ,1.439982841,1.331744519,1.1,1.1,0.7,0.4,0.451,0.45,0.45,0.45,0.45,0.45,0.45,0.45,0.45,42.787,0.9206,0.941,1.0256,1.1,1.1,1.5,1.9,2.65,2.9,3.3,3.5,3.6,2.7,2.4,1.9,2.1,2.1,2.465114745
Moldova,2.225428027,2.05815062,1.7,1.5,0.092608233,0.093557482,0.041844073,0.122,0.072586005,0.050378058,0.26455401,0.235060669,0.345992912,0.386403494,0.61923216,0.714210376,0.883468933,0.717702496,0.78305951,0.818975365,0.78565086,1.100055888,1.243673216,1.141028732,1.30750075,1.322873022,1.389292349,1.10901265,1.2330032,1.32312408,1.213326695,1.19759301,1.196306359,1.226550965
Algeria,6.50319,6.319,7.98331216,7.82655872,8.234887424,8.226918272,7.991554148,7.816711928,8.001199308,8.204923887,9.35898364,9.325923048,10.81080188,12.07827218,10.34528591,9.676619299,15.16019534,16.14750597,17.32687507,19.27030544,22.48123208,20.2662587,21.7789253,22.89756722,27.013188,29.60317182,27.7846053,28.02824429,24.48,25.37,22.5,24,28,28.73631765
Angola,0.9977,0.26,0.3,0.25,0.3,0.3,0.27,0.301,0.35,0.35,0.35,0.55,0.597,0.7,0.754,0.76,1.373,2.024939131,1.78,4.347257382,3.586197074,4.202424621,3.524397445,6.379175822,6.325312453,5.340509509,4.992885767,5.039595328,2.890211641,2.72864525,2.806621382,3.067126426,2.358250897,2.852500673
Benin,0.49885,0.32,0.37,0.38,0.38,0.38,0.36,0.45,0.796534176,0.946898083,1.096473733,1.044144456,0.804581493,0.841340143,0.645282098,0.751359756,1.994980723,2.14911639,2.09264714,2.192487638,2.27332782,2.468387995,2.363633218,2.29915509,1.808718267,1.04025915,1.356000138,1.438652084,2.637491893,1.9984552,2.120175,2.220958902,3.438527049,2.963173657
Botswana,0,0,0,0,0,0,0,0,0,0,0.478211196,0.454131769,0.500432619,0.213433478,0.656941517,0.437314204,0.379078403,0.496697819,0.544277796,0.631978092,0.313214829,0.302809156,0,0.013838,0.569850224,0.003438776,0.646758731,0.011833937,0.012638779,0.656808831,0.648932482,0,0.622231663,0.558259151
Burkina Faso,0,0,0,0,0,0.23151652,0.281424894,0.28134272,0.291294064,0.354804128,0.361667212,0.370202325,0.301624268,0.445746199,0.477837769,0.52782048,0.557194681,0.60431831,1.068943416,1.174159371,1.304492286,1.289950877,1.54791833,1.639104898,1.364584134,1.411533921,1.659683283,3.482503962,2.14999952,3.936655689,3.985627874,5.024736,4.046017844,2.397156929
Burundi,0,0,0,0.063901328,0.032903152,0.039983392,0.027178272,0.023815432,0.035444936,0.031352568,0.036294345,0.044260159,0.051920898,0,0.066281054,0.070463246,0.06033763,0.084447219,0.070495258,0.00128462,0.150290778,0.202960874,0.240458761,0.259270715,0.225838787,0.203378947,0.222056322,0.052281235,0.102285303,0.075827525,0.21363,0.1806483,0.218354578,0.19560655
Cameroon,0,0.521,0.519,0.52,0.52,0.738888496,0.36465584,0.759178112,0.856231616,0.96525104,0.897701167,1.553884557,1.430945093,1.443569923,1.698636569,1.732104217,1.774748009,1.854747522,1.683994204,1.909930586,2.130936989,1.870901376,2.187669741,3.043233369,3.328516797,3.582642657,4.478867992,5.13370557,4.819190701,5.270266311,5.823887107,7.271110237,4.7,5.047041447
Chad,0,0,0,0,0,0.051545752,0,0,0,0,0,0,0,0,0,0,0,0,0,0,0,0,0,0.18,0.2,0.2,0.2,0.35,0.37,0.41,0.39,0.51,0.6,0.656693651
Congo (Brazzaville),0.058048,0.103,0.115,0.116707686,0.122222147,0.104692752,0.05,0.02,0.02,0.02,0.02,0.201,0.265,0.331,0.403,0.41,0.1,0.42709185,0.502619424,0.535247966,0.246189818,0.832595165,1.140502237,1.40926875,1.732877388,1.967620859,0.94995645,1.283971787,0.765406617,0.7120639,0.523986409,0.74029414,0.894,0.030917096
Congo (Kinshasa),0,0,0,0,0,0,0.241,0.125,0.134,0.158,0.096,0,0,0,0,0,0.519233,0.530196,0.411212,0.44355,0.53,0.458,0.377,0.447,0.33,0.3992239,0.253034352,0.926714672,1.16914425,1.383186,1.583582212,1.85537214,2.362798141,2.294097533
CÃ´te d'Ivoire,0.55,0.5,0.51,0.5,0.5,0.69551248,1.303651456,1.810197632,1.387059136,1.539047616,1.242703069,1.188289761,1.251992488,1.256280726,1.23287774,1.134433331,0.949252115,1.045022983,1.104779412,1.039391663,1.255229405,0.979703501,1.454348802,2.198488575,4.527279299,5.439609859,6.212612112,3.599999692,4.443720539,7.987384779,8.561891291,9.557348118,8.904324045,5.233403267
Djibouti,0,0,0,0,0,0,0,0,0,0,0,0,0,0,0,0,0,0,0,0.072230804,0,0,0,0.15,0.17,0.18,0.18,0.18,0.224,0.25,0.24,0.36,0.48,0.537117723
Eritrea,0,0,0,0.03,0.3,0.35,0.047,0.06,0.05,0.05,0.045,0.045,0.045,0.208538177,0.045,0.045,0.045,0.045,0.045,0.045,0.045,0.23,0.23,0.23,0.23,0.2,0.2,0.21,0.18,0.18,0.16,0.18,0.18,0.170517001
Ethiopia,0.39908,0.29,0.3,0.27,0.26,0.610838057,0.69,0.754253444,0.791712175,0.638078845,0.880000178,0.900192956,0.900035815,1.127569706,1.313098701,1.53863251,1.730381048,1.799269114,2.610438627,2.34420055,2.94840363,3.299999976,3.334052448,4.479120246,5.314180977,7.432365214,8.244614215,8.86254242,9.299590202,9.497887918,9.688687327,9.504315547,9.355821329,9.83
Gabon,0.115189,0.117,0.116,0.137667653,0.132285386,0.13,0.192886608,0.217533668,0.220491516,0.218331302,0.222249357,0.25891306,0.283544851,0.318360521,0.305081553,0.281460744,0.542194896,0.378664737,0.398755065,0.417910795,0.223092182,0.192960131,0.592969599,0.137235657,0.63060718,0.656482693,1.126164041,0.37,0.893583478,0.539999685,1.006347674,1.069548649,0.57,0.57606383
Ghana,0.59862,0.75,1.024,1.203,1.346,1.4,1.563011274,1.706206839,2.613058626,2.472888954,2.126542534,2.914542574,2.921764382,2.346738097,3.412450643,4.664514459,5.030304192,4.363720674,3.989353085,3.598408785,4.221494171,63.12632462,7.126590663,8.169710747,4.49958258,6.861702073,8.484791253,9.18869283,5.11,4.822419407,5.12,5.6,7,7.359954466
Guinea,0,0,0,0,0,0.283832288,0.234016672,0.2326512,0.637198976,0.632048896,0.532233329,0.61434349,0.741368722,0.36,0.87899106,0.872975602,0.673195943,0.633725441,0.820811503,0.298,0.237,0.365,0.317,1.256174404,1.309951086,1.448708489,1.50093052,1.28,1.38,1.5,1.54,1.59,1.7,1.79267227
Kenya,1.511062,1.423,1.097097689,1.417,1.42,1.5,1.816,0.816238562,0.782436195,0.94697216,0.728025643,1.019551642,1.245003746,1.163585158,1.337619572,1.846758263,1.805227549,2.540242206,2.579391216,3.304179473,4.080604352,4.478,4.64,5.613442905,5.883,7.584814238,8.250401756,5.767976833,7.868531822,7.717157272,7.3707158,8.603929918,9.162468079,9.709
Liberia,0.049885,0.002,0.008,0.008,0.008,0.008,0.015,0.007,0.01,0.015,0.015,0.063,0.054,0.025,0.04,0.04,0.15499,0.1572,0.094037,0.070584,0.067,0.081,0.109,0.194,0.295,0.298,0.241,0.285,0.332,0.343,0.416,0.535,0.474,0.492
Libya,3,2.369,2.3,2.3,2.3,2.3,3.55,2.524,3,3,3,3,3.3,3.5,3.6,3.6,5.3,5.523084665,5.850552,8.899141444,8.311166056,3.5,2,2,7,5,5.501361048,6.308126134,5.349300954,5.814694853,3.1,4.1,3,3
Madagascar,0.11788084,0.126002708,0.159353024,0.137336008,0.156121728,0.145864251,0.074392936,0.075103548,0.141145189,0.112094936,0.153150235,0.151559267,0.138787189,0.254402613,0.22676355,0.344343124,0.419994235,0.2699959,0.30000959,0.240002974,0.648785329,0.448473931,0.150138856,0.582413139,0.240000006,0.704513058,0.893218984,0.347568856,0.2963668,0.119999941,0.28080304,0.1499928,0.150000124,1.100653328
Malawi,0.069879386,0.120026863,0.112,0.127,0.134349322,0.223670583,0.090998118,0.175063,0.133126,0.187064948,0.236359441,0.180951756,0.174001588,0.023998229,0.119588882,0.120216157,0.321874734,0.18490685,0.250471764,0.245692027,0.241941019,0.204235828,0.378623772,0.229710037,0.512272781,0.513330499,0.420000042,0.438430172,0.23199995,0.416010782,0.756428872,0.896226079,0.722090775,0.338373463
Mali,0.019954,0.02,0.02,0.02,0.02,0.02,0.350962944,0.333569184,0.405081344,0.349264568,0.524998212,0.599423839,0.558039021,0.642563461,0.803188629,0.723940432,0.666364086,0.827561867,1.04122348,0,1.346105426,1.466683669,1.433173167,0.44,0.66,0.63,2.511704137,2.619191841,2.905437324,3.459359485,1.7,1.8,1.8,1.952227197
Mauritania,0.089793,0.105,0.122,0.111,0.374,0.375,0.1,0.08,0.05,0.05,0.287707439,0.472512689,0.549170392,0.491632585,0.797331269,0.556480703,0.82345211,1.005953146,0.620436488,0.833602801,1.107750568,1.118017259,1.198913757,1.377910743,1.715806247,1.69653194,1.571202989,1.712908368,1.918511688,0.999999896,0.9699578,2.139572049,1.919337447,1.031727175
Morocco,4.63,5.77,6.34,6.49257136,6.320138824,6.126875736,6.402959416,7.050774416,7.05336972,6.972819984,6.874328735,9.825304576,9.978342379,10.28271417,10.97961645,10.86742685,11.3960155,13.13309039,14.57746923,14.65261052,15.11301965,16.42146638,16.21641269,15.76413027,15.55220021,14.36090802,14.28080377,14.47885627,11.90625049,12.75126118,11.35991265,12.6097963,10.54411876,13.02502637
Mozambique,0.09977,0.08,0.03,0.02,0.02,0.02,0.18,0.22,0.26,0.27,0.429483677,0.499537236,0.650179243,0.478137248,0.512053183,0.952891848,1.432730298,0.957784747,0.744,0.777,0.884,1.550054028,1.21756286,1.802911691,2.773883426,1.58195955,2.463382477,2.34999995,2.395226717,2.779154826,2.799999945,2.996421189,2.752821266,2.904082255
Namibia,0,0,0,0,0,0,0.05,0.1,0.15,0.15,0.382893586,0.286618812,0.176669037,0.152747965,0.174026598,0.371226694,0.391369879,4.73205617,0.648736541,0.233427057,0.174817658,0.445855536,0.59213691,0.632126249,0.721225215,0.829724845,0.810946776,0.779999989,1.034413478,1,0.900999258,0.970094054,0.899928,0.900722774
Niger,0.02721,0.02,0.029,0.029,0.03,0.084381556,0.081615335,0.089030685,0.088866355,0.105754328,0.106424264,0.135645664,0.16069062,0.155403562,0.208214173,0.244445935,0.258106772,0.259458472,0.30100149,0.275261475,0.303190207,0.37493103,0.400926265,0.420192294,0.505184621,0.555321265,0.547787457,0.669646489,0.914104077,0.895688444,0.738617005,1.006041533,1.073525247,0.358797512
Nigeria,3.50102,3.5,3.5,3.5,2.6,2.6,4.138675136,3.425954752,3.977392768,3.364219456,3.232892759,3.659321003,3.83096828,5.437127685,2.3,2.4,5.655490238,4.624213095,9.874833046,11.45358789,13.45407982,14.63729981,17.3043011,20.43003845,19.94905094,20.86280617,21.50476288,18.03093788,21.025357,22.46417647,26.0297367,28.52417,27.10940969,28.43457193
Reunion,0,0,0,0,0.304519197,0.390201435,0.299,0.277,0.38,0.38,0.4,0.38,0.38,0.38,0.38,0.38,0.4,0.4,0.4,0.375,0.375,0.25,0.35,0.4,0.35,0.25,0.25,0.3,0.26,0.25,0.218,0.23,0.28,0.28
Rwanda,0,0.06,0.06,0.06,0.01,0.005,0.042018023,0.06104249,0.064618387,0.070653569,0.07,0.100350457,0.106341647,0.1191035,0.183611572,0.147899786,0.170612046,0.193627252,0.276137339,0.255781918,0.308521602,0.089755925,0.40961753,0.117197907,0.513857544,0.585386866,0.596141644,0.318199204,0.683865286,0.795993826,1.006276237,0.963270811,0.704440369,1.21
Senegal,0.376405,0.503,0.601,0.59,0.59,0.59,0.968888196,0.95519368,1.175173036,1.321371897,1.253212474,1.805416935,1.777927203,2.147977796,1.593654041,1.462978887,2.583873675,3.012431143,2.656726046,2.633397234,1.823778823,2.569541229,2.312373576,3.430050107,2.759794559,2.392894147,2.515970095,2.760189664,3.310789475,4.924345365,5.219577414,5.349437119,7.523010132,8.267867283
Sierra Leone,0,0,0,0,0,0,0.16,0.05,0.1,0.1,0.153334936,0.113,0.186626004,0.169,0.18,0.18,0.23444,0.23583,0.25416,0.23624,0.23,0.311,0.335,0.313,0.380492728,0.324198563,0.915070798,0.35970043,0.822984338,0.34,0.345,0.36,0.35,0.361224762
Sudan,0.149655,0.17,0.25,0.25,0.25,0.347402264,0.496980944,0.430799584,0.51512464,0.574648608,0.464118919,0.190001061,0.205,0.272004604,0.3067,0.31,0.582942594,0.330497528,0.2465,0.621706827,1.745413983,3.138363199,3.475937606,3.525045679,3.476603276,3.723528506,4.008123451,4.326,3.942545657,2.594,2.387,2.285,2.26,2.250864723
Tanzania,0.29931,0.54,0.54,0.54,0.49,0.816967432,0.740959167,0.523213004,0.760321072,0.796669319,0.758354435,0.903843961,1.137876282,1.318506395,1.368348528,1.45420303,1.462466598,1.679447743,2.036704752,2.399608177,2.689506717,2.959363971,3.449193078,3.410019001,4.596835257,3.934418897,4.381207502,4.162584087,4.824553115,6.557225984,7.258633587,6.748878463,7.558507061,8.452085523
Togo,0.39908,0.388,0.35,0.35,0.495062132,0.622480208,0.891194728,0.831695648,0.864687872,0.724035712,0.422485639,0.511486953,0.602779584,0,0.255777638,0,0.8,0.03493597,1.2620556,0.507970433,0.765102046,0,0.362391727,0.25446016,0.767263368,0.80610946,0.63701886,0.207980621,0,0.520487095,1.072435277,1.099688556,1.16679706,0.992528356
Tunisia,4.9885,3.096447385,2.935218199,3.525621468,3.320405567,2.583407953,3.523595543,3.175929336,3.723283386,4.273314188,5.106305913,5.924232515,5.978517539,5.209993021,5.386935332,5.375857568,5.642414667,5.525883071,5.943107871,6.5155479,6.942326758,6.585121876,6.743899751,6.665774106,7.486225308,7.289742138,7.547117489,7.238298585,6.033317454,6.001401683,5.73609078,5.428144637,4.555090607,7.379
Uganda,0.009977,0.05,0.05,0.05,0.178982981,0.337605481,0.58633834,0.427835498,0.491926171,0.512112775,0.459662044,0.641981076,0.679896358,0.799061991,0.842349681,1.139571271,1.179203455,1.320229765,1.416889287,1.713504461,1.948886303,2.122012848,2.19987342,2.546066561,2.836228064,3.301764922,3.573481918,2.510946801,4.065716663,4.310146143,4.65113738,6.453830977,4.4,4.705061386
Zambia,0.376405,0.367,0.347,0.35,0.28,0,0.348,0.669525118,1.60213648,0.191519329,0.40471385,0.25742643,0.230303003,0.370926261,0.423337549,0.390273358,0.54993231,0.486082345,0.591852501,0.837896926,1.127000088,1.14717939,1.149080564,1.7875559,1.898171964,1.812763609,1.929707331,1.78026942,2.665003656,2.481388802,1.663770865,2.56884645,2.406971672,3.399666
Zimbabwe,0.7256,0.865,0.9,1,0.9,0.836119572,1,1.1,1.1,1,0.888733916,0.796589323,0.60272011,0.074673954,0.078236872,0.24698198,0.702287011,0.400021489,0.343199605,0.700000661,0.800049127,0.912557742,0.999796117,1.07245415,1.325350427,1.248226327,1.495680985,1.758163728,1.434341349,1.331611777,1.404849199,1.785773809,0.999999905,1
Afghanistan,0.112,0.112,0.115,0.115,0.115,0.115,0.116,0.116,0.116,0.116,0.12,0.05,0.06,0.07,0.07,0.06,0.05,0.05,0.037,0.032,0.036,0.038,0.037,0.052,0.087,0.07,0.101,0.08,0.08,0.08,0.08,0.04,0.026,0.026
Bahrain,0,0.15,0.22,0.225,0.225,0.225,0.192,0.172,0.23,0.156,0.691110851,0.676731983,0.828011678,0.906464958,0.93535258,1.144600445,1.02905412,0.912294961,1.743769447,2.500006071,2.001899085,1.55360353,2.413585653,1.88835226,2.406003387,2.551064034,2.796654657,1.49,1.17,2.081913533,1.989783179,1.966012964,2.06903126,1.034417318
Iraq,12.9701,5,10,12,15,18,1.6,1.7,2,2,2,6,6.834,1.901,2.5,3,3.5,4.5,6.453,7,8,10,10,12,11.77629201,10,10,14,24,27,28,29,32.4,32.4
Israel,2.86612,3.55,3.5,3.5,3.5,3.5,5.6,5.4,6.476,6.354,6.592723744,5.349572147,5.096708452,4.98911706,4.391087468,4.587472277,4.649010934,4.77731734,4.312829967,4.759,5.139,6.137706942,5.5,6.398,6.602974101,8.889361818,7.149922525,9.514652061,5.858,4.997738484,5.25,5.7,6.065,9.99984702
Jordan,1.77772,1.363,3.134,3.514,3.081234322,3.251195501,3.512,2.222353822,2.062044224,2.011028532,2.039503076,2.331166586,2.652292015,2.586709759,3.346225088,3.749433691,3.928522421,4.083859918,4.020734766,3.756533536,4.641376739,4.346697975,4.59842244,3.791675434,4.155636158,4.12104451,4.500946372,4.191507064,5.238163519,3.205594985,3.486696937,2.99166005,3.386792754,4.29
Kosovo,0,0,0,0,0,0,0,0,0,0,0,0,0,0,0,0,0,0,0.59,0.5,0.36,0.37,0.4,0.56,0.48,0.59,0.71,0.84,0.85,0.816,0.815,0.848,0.763,0.763
Kuwait,0.79816,0.098,0.533,0.5,1,2,2,2,2,2,3.990542641,2.905972243,3.452399107,3.898858349,5.282532351,2.7,4.130428372,4.368411303,5.346507316,1.999972525,3.965413072,4.6130649,2.25,5.714189209,7.214852166,4.202340764,4.200122453,3.497587515,3.400326183,7.944281464,6.681205819,6.678839955,3.629349412,3.63
Lebanon,0.907,0.9,1.5,2.5,2.8,3,3.5,3.948838876,3.825599392,3.042916592,2.456411863,2.001613395,1.83097658,1.597664427,1.270467,1.648839295,2.432023724,3.042370895,2.993674289,4.012751474,4.558350897,5.119604053,4.991253808,5.592002322,5.411034722,4.982971759,5.207244262,5.111988542,4.651701301,3.156770967,1.778332513,1.83993847,2.161814256,2.210576567
Oman,1.029827176,1.23985226,1.340120964,1.472370656,1.637775392,1.734833384,1.81203782,1.80509206,1.746892656,1.25957184,1.389991882,1.017217382,1.400888248,3.370113895,2.165448582,2.303820957,2.811687045,3.138409308,4.41370515,3.909494821,5.672802713,6.140530806,7.864699885,10.15387669,8.516478787,10.11268899,11.20618635,9.69989734,9.814903257,8.795345161,6.23,7.734156633,5.988009087,6.84989607
Palestine,0,0,0,0,0,0,0,0,0,0,0,0,0,0,0,0,0,0,0.621877069,1.000387184,0,0,0,0,0,0,0,3.130002117,2.705647293,2.595930139,2.141505974,2.362406928,0,0
Qatar,0.5442,0.527,0.544,0.544,0.55,0.58,0.69,0.692,0.7,1.025,1.19483392,1.265615328,1.797957884,1.665692606,2.09900224,4.37284103,3.27383989,4.949490901,7.728903715,4.095,7.003125588,5,6.19022609,5.567762591,6.843112934,8.033519499,7.247091806,6,5.947092171,4.898284103,4.225377941,4.919580168,5.354711163,4.983519158
Syria,3.50102,3.5,3.7,4.5,5,6,4.5,4.84,4.607,4.781,4.83,5.047422,5.15632,5.884137675,5.755316,6.495129,7.616009013,7.721921205,7.679278148,8.57916178,8.930943154,4,4,4,3.8,4,2,2.12,2.15,2.2,2.4,2.5,3,3
United Arab Emiratese,3.11101,3.379905627,3.721148323,4.257035796,5,6,6,5.25,6,6,6.537853177,6.772860131,5.101093326,0,11.64465069,12.45173457,13.63304397,21.35705722,27.31785563,21.99357339,17.56937338,16.3452433,12.89192452,8.035301362,16.20351317,13.84756183,17.00577691,12.59504771,8.86520074,16.1,15.39244469,0,15.26793307,15.2
Yemen,0.69839,0.85,0.8,0.8,0.8,1,1.028,1.235,1.201,1.454,1.4,1.493,1.561,1.541,3.140284209,3.397179373,3.115603648,3.598631245,3.592569946,3.260595033,2.659442838,1.447774242,3.465106406,4.395368827,4.456711287,3.987472214,2.4,1.92,1.884170402,2.089767545,1.7,1.8,1.95,2.075799259
Bangladesh,1.943033,1.943759,1.946038976,2.434036,0.28,3.447369983,3.607948362,4.18345068,7.679493,0.95,5.745507411,9.256071591,9.532157694,8.489894133,8.985014224,12.10225321,12.1535927,12.25589235,16.979384,18.57817305,22.24138822,23.31972413,24.95391204,26.80713836,17,40.37489911,32,27.24,31.5,33.8,31.4,34.2,32,31.69884554
Bhutan,0,0.116,0.116,0.001569772,0,0.14,0.16,0.16,0,0,0.15,0.16,0.16,0.16,0.17,0,0.204922959,0,0.183955882,0,0,0.403989129,0.41186723,0.57,0.69,0.791,0.94,0.895,0.941,1.19,0.81,1.1,0.6,0.881603958
Burma,0.375498,0.443,0.538845536,0.4,0.47,0.517,0.505,0.516,0.365,0.338,0.393,17.42238553,0.471,0.572,0.519,0.543,0.570031,0.608192,0.676,0.67,1.430555005,0.538,0.582153948,1.121,3.940829905,3.558601613,4.020494241,5.48,4.498596208,5.09776205,6.732662748,7.534045597,8.523301913,9.056041239
Nepal,0.107026,0.136,0.196,0.19,0.19,0.22,0.309,0.225,0.28,0.29,0.3,0.285,0.29,2.719122821,0.285,0.29,0.295,0.3,0.295,0.299865,2.630093772,2.302674334,1.827670089,4.628753283,4.581556656,5.187175206,7.147326184,11.10394146,12.1328448,10.58895762,9.044102751,9.410870477,6.206083049,6
Pakistan,7.1653,7.762,7.793,8.321,8.1,8.586,8.9,9.001,8.901,9.3,9.5,11,11,12.46301002,15.258411,16.09320736,18.88012602,21.19036802,21.52069683,22.55331112,19.64981044,22.90959708,24.00531389,22.67178795,23.00991201,27.08478684,31.41113603,35.018079,34.926633,34.16750371,35.85895767,42.31881011,46.536612,50.70298048
Sri Lanka,1.012787401,1.099291285,1.665958645,1.628855488,2.026441858,0.9,0.928,0.965,0.874,2.848461321,3.176013045,3.094862721,2.921283472,3.246806169,2.793855654,3.652124996,4.63683612,4.914759687,5.100050866,4.46467148,5.731633159,7.13140366,8.533104655,1.929,9.325141198,9.260517412,2.692941312,12.37145526,2.841,12.53222614,9.235601692,9.249127648,8.786255436,6.406539521
Hong Kong,1.807651,1.677,1.643,4.000944,4.49756512,4.718246,5.616162,5.444701,5.058402,4.720862,3.810542122,4.219562622,4.045315868,3.610848121,4.038832016,3.728863984,2.341026024,2.510440016,2.822826032,2.531289016,2.890624944,3.662208992,3.397503976,4.020859469,4.573323,2.907062,4.44813,6.422306,7.354917,4.674847,5.417965,5.409492,5.017954,1.6
"Korea, North",16.326,16,17,17,17,17,17,17,17,16,15,5.16,5.32,5.54,5.63,5.7,6.16,6.13,6.415,6.4,6.4,6.4,6.4,6.6,6.68,6.7,7.08,6.84,5.83,5.6,5.69,5.96,6.55,6.55
Mongolia,0.50792,0.227,0.133,0.082,0.086,0.109,0.107563335,0.111750075,0.108891,0.106504092,0.104709947,0.095494359,0.147999865,0.247858905,0.193843835,0.287094292,0.383877937,0.59147542,0.269,0.235,0.323,0.426,0.349,1.784255691,1.916962737,1.28387117,0.684638472,0.765602735,0.934000164,1.142253974,1.33199227,1.297801771,1.35799995,1.436078244
Taiwan,18.45745,19.399,21.644,23.971,22.722,22.478,21.537,21.522,19.652,18.283,18.5,18.128,19.363,18.474,19.05,19.891,19.294,18.957,17.33,15.918,16.301,16.852,15.806,16.554,14.592,13.445,12.126,10.876,10.939,11.271,11.786,11.97,11.224,10.246
Brunei,0,0,0.185057744,0.332624992,0.528923424,0,0.25,0.702178064,0.513996382,0.208,0.232,0.416471867,0.411987237,0.353909816,0.422998791,0.24,0.533110126,0.2,0.238047364,0.22,10.59663761,0.664947494,0.299516153,0.718642579,0.543043903,0.574672888,0.637429803,0.718768582,0.290020794,0.29,0.41517668,0.259069889,0.724655518,0.310000089
Cambodia,0,0,0,0,0,0,0.2,0.2,0.3,0.3,1.01310577,0.799337191,0.966144299,0.947119324,1.051105395,1.148673542,1.401898286,1.468996157,1.911479063,1.753267001,1.603523491,1.79049195,2.102175758,2.121028692,2.783088542,3.224285565,3.298476651,3.4,6.129946566,9.432472861,8.918576249,8.69224804,9.1298493,7.92
Laos,0,0,0,0,0,0,0.078,0.084,0.08,0.08,0.08,0.092,0.24,0.25,0.25,0.35,0.4,0.4,0.4,0.4,0.399999109,0.399958947,0.4,2.155917465,2.20089788,3.099,3.395258452,4.101691364,5.29853149,4.234308975,5.27118356,13.72547904,12.8,16.42199486
Malaysia,4.59379995,7.365442328,9.748340969,10.71071299,11.23741877,13.493021,17.48561152,19.04797238,10.37916853,8.572607823,10.75373894,13.72956606,13.89852399,17.2420736,14.10321498,16.67790722,16.20553993,16.82220435,16.60529198,18.40398596,15.65257032,21.19989308,22.53878853,23.87831622,25.939338,26.67146317,22.78664869,22.0001362,17.38423971,16.1019612,19.48980989,21.2542149,18.423867,22.6964388
Philippines,3.9908,6.913,6.667,7.962,9.6,9.8,15.00102924,16.64895864,13.21739274,12.46778899,12.29783438,9.333047812,12.24963119,11.62517855,11.80036189,11.36769453,10.74915997,11.56932084,12.65030593,14.6245618,15.76146287,15.62442233,19.65445696,21.80380259,22.69876797,27.03443287,31.4076518,34.45886432,37.40697191,38.56973003,32.79542794,26.98616326,28.69313788,29.14207891
Singapore    ,3.701831224,4.450904176,4.831772016,5.383108432,5.947167992,6.277807088,8.659332292,9.427635839,8.29678408,7.137012369,6.856001472,4.173286493,3.463398192,3.693246071,3.230965977,3.044785286,2.970218037,3.832885265,4.396639085,4.77159226,4.422603103,4.673679423,5.709091536,5.797136289,5.892678839,5.957700683,5.07195533,4.475357769,4.364200729,4.490607537,0,4.475412632,4.338489197,0
Thailand,21.06382567,24.3282871,24.78348279,24.66702595,25.18189953,23.39504054,34.9936853,30.69832747,20.49151869,18.47745342,16.84291054,10.23881947,15.45017928,20.30208816,23.76994226,22.15698089,24.43320019,17.02681114,15.76813329,18.48171056,21.80533381,24.46209249,27.97145766,26.40893945,24.13096854,36.23239728,39.95736093,39.06689233,36.77002387,25.63464068,38.616,40.35694414,28.56112615,35.687
New Zealand,0.598265,0.332567,0.30492,0.361937,0.519815,0.576222195,0.90314141,0.92691481,0.898500952,0.871947653,0.866252311,1.02186368,1.090538026,1.243654311,1.503101327,1.391714232,1.289774765,1.148821673,1.210842838,1.104348031,0.97332137,1.114589678,1.270240282,1.335316189,1.297505297,1.200001,0.90704858,0.185621156,0.489547932,1.054515669,3.060281969,2.661619456,1.002820314,0.309823785
Fiji,0.079816,0.079,0.084,0.08,0.094,0.078,0.084,0.096,0.09,0.095,0.087985633,0.058259924,0.057158982,0.088255739,0.101284749,0.099297932,0.185912104,0.19981262,0.130051973,0.125755242,0.155086379,0.11019458,0.116589507,0.232186261,0.423600258,0.3061341,0.392837634,0.364223417,0.231733445,0.104847262,0.191732543,0.192420043,0.099128684,0.114
New Caledonia,0.06349,0.09,0.09,0.09,0.09,0.1,0.1,0.1,0.1,0.192612976,0.161095044,0.1538568,0.1613502,0.159645847,0.197967076,0.183843997,0.207305127,0.229029849,0.245069107,0.230796952,0.283092351,0.245584065,0.221622866,0.196762653,0.178963397,0.206955601,0.112,0.104,0.086,0.077,0.073,0.068,0.069,0.02434774
Papua New Guineae,0,0,0,0,0,0,0,0,1.395181093,0,0.43029023,12.43792209,0.37079194,1.094273,0.17509655,0,0,0,0,0,0,3.99033501,2.655279196,0.2,0.2,0.2,0.2,0.2,0.2,0.139082469,0.12804135,22.2246067,0.16,0.16
