,Countries,1975,1980,1985,1990,1995,2000,2005,2010,2015,2020,2025,2030
0,,622622677.3207834,657988755.6708112,694050759.0181264,730720922.0086685,821447089.3616645,917390148.1044952,1073982736.9966676,1241683295.4560363,1401808323.319116,1506707641.2961814,1591088254.842516,1646712098.3770516
1,Afghanistan,2978102544.800975,3336121747.274385,3841728081.479884,4448698639.064843,4839817783.317688,5355867837.050886,5915870867.36166,6710236746.432331,7729995383.797251,9026527550.46526,9706304050.056343,10121129721.0311
2,Albania,1580529159.2093723,1706530557.0429416,1834808084.014449,1965240738.7024076,2229577737.950969,2516995995.3046703,2798303357.8197327,3094509297.593559,3376386627.478628,3569360078.5575776,3688945144.85336,3761773295.264034
3,Algeria,15540017124.859829,16978219993.652891,18454606275.85396,19966187909.63452,22065389382.20072,24297310390.16497,26674291957.63165,29202545555.84303,31667251802.741444,33625413878.455463,34466834281.160225,35053842568.5977
4,American Samoa,29461841.540776595,35793908.083978064,42543956.10460233,49805182.88831847,52059386.71709728,54320358.58631706,56325844.57174483,58393021.994957626,60237368.83142465,61346988.87938164,61346988.87938164,61941419.478752784
5,Andorra,13354678.64483658,15041212.24142167,16812620.401951317,18646203.88670142,21535940.125139244,24778608.00459591,27042897.6295519,29363277.15187679,31547237.72255719,32974089.87461028,35085947.78598776,36381220.16071192
6,Angola,6875457411.21268,7632067862.116976,8629520689.507837,9761810805.208284,10368886787.990849,11213200696.597605,12039754564.36507,13246816688.82651,15183605870.30248,19220336864.906666,20767261145.13649,21797464414.851982
7,Anguilla,14684341.880347705,20261147.08057907,29127829.571876056,40233995.33415858,40653837.44277297,41220909.03815526,41945780.17221953,42799046.12571624,46145084.774252005,59900765.11558613,59900765.11558613,62065340.00522334
8,Antigua and Barbuda,89185157.93985802,101593178.88187031,119305572.55393004,144302662.03416672,145099452.01668158,146269178.61222678,152815475.20553958,160810122.2871597,172246897.70221287,197008433.6342365,199965255.3606544,201795217.76258612
9,Argentina,33682701553.68755,35853228159.9532,38078268767.54321,40354004221.96726,44110643917.799126,48072668155.9062,50862535013.922325,53804773514.8559,56655314250.98651,58955686804.513054,59836195521.29312,60643856299.94361
10,Armenia,2049138908.7479117,2152400358.895186,2257697647.192615,2365056803.8108974,2544255624.6301446,2729120048.416494,2900449686.033042,3076874353.938235,3240336097.97596,3336970363.8365383,3385148395.037714,3419683140.1934595
11,Aruba,44651360.794350766,63276192.25554167,86232335.51033053,146399393.856071,187603929.76698488,236909793.88279012,252189088.88118657,268093814.36532032,286649704.94956213,321868693.6452162,321868693.6452162,327086447.52373576
12,Australia,67573839270.98889,74243026547.32591,83323319111.6773,94148449422.53246,102108762238.6102,112446762411.28091,118544068909.8348,126550303127.93102,136604466853.53922,151289303594.70624,157533111138.3851,162626358215.90128
13,Austria,8749935229.388378,9532426425.584751,10336685431.601389,11160435881.560495,12181778810.326176,13247983254.986376,14240267452.511517,15269495290.943205,16272148599.677065,17107175824.915842,17825375582.816036,18362374694.789143
14,Azerbaijan,5992784291.051162,6327859908.527601,6670910336.338356,7020925625.990599,7897385630.928688,8821665330.899143,9767574879.659872,10763933469.54475,11763420179.44073,12649310411.375397,12914214852.82007,13090179157.064123
15,Bahamas,264772668.03334588,283327065.32314944,302736797.2624339,322972005.2344336,380461283.4617437,444605896.4186754,487780313.6288283,534645510.77481455,579592716.6348555,608367456.7977864,631702690.5328963,642238609.150533
16,Bahrain,630721246.665893,671908489.139975,722336331.1461867,778662024.2790097,843663246.3375431,921499126.2410116,953775840.1010572,992887197.90261,1052916664.4595088,1186449930.2039864,1209890286.7776685,1223734358.7754786
17,Bangladesh,6778106422.583998,9538277902.67136,13991853373.699532,19746650229.20253,22402047310.343742,25568344893.39881,28462786693.08845,32035529022.1804,36006477828.38966,40046041782.37661,43798058326.46029,46369138466.58384
18,Barbados,252867678.91133383,285639034.7075838,323020740.2658684,369446982.34608525,369446982.34608525,369446982.34608525,383712637.5238318,398917018.91716623,436624230.4368433,577670706.8026118,597140841.9058022,611494165.8492455
19,Belarus,10116723856.093405,10838127328.570145,11575453724.728556,12326230929.025105,13586318302.91316,14933816126.790344,15899768939.38868,16913578107.04317,17898294616.57029,18673105742.92901,19235383104.70421,19607020377.563984
20,Belgium,10992218491.88387,12009384411.1129,13050330445.471836,14110541826.70583,15748527248.539646,17475185405.23785,18886174941.11612,20347955495.30696,21720920224.422905,22621806211.243526,23523317755.267902,24168715192.13553
21,Belize,154638019.35556313,183208734.43104577,224849717.0056217,276231543.1051685,328703383.5356692,405950642.0200939,440175204.034734,484898636.49756575,557340133.8421004,728753579.2333548,794090513.9098443,829940996.7664934
22,Benin,2862800377.1243343,3381851534.9057584,4077905883.105498,4892877920.130919,5422751360.752458,6098844760.294806,7079518545.898124,8435971546.49814,9949066531.540188,10949949218.200865,12083358636.627045,12816989513.34601
23,Bermuda,76842469.73202081,81843129.07788567,86917588.91765738,92252893.34757276,95588063.77661967,98934498.74403413,99911887.86638348,100892989.46626651,101828839.07877068,102611100.53067844,102611100.53067844,102762382.78492025
24,Bhutan,140100295.03397697,156119884.83967477,176719452.56066003,200593876.3544975,215279044.03558323,238529601.45521635,270272860.25628525,317510417.611913,380918871.5618812,471243287.8737226,528822872.9327078,573799737.3119793
25,"Bolivia, Plurinational State of",5106921206.025965,5635147430.262197,6245187163.401644,6915515983.312625,7590320579.098113,8348505040.669911,8835307894.056587,9397864240.279743,10022862064.362757,10733689396.48502,11003920923.423767,11217273458.60662
26,"Bonaire, Sint Eustatius and Saba",18662375.021264277,25724745.464487758,36942744.31930058,53519876.901874445,63812063.78798933,77907395.82869917,99808527.79442474,128688345.09844314,164207778.3494073,202785681.79777807,211926507.5182715,218879214.6738412
27,Bosnia and Herzegovina,2639981129.063341,2901541552.4847546,3168974066.930987,3441925993.854029,3731303602.986634,4036687535.9827065,4381478330.778217,4744254423.822266,5098699583.667761,5390445569.67063,5585306873.369699,5705861897.70896
28,Botswana,2513363302.725369,2862944799.876672,3324902235.634207,3845978277.58716,4380270721.231812,5076615574.038069,5534191706.027271,6145527670.485174,6802203460.032961,7191961364.821701,7587689993.818297,7855700928.315605
29,Bouvet Island,0.0,0.0,0.0,0.0,0.0,0.0,0.0,0.0,0.0,0.0,0.0,0.0
30,Brazil,109756086671.13196,121029578376.51337,132760689312.44356,144892125613.52444,164028911050.88922,184712278266.22708,197925001501.46368,212053842729.62384,225738665375.42285,236374560139.87576,242263000025.19025,247037151404.4066
31,British Indian Ocean Territory,2828882.4816331044,2992855.34223642,3158669.912698014,3336882.134882485,3548026.2062021056,3762736.7650538255,3960454.700820246,4170437.315408884,4362483.573325694,4402844.977947783,4420747.358232451,4482345.52853811
32,Brunei Darussalam,271877450.67392534,313834333.4541108,367629414.840251,429490189.5275756,500981467.1957492,589008280.7042354,618565360.445705,655943524.1556295,702842769.607969,773529721.961015,805869504.6666344,825570360.7199942
33,Bulgaria,7394690970.865802,7897265473.792462,8408863886.869302,8928691214.528803,9622346977.749954,10332590180.675802,10959416723.16817,11609925630.371086,12269847047.164915,12923152230.175476,13276402387.842749,13526146183.523396
34,Burkina Faso,2814459583.4998994,3413173035.3609576,4288382855.033719,5306630788.520983,6135777159.326693,7224275660.269366,8859897562.04772,11285505282.450336,14457427554.116673,18737728807.983208,21592196599.17504,23295229485.680275
35,Burundi,1002940235.9942626,1168074554.4409852,1434144074.455253,1779903821.6515143,2023670895.0195117,2401582880.7380514,2820174462.119864,3544348588.5391555,4627648101.24278,6340494453.749718,7750225018.560094,8451210307.756042
36,Cabo Verde,130065448.65763883,146551587.07579786,169084699.62302756,195413466.2251321,212130940.1870468,245762608.73159325,258724482.75844336,279102823.02184474,305573644.21005386,337475041.22392994,366184340.7222815,383424361.43127286
37,Cambodia,1911980549.7103496,2421526735.4196696,3235724782.0409865,4319679766.263675,5131170286.304982,6290491495.350167,7559544315.096374,9158181981.425184,10878550362.805977,12165435904.348396,13282809118.089697,13908321792.109837
38,Cameroon,5790888874.526388,6910990063.245923,8457667616.969187,10318136960.287888,11094112525.318052,12084162902.465853,13043385794.567793,14344455132.736267,16015216972.270573,18320376671.311016,19745574070.819206,20558246317.28088
39,Canada,41957099271.74355,44789742462.3857,47698204931.304855,50672102218.78036,54938228281.98295,59534179403.31728,63362433564.83911,67510163088.0188,71460662794.38634,73965446923.21794,75934299198.06711,77442821462.67683
40,Cayman Islands,45609976.1567345,54506537.62352678,66239787.28794406,81361006.5117688,90479767.63129884,102555050.7611119,109861395.87767176,118371608.42240544,126463698.9093219,128603883.15073363,130329261.05449058,132562194.14569764
41,Central African Republic,1054358577.9894518,1263737127.843511,1558091090.200382,1926650152.2676013,2098583096.3150704,2330398434.791923,2470635474.511494,2651092025.956347,2855047471.648384,3055169503.9344783,3152200141.8551474,3256738523.213027
42,Chad,2428165195.5225782,2728281267.905194,3143028560.379058,3624499689.8080087,3942730776.5120697,4406209306.3371935,4918400582.872429,5655035182.7524605,6678008285.819549,8328998992.675035,9189921676.073654,9636873575.879393
43,Chile,10135303516.174946,10855472745.87721,11594948052.622526,12353354091.526651,13499977395.20818,14729524909.570269,16197292751.087574,17752741965.549004,19130309619.106934,19715862290.003807,20121453780.14221,20393416413.58286
44,China,256660915224.38336,313653158564.84955,391127646821.1337,485590432806.7829,584252567619.5321,705060743051.8469,816558117114.9886,954987392501.8356,1106581854293.1624,1243586834049.2693,1318889273479.0562,1372811854928.4016
45,Christmas Island,2302924.654745688,3042911.6357185803,3813562.232508236,4662099.330434601,4715605.565901815,4767877.381979183,4779250.965890848,4790775.424664358,4816531.606034221,4895273.978341897,4895273.978341897,4965273.070383215
46,Cocos (Keeling) Islands,228275.7829631192,292823.20825791644,357349.2833863088,427751.3789640244,431318.1285820291,434673.3477695775,437968.2874505749,441308.4285480797,445526.13019689417,453368.4945950465,453368.4945950465,453368.4945950465
47,Colombia,11899365027.079868,13181188298.077538,14535382438.546818,15957007999.48483,17450230861.565353,19045667686.579987,20088515389.403347,21198069948.168243,22302071993.73228,23308647267.554714,23632099344.95916,24129840389.058792
48,Comoros,208537615.53146964,240380550.91649085,279999191.51458645,326410453.72315353,326854643.9685307,327332951.0782842,336283119.1455315,346822119.9294423,356742340.37469906,361920973.2418208,362105573.84872526,368352175.7757492
49,Congo,1786730453.4318275,1937772047.131318,2134015044.917647,2363803873.9594398,2392847786.243163,2435841707.7121325,2561922657.832075,2729706753.8894825,3000154678.833168,3597171298.824618,3754600394.864128,3852374015.737994
50,"Congo, Democratic Republic of the",13723255414.311104,15795965467.278229,18680570518.514103,22088317967.0883,23588478855.16809,25618946361.96817,27621343837.48759,30373208325.65512,34346761647.851875,41544335569.72858,44338306359.54624,46215325766.99815
51,Cook Islands,11375893.07620477,12977917.191825235,14623976.362456853,16393891.709189093,17306712.22287262,18219126.73049958,18382473.29309229,18546103.436220504,18744093.359544333,19070042.99180061,19085705.85925209,19231657.05734802
52,Costa Rica,2035214838.390274,2326936421.7204704,2717599246.780315,3171878522.202331,3497002034.5601964,3908391539.234069,4153406583.135027,4470051025.063444,4875240292.155442,5464100057.737525,5902339604.872672,6137764208.351526
53,Croatia,3853007930.937015,4200199399.556568,4554694733.914731,4916105887.017636,5371266916.402936,5849291781.659295,6273852738.635328,6718160924.967711,7151619800.592161,7508250689.541788,7808648088.549178,8015058520.404088
54,Cuba,3188481332.197134,3528911384.9533296,3946828899.907482,4419618181.099726,4624804842.270466,4849115509.949485,4993498457.631882,5151002868.621331,5360700448.317841,5766407938.03472,5853412467.975877,6004975225.461793
55,Curaçao,74340565.13957769,94223213.44519833,122600780.54292049,162050327.67252412,193550687.61748236,236068261.54180405,279507375.22861075,335130904.6809191,405852884.34654814,498193794.36306506,515501992.4048764,523687150.7572289
56,Cyprus,962353751.069818,1013575568.8956448,1065380421.4449795,1117654583.7028277,1310610837.07542,1518164304.444266,1678727019.709894,1850189664.181008,2007620783.6044192,2078458519.628723,2154389481.847293,2200864414.559783
57,Czechia,11375535042.71956,12205523536.261976,13052073574.559668,13913290226.351809,14965435872.30089,16054829487.816204,17094102449.00846,18179261584.922928,19291687206.780064,20420441267.66576,21116513361.79956,21605481172.618217
58,Côte d'Ivoire,6488014484.23169,7523949129.279339,8827533633.06217,10282047439.88148,11145059353.244074,12315363529.290257,13422306520.88561,14942102595.051285,16785651004.80006,18788797453.182423,20094515464.49881,21044647794.745968
59,Denmark,6643814215.963431,7186366521.345882,7738791759.566094,8300184647.759605,8915947363.807972,9561299397.89275,10248169234.566591,10972957836.534874,11655878320.237837,12087121661.732803,12633066247.542322,13080864593.601068
60,Djibouti,40692414.80851067,52334845.7823562,68319877.21589172,87460653.66821471,128756218.596776,186959790.43059665,207192154.36573932,231809406.45900056,259232419.6808558,287273480.8889204,303828979.9280721,312708503.7824505
61,Dominica,24120913.15073112,29306132.678154998,36891699.40447012,46108144.14103124,47905075.94859591,50061257.11314465,54200093.58691892,59484722.13285103,65844893.908879824,74604874.10659637,74957561.66301218,78843413.54219972
62,Dominican Republic,2093087204.9774268,2331459363.7107143,2649251895.938138,3027487219.5060863,3512788178.775347,4180280824.497717,4469445493.766773,4847302062.997232,5549653154.605978,7499793472.93642,8247035112.596703,8672041017.749416
63,Ecuador,6374683748.264538,7273710983.751863,8230392941.556754,9239783866.265734,10017895195.150358,10846902122.320612,11661346063.790464,12529267249.568695,13339862487.594126,13845036060.59517,14068011982.417772,14332633376.723404
64,Egypt,14717657720.95736,17031134117.5906,20083376353.99111,23718524387.8192,26089925506.72213,29017816087.637177,31463002244.646305,34530012185.73666,38783743777.40969,46679528920.61419,49932581070.26166,51934161964.71922
65,El Salvador,1830045805.1005323,2037310166.3379865,2324452109.13955,2673189399.4585238,2982593828.1508718,3393391203.3809743,3666482793.536401,4034526461.891329,4493023307.163403,5060796021.695394,5514176840.136339,5749687009.980378
66,Equatorial Guinea,248638235.3153476,294606766.138817,358282017.1071804,434696752.6234678,436929709.4088424,439945472.86655504,512367555.1481228,628969147.1593784,769786415.4639391,856318417.0545492,897292382.2713629,926797264.7639602
67,Eritrea,252535306.3591605,302392853.42525697,373902795.1104669,455965109.7092532,514596724.1734621,600275642.4580413,702887779.151151,866183793.4754617,1116966680.489678,1583741841.9099386,1827163729.2454145,1953236282.839469
68,Estonia,1803881216.5811808,1948655751.550938,2096367756.2168615,2246956022.5011263,2345960093.4872355,2447956607.135052,2538516636.05854,2634192681.640192,2735534946.381484,2855088787.043074,2916692077.672305,2966172836.278265
69,Eswatini,252325351.11605123,308402028.27618426,397669398.1429646,512150731.4122085,612724512.859138,784695516.1188039,931632789.335554,1184888070.131603,1591667490.0944543,2400509508.0449047,2924441640.669542,3190749843.15156
70,Ethiopia,4433366687.318401,5332556662.03447,6562709816.21583,7979342958.473021,8988386120.848629,10294474213.01754,12373328799.272774,16065833212.570496,22560051567.112213,38162255661.7613,46471507142.06736,51282658221.34523
71,Falkland Islands (Malvinas),1901025.4915116576,2454966.725610263,3130537.668921427,3966202.6346116783,4009089.135822816,4050383.8622813984,4188620.7252748273,4365296.597098351,4526358.76850148,4630836.318160712,4630836.318160712,4705604.731579946
72,Faroe Islands,819722.7330074272,946066.9106658376,1072833.438305863,1206057.4242536137,1206057.4242536137,1206057.4242536137,1259235.903453503,1313936.2708497017,1369423.008214538,1434679.2666096704,1434679.2666096704,1434679.2666096704
73,Fiji,429532904.5073386,491722093.5508316,554911237.8812846,756348339.0581849,801866115.2329774,896551075.0794741,960293859.0292386,1024087620.18336,1075802702.078435,1201315625.6238854,1201315625.6238854,1201819005.315339
74,Finland,4291717043.007435,4628209593.815147,4973060104.946349,5324794589.734312,5816079670.895833,6336940569.854521,6755380236.413881,7199668090.667622,7637582802.858982,8006191236.683079,8270836412.193278,8464600453.049272
75,France,151434909422.71646,164418928856.00467,177722548175.24948,191309439106.87003,209343217506.3357,228349219342.59836,246409187824.40152,265326114949.9228,283409518715.291,296300780188.6905,307946689704.5545,316426960841.8444
76,French Guiana,126516029.98233308,135737624.91591,145368869.33334947,155417630.24705648,197000204.14639252,244695616.5778272,266347404.2971745,289444599.1605897,310841059.5401282,321967958.7487826,331632464.36939245,338765386.62519133
77,French Polynesia,137489484.3492279,153075736.6358771,169202547.98485276,186894337.37167317,194803604.46561748,202789525.4661628,205079766.2149636,207388085.1823938,209831335.48122525,212875236.0006917,212926950.6021956,214697472.5458021
78,French Southern Territories,665908.4523463695,842140.4880812588,1020259.447404813,1213459.4217277367,1227592.4977859915,1240295.658850686,1243173.7568033163,1246262.837786961,1253040.6764126995,1272855.2841352182,1272855.2841352182,1279379.1248832734
79,Gabon,1045739502.104266,1165755211.5197964,1320715021.0438385,1504457427.6264746,1514675859.4128666,1531393262.4195638,1628806288.1009605,1754764305.8955328,1911759221.0125828,2107728519.549437,2170632864.0391755,2212516365.115724
80,Gambia,606108168.7434199,695972994.5236965,820554957.639501,969925121.1795686,1119918684.0484755,1316416511.0984771,1401000089.8086786,1508370750.8669915,1621224382.796155,1678023430.1091197,1760108997.8782182,1800092343.289104
81,Georgia,4486545912.785285,4833762628.999424,5189070539.015861,5551341332.63485,5876359202.389312,6207914593.843204,6495532146.393761,6790833896.7442,7089681703.245354,7392745172.995971,7504692686.403381,7591081507.522585
82,Germany,78313848504.96219,84225432703.00172,90278033209.88118,96447515765.7012,105137239312.30553,114319534500.72289,121775689325.79073,129541150564.4452,137103419995.36812,143177800672.3041,148271048624.73642,152002113723.49646
83,Ghana,7756444502.413849,8955544870.875977,10631321328.18414,12644796757.843096,14596779117.984793,17083355171.684414,19529878091.807613,22754211804.14591,26308859181.76697,28840605854.649277,30974478251.91185,32378239251.93804
84,Gibraltar,8615661.329852313,9121350.242557568,9630209.420113198,10137725.356854212,10568060.964952936,11025175.161896268,11310352.14845501,11595035.950672273,11863266.077133304,12062084.391271304,12081975.430166593,12146199.305136826
85,Greece,9965529336.520794,10523129159.221872,11091915287.280603,11671143014.430716,12755012943.625212,13918427168.39152,14871454679.086342,15868919501.72719,16783865065.72491,17284011461.8761,17869338552.975777,18254246318.59549
86,Greenland,16229775.993773531,20564661.7183502,24961958.988311227,29647792.019636843,29690901.38165741,29730409.44582007,30022710.61725939,30315924.46646642,30705300.36573949,31437444.69961906,31442698.339884065,31516435.19184187
87,Grenada,52617013.73414844,62279630.70655129,75681023.39076695,92162645.79285724,92608225.66154842,93089064.49562769,97376689.750541,102155252.44393957,109650672.34868789,127918107.88412224,130057879.90118048,133870395.55735078
88,Guadeloupe,344090711.05809456,427877218.1173389,543478009.7725117,688059318.7558221,702451865.2287202,718472414.7588023,786308926.3315423,865215288.3957115,939152468.8998768,963529419.0457608,973696998.2413938,999306052.2160776
89,Guam,210722795.88971815,214167295.36420107,217781753.02063715,221536096.5033277,222869817.25049376,224201196.5113468,230474201.8172573,237032286.7470339,242731692.7909402,244335170.414707,247214019.05947697,249204168.90439543
90,Guatemala,4604188549.179312,5272703318.413602,6230688574.638691,7399225129.073588,8103247892.185229,9074315055.611609,9675854260.65164,10514690532.503183,11736496257.774616,13964500633.838669,15300065294.622477,16029888587.358992
91,Guernsey,52893586.28926586,54690457.076720245,56498560.572956935,58312010.88192343,61060587.56305234,63845481.46466336,66719871.65730584,69639492.30935155,72484770.31345417,74968540.39573537,75597526.37369357,76074260.24209373
92,Guinea,2842131630.153306,3377198757.067749,4140031566.896739,5034242729.671366,5590052944.557746,6326035403.746726,7006046213.014654,7899982681.533745,8894058700.611937,9660637861.118244,10360431411.939192,10823224792.40552
93,Guinea-Bissau,469900341.22843415,569603073.7226908,708674383.7115071,872188682.0210387,957594984.53591,1071358158.4169568,1150188398.4090524,1251003075.9767334,1356906869.640327,1424230609.063655,1507701663.565936,1566893123.5505824
94,Guyana,292546564.91713583,314407693.71117336,337400506.456044,361298658.6813845,499449964.9006509,664749260.0395701,711299022.6729302,759928079.236864,807400726.2633426,843583956.6836118,862325243.2920303,875109221.2411633
95,Haiti,1367370666.5919778,1523083549.4227126,1735881150.2972407,1994321477.7855651,2186994141.529064,2438105683.345616,2699297305.985497,3085173166.046925,3596491169.486261,4291420946.555208,4750616583.065006,5024593188.71486
96,Heard Island and McDonald Islands,0.0,0.0,0.0,0.0,0.0,0.0,0.0,0.0,0.0,0.0,0.0,0.0
97,Holy See,2821292.1683717207,2834296.871599735,2847093.433087101,2860084.377898691,2918622.759895284,2977004.4629343203,2983784.7016920666,2990607.0047372896,2997466.963659497,3003856.5101711494,3003856.5101711494,3003856.5101711494
98,Honduras,2216350487.452716,2527618571.840736,2942762820.054599,3422212699.8772044,3939002899.225569,4624747255.541524,5079104643.23195,5710280215.390776,6640568047.773458,8435980255.313305,9402117204.538689,9939250294.393051
99,Hong Kong,387794600.35245305,435388358.69288766,497724681.8433798,578196385.4717373,673894225.3397578,800444457.4202015,847575176.2164799,899068355.9998093,953602871.054738,1010873661.9182895,1051614387.7009856,1076245340.6727808
100,Hungary,11122454108.131962,11930028515.409285,12751797351.452637,13586479673.149464,14747129507.610037,15955337557.783993,16873575075.455303,17833483517.510254,18759100223.046528,19452495921.722984,20067413718.85944,20493399170.54513
101,Iceland,262231004.5482229,278885388.62387884,296404622.01533777,314673911.73976874,338634980.37498355,364572016.6074914,387418192.33500254,412172782.3532027,433266393.140182,437918643.9297954,443480166.3199551,450128287.9189543
102,India,124032049582.9774,154397397745.5756,197469391081.66687,249974359539.24475,285583342571.8005,329000579161.54553,366348561056.3575,415829984620.21,478145959305.8908,565385956812.993,627114902645.6315,665118002242.2292
103,Indonesia,55274218141.29319,67438298455.3233,83909420456.02094,103740970964.42662,112466126339.01218,123342831481.21184,131263460713.09946,140825564299.1148,150461707440.79977,155711707055.96225,162833457061.2478,168332209756.42645
104,"Iran, Islamic Republic of",28169859885.73397,29803436076.47935,31535786840.3668,33340362438.05059,37651335619.32332,42333929619.483215,47661343448.782646,53398209248.90096,58964255254.455696,62904896390.09919,64754141627.44215,65957400664.774666
105,Iraq,11141032716.713772,12034940375.249895,12949307991.796871,13880818575.62876,15046836664.698236,16268421726.539688,18122870362.591625,20118809256.382957,22085628792.072872,23664734364.762463,24107810345.786312,24399387714.94437
106,Ireland,5614822597.273074,6183468275.282727,6765882480.939513,7360630084.043527,7868232814.199236,8415147269.478014,9080236199.758512,9785416293.058607,10452153257.967129,10884391785.55923,11357147706.737682,11714149167.545631
107,Isle of Man,52851581.36220685,56764006.94714887,60732055.38307437,64735280.44461524,70537741.53861935,76856462.07290879,82124824.72143185,87736156.3875887,93157472.2170528,96976461.04445107,100888675.1993456,104468704.2774098
108,Israel,3371014622.546833,3518817849.9090266,3668581250.040068,3820296693.747064,4446703489.450137,5130619144.015139,5594476441.208522,6082512949.386006,6556325926.571193,6912956320.819529,7133682309.849586,7252390674.54689
109,Italy,57639093271.336,61531859582.4628,65502261888.0044,69539474930.2663,76102346190.73877,83006991506.17114,88492936313.79994,94240821636.18736,99611187453.52736,102969890759.64767,106837936603.14491,109435484745.3084
110,Jamaica,1209671502.8932943,1359460390.4373026,1574799490.0201647,1846458540.074814,2025936019.5735133,2256184996.0089207,2437453250.4542003,2667890247.245377,2943976585.655471,3279676282.8629665,3513311226.720372,3652076314.722846
111,Japan,120029589427.94884,124367280573.07623,128816753426.89648,133393715133.03082,144897354624.3561,157058911464.27225,166071848550.60947,175347005307.71185,184214223123.6189,190927924935.9153,193904584906.36465,195893217889.86667
112,Jersey,63057420.94612248,66408202.44289903,69812481.1514335,73241577.52363944,76780679.95217364,80451972.0828025,85322495.20352328,90383456.91737074,95150594.9057538,98475376.40043238,100494779.4337213,102148605.25201131
113,Jordan,2003159864.191409,2161020750.081078,2323254908.7590604,2489743333.5789595,2935808501.893099,3411228339.121663,3777837626.5129046,4160643408.134518,4545428694.863489,4898351725.261633,4990951159.259028,5055827345.992165
114,Kazakhstan,14308655565.143894,15912626152.541004,17890438006.694286,20139657506.37456,22523955213.664474,25184834561.47686,27380599135.208183,29881010067.527527,32487093182.23373,34685706068.254486,35469260983.669754,36062404901.04884
115,Kenya,5245620799.155477,6295272953.384499,7973590793.168813,10162117631.368675,11437508521.089403,13518817460.598034,16554817782.45164,22260337412.574192,31145059548.775974,45807084283.40292,54499885824.38259,59242471370.20577
116,Kiribati,6762976.661684692,7742481.605170639,8740444.107045125,9808652.611445587,10102923.72495474,10388025.877714744,10505596.882716896,10627839.516016874,10756662.808364987,10922784.268279327,10926705.225167004,10969474.773143848
117,"Korea, Democratic People's Republic of",2353088454.232722,2675316895.32008,3087744392.628712,3564708971.120271,3751384290.418565,3958434817.656736,4166989611.320532,4409030060.932925,4769156532.546088,5579068283.829131,5815691463.424726,6008891042.145483
118,"Korea, Republic of",14514253732.282991,16987043270.220123,20528934078.868217,25047779811.7279,29086022310.37156,34402287307.7265,38181772786.35822,42800822563.87252,47870690759.793335,52789897441.92328,55897536923.732376,57725098662.19438
119,Kuwait,1949619131.748972,2040642672.604306,2156849358.576981,2292222105.518216,2416416266.418951,2600491816.753551,2656584178.64054,2728369722.052336,2860076419.246377,3208418345.255676,3293561381.6504498,3345384722.8169465
120,Kyrgyzstan,2757520950.2557726,3307804542.8439937,4108917405.964479,5099973342.808925,5847623969.235204,6739854373.58005,7499548277.820182,8430361924.413253,9424058932.44962,10235968391.5393,10677989287.401878,10985663857.119986
121,Lao People's Democratic Republic,880297542.750567,1156666066.487877,1539756622.622801,2007967303.8448803,2352067845.6627,2814532812.0796647,3257474495.648537,3824382987.5733047,4468351418.518433,5093437256.543696,5566330297.541069,5855913074.24096
122,Latvia,2420467964.023376,2612411676.1950526,2808436394.3821425,3008245609.739982,3164390978.4565253,3324505098.1678543,3442636412.7230034,3566122400.006688,3689116096.084455,3808916609.782168,3886336277.830157,3949293447.641297
123,Lebanon,2337166568.5535965,2457631309.359847,2579703493.2954755,2703157323.1420383,3020594441.40179,3353967931.8667464,3606973524.6304655,3867599443.948713,4118967480.417481,4310762463.674655,4418733662.250297,4485589682.51584
124,Lesotho,901664810.6958,1017274683.3794332,1199854176.9693315,1425941158.8987374,1600337186.105665,1843039446.2508264,2041046600.1656072,2296618387.852953,2628436903.8292885,3143598440.587629,3425424914.388846,3578144995.7270465
125,Liberia,1037073451.6700093,1213390211.468509,1450387098.754598,1721813860.336581,1771978671.2327845,1837328273.838891,2073926743.006862,2397408822.38061,2750514785.2662954,2938720740.169761,3081710007.5265884,3197336793.228413
126,Libya,5318613241.689123,6047008114.63366,7086627846.068147,8379870002.035657,9095455535.049368,9959048585.62357,10771167343.439152,11747696276.394472,13014588338.54484,15026710409.138657,15706942160.1932,16117941561.765947
127,Liechtenstein,35022006.82799786,37782162.96462917,40583211.42834253,43430312.96054419,48496977.767467685,53731008.059939474,58674607.68123952,63757721.87425533,69537422.8013803,78083025.23200281,82791899.86907807,85096252.69990344
128,Lithuania,4136018552.127921,4440251265.190702,4750993247.341468,5067764108.978911,5447277343.703573,5844751193.329248,6164406164.857232,6497081354.44989,6829986165.784929,7150452565.878409,7359154757.370982,7519185289.144963
129,Luxembourg,441269218.8041126,488650321.1358572,537101624.7645284,586561314.3359786,651943039.4872531,721807840.6663817,792784871.6777716,867413582.3763363,941805823.4147742,1005778043.7532016,1065459475.2631718,1104642314.899156
130,Macao,35904424.294754624,38697484.29906521,42063518.70881797,46369953.47637966,51799447.15216101,60592065.56069194,64749011.73593471,69660221.05626129,75218649.42587398,81823073.88722466,84317860.2292261,85707122.07443993
131,Madagascar,3163022057.505161,4004117576.1655407,5193900473.074291,6561548048.16128,7059977224.493192,7679707746.605479,8390175196.35116,9400385534.952477,10624825710.54872,11957667410.595394,13449118649.380053,14515074830.084654
132,Malawi,3260931208.378638,4287596450.742944,5838755428.159865,7743262701.18739,8262787798.642557,8980696199.366667,10082219333.64893,11716730528.513294,13833424785.080648,16443611889.91689,19042394411.69216,20431182152.449184
133,Malaysia,8368938894.665162,9834932850.894323,11872410931.27238,14356066465.955366,17424534482.466965,21656954434.551445,23427772122.777046,25650524702.123287,28123988952.62417,30439895366.170185,32121589829.279716,33113356966.28257
134,Maldives,10831617.38526385,15796087.426068146,24773875.12104561,37664078.5206105,37821437.931329794,37982294.49822197,38201243.85711035,38445099.79114479,38661420.00983354,38862722.64310235,38862722.64310235,39880536.19319505
135,Mali,3791876808.833,4601970921.320621,5704388069.658973,6965852464.484083,7958811643.159082,9256119070.5589,10528707186.662271,12228574757.073648,14109186454.741268,15493330380.354568,16862494697.390123,17737778332.230072
136,Malta,324738472.65839154,349386152.313125,379625957.583947,417226807.3815024,432072729.4838213,447500915.3643003,458036178.0658385,469313844.3149605,483395628.80551535,506995371.3951652,507414200.550894,513871057.6248066
137,Marshall Islands,11379051.744901745,12605103.860486817,13857621.785816371,15230483.488808392,15739621.855650743,16253517.326690486,16512895.874357246,16791993.27182431,17047943.651479483,17271763.11960207,17271763.11960207,17328379.80700873
138,Martinique,255768100.0093564,303694713.1910154,364430355.32488006,434412310.1764007,445903791.5370022,458586871.9168138,486606401.4730035,517601329.4629698,547861790.7306768,569031648.2378715,574255744.0341545,594627424.381985
139,Mauritania,612432744.8564206,684482135.0734876,780190355.5820678,890687563.7679226,1017489169.4769956,1233581388.6226094,1501085993.5757425,1924254995.284627,2520587563.993911,3382384685.8878016,3690566182.53508,3856281970.621788
140,Mauritius,383865726.2152002,471128703.62057465,591319869.2364867,731624316.4197298,737220291.3732826,743371338.9674654,826459888.6979845,928088843.1692716,1030197678.0847132,1070222235.2328856,1109732020.8485126,1137346304.448596
141,Mayotte,47184654.90903665,62580452.88728964,87114995.00284772,119992721.74308196,120238083.53024843,120494153.45775484,122859559.87166284,125890639.73591426,128748193.55374683,129649134.28294627,129886988.0756246,132698972.80204137
142,Mexico,51081856128.57309,56624049198.08698,63937303954.4739,72613493713.74652,83066820582.72487,96010019311.54243,104562448096.44424,115474268683.92535,128686858508.2586,145855471163.95914,155088018257.81247,160483390327.14508
143,"Micronesia, Federated States of",29023229.691362716,34729941.41168803,40645889.72287045,46919281.920567214,48769399.4006643,50636295.18795497,51463657.73566423,52311218.8620321,53202268.591118336,54283351.78617942,54368280.0722282,55084948.06597216
144,"Moldova, Republic of",4311350667.021827,4668718701.429325,5034113106.170096,5406823793.968013,5788302458.416493,6183963681.371733,6502703955.036112,6828925597.127181,7132632189.989176,7328809780.817033,7462639679.493236,7564177935.256426
145,Monaco,8305373.6109063,8394359.488906559,8484592.66843879,8574879.195065748,8628435.139132807,8681358.701954437,8718777.514777886,8756192.396300832,8787895.361803891,8797098.805233967,8797098.805233967,8798202.57791667
146,Mongolia,1480273828.4905038,1591571661.5007484,1705188012.482182,1820938874.2132711,1904457600.411879,1990117908.4418592,2116698611.6318424,2248247398.191225,2365632332.7706766,2416884974.5372024,2424467603.585071,2438531921.327075
147,Montenegro,280613038.6731348,299175417.7779998,318085464.8496896,337328020.25813043,367898222.4121541,400071509.836494,445812281.40796,494187374.5846806,542440636.6316311,585717593.9776046,611561674.1909105,626371012.4125892
148,Montserrat,4966661.793105927,5664764.72973399,6857151.575666247,8442174.094955461,8567349.268569322,8693874.095180389,8951380.446573664,9310067.08985052,9913656.068227606,11962037.084005626,12437587.485850329,12785313.4647768
149,Morocco,5328829824.158817,5831982882.084659,6427290280.409005,7075298284.503529,7853176954.762357,8705751117.295223,9523490301.466743,10452979201.81377,11430050062.193542,12383036169.599428,12900012713.49361,13205183031.096474
150,Mozambique,6062422984.564101,7022727546.752827,8311966843.647603,9787638012.441357,11254804319.103128,13557416734.791985,15753713443.258026,19127486911.41271,23558685970.815662,29023635918.27241,33109558084.273235,35587754332.07154
151,Myanmar,7088766881.358606,8422517318.175184,10120824862.1571,12088283867.028364,13057584097.47786,14185233765.812777,15037350968.331654,16043858230.306557,17133920818.753572,18215515149.62031,18838822250.036163,19419556507.31897
152,Namibia,1158628710.858027,1382270516.467615,1685124610.1938422,2021199394.029151,2212774026.267258,2469326883.798807,2688769229.292856,3062838796.8850107,3615051975.993712,4511008806.51174,5156935057.792255,5596093701.150881
153,Nauru,5382486.670530802,5938537.664233286,6519527.384884927,7115034.628091786,7500320.015264278,7886717.10870853,8011033.112480605,8137093.450770657,8258222.639238042,8351820.50674709,8424719.199547356,8472348.413062844
154,Nepal,4041303649.488469,4649877854.139982,5532010691.932493,6622053183.255838,7360188498.740324,8444267667.688121,9632946866.174978,11401314436.177574,13690109155.439804,16537401195.596382,18742671816.45434,20068171217.317738
155,"Netherlands, Kingdom of the",14155926889.709654,15315818725.24747,16502803568.132946,17711485038.32428,19966365993.66364,22397775383.627857,23993812507.56121,25683012566.28801,27280670879.167477,28275530105.672657,29324807724.084667,30067672975.21159
156,New Caledonia,325651581.0921987,362036813.9713221,400379022.00887793,440783087.3953164,449409642.1813561,457970462.706079,495298058.59863055,534879131.6828453,569203622.1353923,577681849.621364,581742467.6905273,591103661.2850313
157,New Zealand,7688882849.409019,8374958250.379621,9164030999.89758,10518760874.166416,10567447654.018858,10654907134.375158,11127435693.328735,11681675064.025394,12355191951.067644,14098973624.744473,14346229940.0477,14568407107.600157
158,Nicaragua,1700609169.5121572,1912240163.5848725,2183829844.2353816,2496148130.705717,2677329776.162185,2902907152.3492203,3134594470.1563115,3450703562.2315083,3848208169.695696,4402682494.408655,4770698589.306459,4999869868.161532
159,Niger,2213212213.342468,2612215337.9692388,3187929221.163906,3835835262.509417,4246107660.822362,4809643286.696558,5521793080.658737,6574441940.742391,8104267675.202069,10866346057.239302,12304211477.783789,13184619298.672136
160,Nigeria,33012212570.024048,38589277924.76525,46273577709.12918,55446146022.01483,60345111661.54752,66516655792.19867,77229691609.4401,92376109283.36913,109594667918.62103,122291761544.7012,133086022819.10262,139831707830.12286
161,Niue,275999.31554281706,334398.61146772094,392647.797206094,484677.7925286681,489770.1656592981,494604.268155013,495360.8373031704,496371.94947836257,498863.8007070807,506961.05371096334,506961.05371096334,506961.05371096334
162,Norfolk Island,4502471.33280951,5487544.178526991,6510600.261631402,7578801.194195837,8062009.881696791,8543884.07302817,8733856.498137616,8924125.957698423,9118676.316610562,9327419.031773334,9327419.031773334,9450093.919532333
163,North Macedonia,1397427641.4449885,1500039330.960645,1604857866.9648545,1711752143.8342834,1855198894.338822,2003797967.1765828,2156251872.003626,2314197661.4523816,2476372610.699592,2643558588.2792416,2720002489.4275527,2764669869.8056445
164,Northern Mariana Islands,41896382.32308681,47085933.264758654,52515987.631337546,58312803.60755755,60617560.23120354,62931943.08587827,63883133.76701442,64888569.28572567,65865512.26316036,66796207.79353626,66986528.3385714,67988388.11766952
165,Norway,2736052145.811761,2979609952.7158394,3229712733.088145,3485129711.217865,3855001540.132387,4251333549.250572,4598471235.283366,4964526243.124756,5336464530.165743,5699989004.065645,5905804082.860362,6040947768.193293
166,Oman,2445162726.09837,2892882485.331169,3499498484.0485125,4213351295.344605,4345347750.297819,4513455129.478348,4734062448.078555,5050543876.403517,5536563829.064469,6490901002.223148,6870009604.792256,7104643281.532823
167,Pakistan,22909420875.07515,27145763493.11612,33000543236.062805,40003763486.48431,45204842616.4004,51788888834.78441,57196212679.22716,64545604250.7686,74485822903.60834,90481173762.13004,100861022102.08829,107264322164.5054
168,Palau,11045754.291465396,11470655.909227928,11899496.619528811,12340691.31391917,12768092.687797906,13196922.488035545,13387783.241914386,13583626.105808496,13779696.527258892,13995501.945049437,14045485.168501368,14094897.524765
169,"Palestine, State of",1592403600.9834394,1674991450.6006494,1758786622.0028913,1843484307.049126,2156884697.9708323,2485350729.514974,2728432834.900687,2978492487.543965,3212217870.958477,3362821897.401401,3420790457.250574,3467532820.8350854
170,Panama,1486945452.8947773,1672188792.2029672,1919618778.067798,2210959805.128463,2500701549.47007,2879540377.0596247,3094265961.746024,3375564335.956032,3741306038.432599,4294028197.1696,4607163757.878257,4770416184.556204
171,Papua New Guinea,1348723313.5077524,1491626405.4698043,1672618317.483714,1880768412.3465807,1942303474.530845,2035457937.9616947,2133184335.3989727,2271756575.419996,2441441100.6152663,2652081963.059556,2830803977.0569663,2954871028.9676995
172,Paraguay,4283146274.4649305,4778816981.630049,5289986663.691129,5815374685.454125,6391438015.868255,7007750030.889291,7356987354.391059,7724284025.788272,8089189488.652078,8436928029.416449,8551539637.02836,8667749345.201015
173,Peru,11960414016.688507,13404391653.652409,14938534727.676895,16554102104.605362,17531676130.122513,18593803092.89302,19377023708.685883,20215791322.79785,21076430229.629658,21950389154.23481,22146255466.33512,22547256941.6414
174,Philippines,12009116227.284595,14108349281.360231,17001184595.728737,20581651281.567764,23002731194.83272,25894235234.62705,27704015870.410583,29964696592.54153,32462498008.00676,34840193691.594864,37205778387.675,38626900135.58317
175,Pitcairn,40450.66353474853,47968.90074152825,55561.75632518703,63996.55229046255,64485.00000291512,64654.87531508848,65114.35713455629,65847.02209513154,66523.18231839476,68086.25078215732,68086.25078215732,68086.25078215732
176,Poland,32929759527.513195,35885504899.8035,38915023508.00198,42007258962.41467,45766132531.81192,49706009602.10847,54282780175.56004,59072198928.297874,63849507923.07317,68159662578.32831,71209663825.41054,73355541752.33142
177,Portugal,28583912414.637104,30311320553.279152,32073855008.08369,33866044048.70612,39399202606.7916,45390054286.0321,49812114007.49955,54443404443.94605,58783624021.162605,61442470973.46909,64393769129.08205,66199892109.87517
178,Puerto Rico,3089123866.456612,3529008939.53743,4118651908.722155,4815209162.319924,5115262717.841244,5494729538.5587225,5757023663.41993,6082147263.305446,6448394278.780692,6814007326.517272,7121214669.592865,7290232842.925463
179,Qatar,1004287699.7741532,1075894577.0628667,1166280582.8040664,1267616612.8338327,1427230733.1469302,1632320291.654242,1809438023.7965,2070286612.7394264,2461097557.9008203,3193239906.807662,3394853930.0767965,3520979082.9703364
180,Romania,16702764104.796112,18042164714.042583,19407321221.361,20796104883.753426,22954666352.82633,25209796643.22006,27438498584.78344,29769804303.39893,32106777760.05889,34234957530.331333,35559600298.81336,36436590105.959145
181,Russian Federation,96642836512.80331,103273848320.83464,110148634207.87991,117214712104.26262,130733729356.6484,145233853851.9115,156108312644.2747,167588833533.72858,179054342152.51184,188924924743.69672,194361975385.2299,197989207908.119
182,Rwanda,1896724963.7074823,2194137608.9621363,2672484162.842613,3305633513.4810133,3715348673.40109,4353026575.252232,5127264364.702685,6329848923.126364,7973045457.897652,10145002016.025087,11786165517.08871,12531289220.419744
183,Réunion,213485429.35192248,276416709.45381564,373298601.2318804,493656982.6747012,606438230.4408172,754535880.2522374,961403070.6608489,1213369629.580946,1456690220.9081707,1519632995.727455,1600839090.28994,1639580653.9256618
184,Saint Barthélemy,4729971.340549018,6822045.719125542,9669824.694222173,13018480.955122553,13098909.927301144,13183557.610152438,13616066.127245994,14062285.732437989,14909532.40248757,16855481.58534275,17162716.08992628,17674163.838301077
185,"Saint Helena, Ascension and Tristan da Cunha",4055532.317129849,5240174.700532475,6442081.656400024,7791588.730056104,7936406.951912834,8075737.924099711,8190425.316877407,8315371.920233284,8449470.420230582,8638410.145273132,8638410.145273132,8742256.92217682
186,Saint Kitts and Nevis,49234187.91684991,57059294.90752328,68168561.8638707,82217789.55043517,82675438.44625291,83250922.58498226,88250575.81001347,94528710.83906426,102481982.94997723,114824536.81173588,116621540.8040231,118364418.59763476
187,Saint Lucia,71297467.9677445,88012685.49132816,110271722.23799787,136052457.5808863,144314582.12767014,153875617.01539594,166089231.56326336,180141009.2033499,198087838.9113334,226241781.37134323,233327390.990176,240404427.5249185
188,Saint Martin (French part),20016585.598391816,23025462.43353681,26540865.49958565,30572630.36933369,31337240.49636312,32210973.66819708,33326442.504136123,34587929.64298528,35989901.680984564,37215601.22218047,37215601.22218047,38094829.5955178
189,Saint Pierre and Miquelon,4157365.922644092,4212984.320682833,4269022.055630848,4325511.00384682,4587504.766070998,4873864.481023011,4945045.696929717,5016572.422639084,5081993.946437122,5124806.171549885,5176803.14557666,5199922.655673152
190,Saint Vincent and the Grenadines,58059214.72070741,69848798.78708854,84964378.36885735,103019625.12722954,103455478.44854622,103951407.36115636,107594756.88430502,111903352.90534274,118541402.86439766,134370980.12873346,138350007.73565093,141547420.4129215
191,Samoa,97993194.67044216,120938699.6222578,145188216.25599238,170758148.29649863,177918750.55598962,185114111.155987,190975245.2537476,197037563.3177197,202785240.6981199,206677014.89596352,206695704.05270645,209854103.2073269
192,San Marino,29309179.70089375,32755920.884056512,36286816.948562406,39887599.48259868,45693726.570219874,51707484.09917615,54424287.33783706,57263647.64100944,60031247.97305544,62314837.32942787,66070837.35928821,68153944.09009472
193,Sao Tome and Principe,102024012.05362593,102873383.30442524,103756166.15456092,104745122.69265836,104782748.7526862,104819174.73005246,105790857.6715734,106860837.61122756,107878820.96704295,109266842.4687394,110150268.52963348,110763139.80637433
194,Saudi Arabia,13781362208.166555,15708518336.112366,18280354057.240807,21278653473.65519,23568023045.843395,26386260382.560364,28302679023.21622,30814236718.81063,34518020533.82163,41844923795.42473,44523648898.52819,46174689307.21439
195,Senegal,3080677424.309552,3566354170.7572136,4251897560.205872,5063226263.617372,5648695794.249455,6455098592.847301,7102819384.347496,7987086565.269605,9081957796.822271,10419018496.43063,11267863647.520288,11775637849.293509
196,Serbia,6434930263.534,6936685834.26228,7448308767.545473,7968311679.188536,8687284261.858236,9434899394.290152,10137427663.456524,10867700118.154604,11575145104.962229,12137589325.123196,12538179188.639387,12808185873.89493
197,Seychelles,31315848.69060162,40030930.16819548,49083264.4506172,58927972.96036484,60615869.33288619,62321965.80032766,64715046.77867966,67168469.24837306,69511605.44909324,71162193.14611791,71223808.12532723,72291231.53059588
198,Sierra Leone,821125772.6321261,1054129052.2686458,1388400447.0280302,1791645995.4330738,1949757640.751336,2160260118.470722,2411721573.412421,2754500829.9663877,3121195114.141233,3261309967.661453,3426722285.3832583,3572904470.900172
199,Singapore,1140706892.2262678,1195020629.9124143,1258537459.568649,1328970629.2976508,1404059760.5961416,1495316832.0386672,1516803756.8418295,1541980595.2820802,1574559812.218566,1627293027.5702631,1661348030.2828965,1680132075.074309
200,Sint Maarten (Dutch part),31048092.587145813,34886684.04981543,39331018.580891296,44767756.725474656,45651525.97160962,46583335.46969761,47235613.98409401,47942103.64400387,49270636.03832665,53262957.054837056,53262957.054837056,54141609.24489404
201,Slovakia,5555181524.687837,5996294221.067071,6445070524.35846,6901253263.678171,7406699064.15315,7928522085.649548,8423816780.145654,8940957605.61043,9492045726.232376,10131593630.381435,10478583521.63484,10724493721.908226
202,Slovenia,2183615712.005281,2373566764.454381,2567371031.647126,2764487306.881539,2936142012.346171,3113802752.466778,3302605374.6021028,3498626874.784334,3688424427.606606,3842504076.663701,3975348696.992934,4070217149.644801
203,Solomon Islands,191983899.0708221,215731000.5980607,244110963.4264824,276677104.1731489,281056939.32073104,287458030.85446167,295243442.89249194,305050096.06372064,316076384.4859356,327742035.0130308,336043867.4671482,342005264.4279083
204,Somalia,868182914.6219257,988148618.3706236,1150088685.7979612,1329064439.4723072,1494349545.7755406,1720883974.787879,1962508365.6745489,2303876429.0288835,2765718672.6610203,3525220167.4613705,3776620863.398023,3947163919.247069
205,South Africa,31969749138.09059,36571035048.7325,43270251096.754005,51445750819.72371,57235967603.99629,64902109213.934654,69695738001.98312,76172265459.50853,84323875567.51732,95002069980.82916,100964703951.08316,104544182491.8542
206,South Georgia and the South Sandwich Islands,302571.3117865208,370643.99830728536,438678.42376559455,530857.154205213,537200.0549616446,543391.7620834548,544207.4552240425,545038.4507823125,547515.4490158613,556169.1296168594,556169.1296168594,556169.1296168594
207,South Sudan,423496466.4353816,496935026.0176661,592993620.462087,698641604.2467163,757116643.45941,841852602.1092918,995372454.4956852,1249893711.7025225,1711806286.3938024,2899050757.6566453,3291983683.8530827,3566198723.003077
208,Spain,200053237830.15427,216043379144.41092,232391723211.41577,249054306171.77777,276651340969.0626,306277703449.7132,330411984975.18964,356112550408.73724,380177165430.5109,394323915466.10925,408653058423.49554,418252977338.37726
209,Sri Lanka,3953619929.692403,4539948087.058858,5421624758.307973,6574907624.568494,7342066811.622347,8392698510.437108,9175182183.498772,10243768212.80505,11766046567.657925,14499530789.607616,16014657889.300505,16793203971.086096
210,Sudan,7671041068.043435,8575786165.687836,9841818361.318638,11302855229.417896,12078061673.695185,13290398684.705296,14225947844.561478,15692213593.76502,18280956356.74673,24509827396.13713,26368311356.73489,27474222177.534023
211,Suriname,547829750.8567001,594932452.8216518,643427042.5664899,693195212.8602884,764689689.5075352,840597215.3441936,904784265.9312236,972580205.550416,1033605281.2975458,1060005065.9218948,1083613656.5154085,1098680059.5843868
212,Svalbard and Jan Mayen,407269.35914979584,472030.190627355,536926.5514725178,602853.9095397299,602853.9095397299,602853.9095397299,631056.480603133,659431.2081047894,688889.00001152,721531.5320927257,721531.5320927257,721531.5320927257
213,Sweden,7704928885.872699,8292440909.971868,8893152906.757942,9505414305.26221,10182711560.498964,10890138957.381626,11522474287.619707,12191016336.357635,12881774946.546272,13598924103.338758,14042060977.408886,14367257502.631514
214,Switzerland,6437223633.524378,6879288545.420738,7330787532.111347,7790735126.515479,8433384104.089511,9098807724.21792,9788680344.784187,10500143715.76654,11187640927.877542,11730770384.01123,12132410185.80647,12428862032.2441
215,Syrian Arab Republic,7810477989.118144,8280766674.517182,8760075990.358171,9247515364.998774,10229420733.202744,11264299007.0272,12125078795.712215,13019345755.75344,13857329932.73747,14389680621.482708,14740001473.49958,14984868873.944365
216,Tajikistan,3289653374.37249,3931297392.708352,4802422026.545077,5837777356.108462,6669349142.317006,7635294111.745728,8359373927.801387,9213356339.248152,10114867519.857376,10885768456.708405,11396587514.233206,11732728606.715033
217,"Tanzania, United Republic of",12383570018.410906,14337853980.874306,17204909713.500343,20665065382.712666,22862830040.089264,26123080953.680622,30734926778.57124,38278980488.43833,48635591254.0075,61630538020.94505,71719456385.56061,77664608663.81377
218,Thailand,22994753405.95392,29623230378.23728,39006910326.20582,50461690401.78812,58614478456.36807,68558237372.88534,76059490435.96356,84940551954.11395,93994731293.05434,100342530657.77902,107583832197.99376,112218698414.3852
219,Timor-Leste,336495542.73797333,371549098.5533249,418053501.30508745,476510390.0312429,505584036.5387095,545921508.9393959,576754582.8616706,615304900.0800347,663170852.1214459,733242220.0147924,784075673.9194764,815749119.2413182
220,Togo,1443814806.8120997,1754294188.6084712,2194280325.207524,2709454954.891202,3218397160.206554,3842402431.8080974,4372766592.632895,5109365857.088041,6009730135.662646,7042348695.21452,7742080814.128067,8165653142.02525
221,Tokelau,0.0,0.0,0.0,0.0,0.0,0.0,0.0,0.0,0.0,0.0,0.0,0.0
222,Tonga,62417007.68237245,72916812.30633508,83457201.61732382,94807983.9047239,99386969.41266194,103960604.31074478,105287396.00321166,106611049.04887626,108033463.42036743,109817301.55654988,109817301.55654988,109908677.80078976
223,Trinidad and Tobago,1337023223.6907637,1495400329.0059144,1689574047.1797924,1908198801.7315075,1922861151.3457773,1943930903.7413971,2021706218.67349,2120584252.850861,2246481754.608233,2439079897.0737705,2527439869.408158,2592145452.847364
224,Tunisia,8902167087.00423,9543296886.814718,10199546921.942694,10870257300.16644,11836720106.495571,12854302898.470337,13923294674.34127,15046551095.642536,16123980616.30779,16928777182.05093,17397349867.98825,17719397088.65599
225,Turkmenistan,4532014859.353856,5133193045.95937,5952500817.025568,6914341028.940872,7620527029.750073,8428518793.910906,9032682048.51273,9707610921.08524,10454310411.7666,11339221014.242178,11611235455.870413,11820481626.544825
226,Turks and Caicos Islands,3280991.993326676,3643399.3781344495,4145129.08024106,4783189.606726855,5400451.041512333,6381880.819220157,6923736.960753141,7555543.009793161,16994986.565897822,73273091.5381393,83362702.42403308,88077650.84408848
227,Tuvalu,2558248.478170922,2990477.194454025,3422518.654798675,3870971.9226856423,3987352.868754324,4102349.357303057,4135803.236415941,4169182.6558440574,4208176.604447287,4267951.532511445,4267951.532511445,4267951.532511445
228,Türkiye,23216196235.04061,24542533093.27689,25897283060.737244,27277392754.50609,31443281712.024902,35986158493.08141,39728186433.46786,43720519115.38738,47690280581.40831,50982478713.03451,52958512731.15133,54170098878.47586
229,Uganda,5997037907.897819,6931849027.702525,8451804131.614561,10443334776.84014,12125990003.657503,14861997131.916767,17874564151.09562,22892109913.35527,29976479953.074806,39626199508.80694,47949062939.294174,52403665295.56616
230,Ukraine,71005644629.43896,76526799051.59062,82173399045.31561,87924501954.49805,95971993400.95905,104430593330.25945,110711247854.7342,117216604128.40102,123592716233.1934,128893011033.14748,132754006256.33047,135305148125.82608
231,United Arab Emirates,2602095299.956726,2897794123.5004306,3285865625.071397,3737558518.189837,4532894804.62773,5755548599.011679,6273574227.275754,7004257468.641884,7976284916.563996,9352773464.908674,9977864466.974218,10335308721.50704
232,United Kingdom of Great Britain and Northern Ireland,104015790387.14784,111086705979.79198,118324049996.3002,125704578701.34315,132768049346.86906,140184451159.64673,146940367676.87292,153989778621.0605,160842597355.26135,166315565415.89197,170903243877.68243,174574041014.0596
233,United States Minor Outlying Islands,8358303.38869332,9615887.446746135,10873024.33836854,12340345.836704714,12547596.534812683,12759678.608008184,12861039.258386075,12961140.64373286,13087422.149550512,13314427.023946667,13314427.023946667,13314427.023946667
234,United States of America,472962930009.52747,510482579321.3381,549164780509.9838,588819451233.9626,650773805347.2238,718336834474.5969,767501238509.096,820109910941.5458,869882759194.0326,900782459073.4636,928949458079.2876,947275769640.2922
235,Uruguay,2959111498.2080398,3280639477.7638965,3613138570.976553,3955956659.171498,4315222591.661281,4694738506.521992,4936442509.269363,5190583516.54977,5437284461.040026,5642979909.316421,5759281491.187449,5867814381.800585
236,Uzbekistan,20155367294.927677,23370442167.99765,27795560193.797085,33084547097.27084,37001152227.52519,41486615220.70255,44664991560.60497,48329335966.81752,52394043405.74358,56871222934.368935,58949245053.95669,60373045756.45069
237,Vanuatu,99648189.506274,113236618.86677584,127474669.244502,142416928.27080843,145512062.94097573,148532140.3274398,156202884.4324515,164336271.9548693,171739199.68488812,175284946.80468237,176005698.4381788,178132505.48428163
238,"Venezuela, Bolivarian Republic of",10251714991.855328,10897172722.100698,11600090943.3837,12354228958.996876,14633963070.923954,17128756335.072891,18431852114.64,19830117258.8442,21168362485.662457,22021657968.458035,22556143725.29144,22946260429.42344
239,Viet Nam,10543436986.570896,13608466359.103151,18319428896.869225,24539155284.86641,31986852133.798645,41943647903.87748,49955331895.6252,59582115900.19808,69311338625.61464,75063538714.41647,81070387734.25737,84146394072.08376
240,Virgin Islands (British),18818423.41302025,22939467.344549675,28804887.99029233,36146190.63803462,37328060.94969104,38724447.77112448,40988507.85328188,43701956.2772219,47659161.1295679,56133821.76275696,57925220.4436794,59292126.77932143
241,Virgin Islands (U.S.),155697595.31870982,181435406.2419153,215375895.2263533,255865591.42188317,259411524.7079712,263655273.4520474,275456517.4770181,289118429.2220414,307777140.9204324,342118571.3907249,349770253.68098193,354710906.9473995
242,Wallis and Futuna,13909284.276039658,16195522.862796651,18481417.03762263,20911866.8893663,21189919.018740702,21463614.160938397,21751013.9336687,22038201.814652737,22371668.26806581,22906448.34354069,22906448.34354069,22906448.34354069
243,Western Sahara,143331481.5260193,151090317.6262463,158964404.80080345,166940465.73648188,187473482.17931956,211083044.07612532,229821105.4612152,250728797.856406,272063382.0304151,289592096.3592582,294186983.3400178,297402089.1276182
244,Yemen,1372310334.986006,1635154428.3114817,2004048248.3707356,2449244969.6699376,2628303885.5429564,2845291455.508565,3011405414.6580977,3217574494.5194025,3483465090.045916,3910099564.804792,4124830757.156713,4278286325.141433
245,Zambia,5674656513.327184,6773531064.614047,8271349476.134675,9992741602.656918,10895530386.521729,12087363059.544271,13561013946.144407,15660299731.556711,18165334013.19734,20576660596.33163,22797056017.83108,24245100100.99005
246,Zimbabwe,7266923321.070644,8397211869.888042,9911628194.849058,11633662378.604824,12891944622.114817,14764311850.08967,16920162684.528025,20877466796.100685,27317319700.357697,39806342616.85943,47778407650.29469,52724655921.35362
247,Åland Islands,24958284.84883093,26880077.594265908,28834860.56051214,30832430.429785803,33990109.79399021,37294114.135992825,40333631.80654938,43552492.1976208,46607267.83411959,48687254.07405978,50497316.04964718,51703202.50413927
