,Countries,1975,1980,1985,1990,1995,2000,2005,2010,2015,2020,2025,2030
0,,46519112,49034168,51591836,54186772,60561848,67271440,78213096,89862520,100945464,108194472,114057536,117964872
1,Afghanistan,224024496,249920720,286003616,328870496,356430496,392573120,432397120,488328224,559712384,650165952,697422976,726530176
2,Albania,119551080,128542088,137667856,146922432,165577280,185700416,205361136,225967440,245519744,258892352,267166064,272258976
3,Algeria,1175932416,1278679936,1383762304,1490990976,1639677568,1796494208,1963683200,2140429952,2312011520,2447870720,2506239744,2547815680
4,American Samoa,2143546.25,2584431,3052325,3553727.5,3709370.75,3865298,4003577.5,4145943.75,4272875,4349306,4349306,4390131.5
5,Andorra,1052642.5,1174198.75,1301119.5,1431969.75,1637948,1867940.125,2028634.25,2192667,2346620.75,2447187.5,2595366.5,2687410
6,Angola,522511296,578418496,650699968,731761408,775117632,834746624,894405440,980744576,1118423936,1401876864,1510939776,1584782848
7,Anguilla,1072732.375,1460816,2072918.375,2834994,2864035.25,2903194.75,2952934.25,3011411.25,3241066.75,4181577.25,4181577.25,4329112
8,Antigua and Barbuda,6452807.5,7321881.5,8553529,10281819,10337311,10418605,10870422,11421053,12208038,13907530,14110757,14236874
9,Argentina,2507043584,2663361792,2822958592,2985627136,3248187136,3523645184,3718392320,3922909184,4120599808,4280299520,4341562880,4398929408
10,Armenia,151668144,158920288,166299152,173808448,186382352,199304832,211244880,223492976,234815808,241520080,244877632,247334816
11,Aruba,3446472,4812638,6460605.5,10701824,13598802,17029268,18089160,19189646,20470738,22892384,22892384,23248404
12,Australia,2541038848,2787499264,3117750528,3506039808,3789650432,4153664256,4371384320,4654624768,5009468928,5525067264,5744112128,5924827648
13,Austria,657546432,713190912,770162496,828324608,899902976,974347776,1043751040,1115524096,1185283968,1243250816,1293105280,1330715520
14,Azerbaijan,441033952,464679968,488821760,513394656,574686464,638996608,704990080,774116928,843228928,904350848,922777792,935180160
15,Bahamas,19545992,20857924,22225408,23646268,27655102,32102338,35094632,38330540,41429548,43422364,45033416,45766532
16,Bahrain,46145748,49044740,52574972,56497264,61062588,66472688,68717224,71418792,75588552,84771528,86384632,87349512
17,Bangladesh,520928224,722787648,1041106304,1446298368,1632605184,1853854464,2056726912,2306487296,2583677184,2866089728,3125905920,3304417024
18,Barbados,18274368,20580916,23188576,26408282,26408282,26408282,27400948,28456244,31068052,40743664,42074948,43058988
19,Belarus,768876928,820673536,873409472,926935488,1016137280,1110866816,1178982528,1250128384,1319052032,1373282304,1412807552,1439248128
20,Belgium,822843776,894668096,967924800,1042328320,1157520640,1278286848,1376649472,1478254464,1573468032,1635817600,1698129664,1742923776
21,Belize,11962086,14042929,17022686,20652628,24363736,29749412,32147854,35271904,40352144,52282596,56828584,59352664
22,Benin,218987104,257066672,307204000,365133856,402742272,450338304,519483808,614368192,719861120,790565312,870020160,922095680
23,Bermuda,5466764.5,5811068,6159697,6525537,6753894,6982881.5,7050576.5,7118424,7182962.5,7236457,7236457,7246811.5
24,Bhutan,11572153,12813170,14371765,16149984,17222080,18903980,21217038,24629260,29175480,35621328,39684084,42898100
25,"Bolivia, Plurinational State of",390704960,429139744,473076320,520987200,568387072,621278464,655446784,694788800,738428096,788139584,807045376,822219712
26,"Bonaire, Sint Eustatius and Saba",477632.3906,651685.5,922502,1314177.234,1558785.82,1889085.563,2402396.203,3073159.086,3893362.039,4779322.859,4990892.859,5155141.172
27,Bosnia and Herzegovina,201088704,219821392,238899712,258306576,278607776,299944320,324049408,349315104,373944480,394217888,407709312,416124448
28,Botswana,189313824,214593312,247536000,284346016,321774400,370079648,402137984,444752384,490437888,518097632,545854528,565154304
29,Bouvet Island,0,0,0,0,0,0,0,0,0,0,0,0
30,Brazil,8442235904,9262920704,10111381504,10984167424,12334959616,13781760000,14709169152,15695682560,16648682496,17389981696,17798443008,18136401920
31,British Indian Ocean Territory,201772.8438,213053.3906,224442.8438,236672.5781,251096.4688,265750.4063,279370.4063,293781.75,306932.4688,309685.9688,310911.5938,315138.0938
32,Brunei Darussalam,20044086,23026144,26812914,31131912,36143976,42253612,44332476,46932496,50208752,55119840,57345344,58706340
33,Bulgaria,545848128,581269696,617230976,653688320,701993856,751325568,794971456,840139328,885857792,930998080,955655360,973267328
34,Burkina Faso,230340784,275728192,340178656,413870080,473017280,549956800,667385408,839619328,1063729536,1366099840,1566216576,1687268608
35,Burundi,77280160,89531008,108814072,133473704,151012608,177914192,208393376,260128160,336547904,456214656,553865088,602546816
36,Cabo Verde,9883723,11075936,12679687,14533977,15747273,18083762,19019960,20477476,22359010,24637748,26655060,27885260
37,Cambodia,150538128,188288688,246955600,323753056,381501568,462896288,551948608,663363520,782899264,872606592,949896000,993449216
38,Cameroon,440055296,520937280,630957504,761872000,816668928,886162944,954191744,1045881792,1163092096,1324119552,1423223552,1480217600
39,Canada,3206753280,3412238848,3622258176,3836159488,4138622976,4461860352,4733186560,5024856576,5301511680,5477326848,5615147008,5722234368
40,Cayman Islands,3348350.5,3971799.25,4788824,5835159,6466681.5,7299153.5,7801305.5,8384780,8939281,9088020,9206519,9359225
41,Central African Republic,81195008,96640704,117883056,144111344,156227536,172437152,182300784,194938816,209175888,223145808,229954736,237344720
42,Chad,190628032,212900480,243051248,277611264,300352736,333229280,370265760,423073312,496021408,613323968,674499584,706804800
43,Chile,761253184,812788608,865520000,919430912,1000267648,1086351488,1189283584,1297664768,1393321856,1434110336,1462334080,1481577856
44,China,20003450880,24237015040,29861158912,36610764800,43707842560,52275802112,60224356352,69965905920,80578813952,90125221888,95344533504,99110739968
45,Christmas Island,169349.7656,221025.3281,274561.25,333265.0313,336954.3125,340554.625,341363.6563,342185.2188,343978.7813,349432.5938,349432.5938,354270.4063
46,Cocos (Keeling) Islands,17553.53125,22116.79688,26654.70508,31594.37305,31842.58984,32074.79688,32312,32552.16016,32851.94141,33400.62109,33400.62109,33400.62109
47,Colombia,914666880,1008260160,1106311168,1208564736,1314315008,1426362368,1499893504,1577721600,1654918656,1725225344,1747622400,1782620032
48,Comoros,15393767,17609628,20351822,23550626,23581292,23614262,24232298,24958484,25641322,25999050,26011704,26442352
49,Congo,130525064,141427248,155409520,171631216,173704640,176747648,185640368,197415696,216409968,257917216,268919776,275862560
50,"Congo, Democratic Republic of the",1047890432,1200094336,1407830912,1650181504,1756617216,1899486208,2041476736,2235247872,2514357760,3016624128,3211897856,3344884480
51,Cook Islands,827868.0625,940103.9375,1055041.5,1178172.375,1241151.125,1304010.375,1315441.375,1326885.125,1340685,1363302,1364412.125,1374590.25
52,Costa Rica,153461056,174387600,202078144,233988992,256863536,285608992,302855008,325060256,353406048,394417856,424746752,441198368
53,Croatia,290486336,315162112,340268128,365788480,397652288,430995040,460745536,491768704,521956544,546755072,567626624,582088320
54,Cuba,233865888,258199728,287780256,320976736,335292864,350894720,360962432,371928384,386733472,415276064,421347360,432004192
55,Curaçao,5686156,7141503,9182743,11979510,14220638,17212952,20258480,24131388,29044252,35432828,36623196,37193244
56,Cyprus,71378800,74987176,78629736,82299152,95855520,110340584,121548064,133452272,144344464,149237120,154508560,157780320
57,Czechia,843223040,901769408,961314048,1021742912,1095249920,1171132032,1243702656,1319226880,1396465408,1474665600,1523117184,1557446400
58,Côte d'Ivoire,494699328,570635712,664607808,768197120,829706368,912015872,990417472,1096984576,1225671808,1365223936,1457470464,1525722752
59,Denmark,501393952,540008768,579198144,618911616,662464320,707907648,756471872,807458496,855349568,885584832,924019200,955785088
60,Djibouti,3529524.25,4426822,5617516.5,7013314.5,9974402,14047969,15475610,17205090,19125668,21100260,22258270,22897764
61,Dominica,1850497.5,2220595.75,2756837.25,3402452,3528442,3679424,3970660,4341255.5,4786703,5396556,5420621,5690504
62,Dominican Republic,156021760,173551760,196458016,223359792,257911232,304671872,325165632,351726880,401167936,536164480,587830720,617580096
63,Ecuador,483599264,547800320,615635648,686823744,742000768,800288512,857886144,918800448,975442304,1010703680,1026225024,1044821696
64,Egypt,1125034752,1292241664,1509487872,1765320448,1935556864,2142723200,2316249856,2531597824,2829008896,3375628288,3599903744,3739408640
65,El Salvador,137703152,152573488,172927824,197423952,219344384,248143568,267402720,293209312,325232800,364762496,396203584,412663616
66,Equatorial Guinea,18823432,22197338,26784322,32216626,32377324,32592606,37863144,46105460,55943188,61958560,64814552,66885168
67,Eritrea,21336316,25109510,30368384,36297944,40552448,46647708,54142448,65863332,83710752,116666872,133756088,142848064
68,Estonia,140692320,151318144,162106672,173059120,180077088,187278992,193740496,200532000,207706112,216161056,220499088,224035488
69,Eswatini,20476818,24696020,31224256,39444136,46761216,59056056,69805224,87981712,116816200,173452384,209886272,228491184
70,Ethiopia,382055648,451141056,542798208,646456448,719461568,812667072,971766528,1244722176,1718328320,2835598080,3421827072,3765640448
71,Falkland Islands (Malvinas),153121.8281,195339.6719,245655.4844,306804.2188,310055.875,313171.125,323377.5625,336258.3438,348018.5625,355625.3438,355625.3438,361055.4063
72,Faroe Islands,75663.36719,85674.375,95595.84375,105951.4453,105951.4453,105951.4453,110074.7656,114282.0781,118545.0469,123570.2969,123570.2969,123570.2969
73,Fiji,32370062,36875656,41390904,55792252,59011176,65696320,70161432,74612296,78212968,87025664,87025664,87061008
74,Finland,341913472,366805600,392175680,417932544,452923520,489772960,519507648,550913152,581783040,607861632,626410432,640272576
75,France,5698203648,6159415808,6630341632,7109865472,7743857152,8409014784,9040940032,9700489216,10329379840,10777126912,11182535680,11480332288
76,French Guiana,9588685,10254657,10946448,11664949,14603389,17928072,19435078,21035804,22515636,23286998,23949680,24443164
77,French Polynesia,10209271,11309503,12442469,13680415,14230508,14785119,14945392,15106851,15277531,15489970,15493584,15617148
78,French Southern Territories,57053.35938,70456.21094,83812.70313,98208.89063,99246.85156,100182.1406,100401.0391,100649.5,101155.875,102631.375,102631.375,103091.7578
79,Gabon,77154192,85762376,96751888,109674200,110398728,111575344,118433488,127244240,138210032,151839328,156210032,159151488
80,Gambia,44429212,50867056,59679372,70140576,80630224,94254264,100144112,107592344,115392848,119341792,125069320,127888560
81,Georgia,332513632,357020512,382021632,407445856,430143168,453242176,473298464,493842336,514598656,535632416,543446400,549552384
82,Germany,5863092736,6281255424,6707966976,7141707264,7752724992,8395003904,8916706304,9458214912,9984227328,10405714944,10760545280,11022907392
83,Ghana,584947584,673223744,794159424,937348160,1075822848,1250199680,1422425216,1647476096,1894499328,2071131648,2220795904,2321086720
84,Gibraltar,655038.375,690458.4375,726048.1875,761510.9375,791878.9375,824031.125,843755.375,863448.875,882001.3125,895748.4375,897044.9375,901308.125
85,Greece,746310144,786018560,826403264,867420160,943662336,1024943488,1091642112,1161213824,1224897280,1259764864,1300613504,1327761792
86,Greenland,1228747,1534824.125,1843531.625,2171553.75,2174594.25,2177371.5,2198457.5,2219515.5,2247233,2298713.75,2299129.5,2304226.25
87,Grenada,3861831.25,4542548.5,5477143,6618389.5,6649354,6682711,6978213.5,7307067,7824848,9082267,9228952,9491138
88,Guadeloupe,25610712,31531256,39612788,49641700,50646720,51760268,56454772,61897060,66986432,68658184,69355072,71113864
89,Guam,15013478,15253002,15503794,15763815,15855566,15947115,16380132,16831592,17223606,17334100,17533856,17672374
90,Guatemala,348875648,397102368,465238976,547493568,597569856,665832960,708551424,767709504,853441728,1008581696,1101218048,1152261504
91,Guernsey,3800180.75,3924528.75,4049561.5,4174870,4364131.5,4555698.5,4753350.5,4953945,5149309.5,5319741,5363146.5,5396115.5
92,Guinea,219131408,259028192,314571584,378671648,418166016,470026976,518275840,581201984,650822528,704538624,753687360,786542720
93,Guinea-Bissau,35967912,43280652,53281336,64891860,70931592,78915536,84471248,91534992,98927568,103657744,109505216,113683808
94,Guyana,21970770,23546034,25192878,26896078,36562772,47971632,51192072,54546132,57813096,60301728,61591684,62480428
95,Haiti,104098904,115458120,130740352,149092016,162910528,180751136,199507440,226962896,263054272,311719520,343773344,363060448
96,Heard Island and McDonald Islands,0,0,0,0,0,0,0,0,0,0,0,0
97,Holy See,206792.5469,207662.3438,208518.625,209387.75,213501.6406,217600.9375,218061.6094,218524.5313,218994.3125,219448.9219,219448.9219,219448.9219
98,Honduras,173894080,196806960,226841168,261117168,298056672,346428928,378798624,423467296,489029024,614485504,681708864,719495424
99,Hong Kong,33827392,37423636,42031984,47885224,55054240,64231024,67556360,71171864,75009480,79077928,81923592,83682752
100,Hungary,816542976,873125440,930562944,988781056,1069671424,1153601152,1217707520,1284487168,1348733568,1396784896,1439649792,1469647872
101,Iceland,20636998,21930080,23272004,24657044,26359784,28186744,29798644,31535620,33012048,33353628,33741408,34216948
102,India,9563292672,11775381504,14855682048,18562983936,21084563456,24131872768,26774874112,30252580864,34622935040,40718135296,45004644352,47662125056
103,Indonesia,4094255360,4961104384,6120170496,7502979584,8113811968,8870583296,9422034944,10085773312,10753504256,11119300608,11610327040,11990904832
104,Iran,2099764352,2215935744,2338677504,2466060800,2770681344,3098996480,3474622464,3875605504,4262752768,4536135680,4664816128,4749831680
105,Iraq,825881856,889220800,953797568,1019399744,1101029760,1186135424,1316201600,1455071232,1591298048,1700308224,1731020544,1751591680
106,Ireland,435651104,476754784,518668416,561308672,597352512,635936192,683076800,732809920,779701952,810171840,843288448,868532480
107,Isle of Man,3961631.5,4240349,4522181.5,4805731,5214263.5,5656351,6028286,6422432,6802337.5,7068738.5,7344810,7601943
108,Israel,252835520,263332768,273944224,284671232,329426816,377721344,410318368,444411328,477366528,502047360,517327520,525643264
109,Italy,4309916672,4585288192,4865334784,5149372416,5609702400,6091792384,6474693120,6874570752,7247325184,7480150016,7748327936,7930242560
110,Jamaica,89278240,99989128,115204792,134221056,146833104,162904960,175580240,191627744,210810976,234064752,250214816,259858912
111,Japan,8939142144,9246138368,9560238080,9882578944,10693101568,11545570304,12175166464,12821323776,13437825024,13903734784,14110887936,14250806272
112,Jersey,4610389,4843939,5080799,5319101,5565005.5,5819657,6156608.5,6506149.5,6834983,7064340.5,7203421,7318192
113,Jordan,151466672,162713920,174229680,186009968,217807744,251364624,277214176,304037952,330878944,355395360,361791968,366314144
114,Kazakhstan,1074102400,1189149440,1329600384,1488024064,1655917952,1841917952,1995871488,2170048000,2350962688,2503499008,2557995776,2599789568
115,Kenya,409065888,486275584,606873024,761735872,853727936,1001743104,1222751616,1627262336,2248785664,3265248256,3864802816,4194180864
116,Kiribati,521983.3125,592542.6875,664009.3125,740111.4375,760878.8125,780944.6875,789380,798133.625,807338.1875,819185,819461.6875,822525.3125
117,"Korea, Democratic People's Republic of",181464144,205023536,234772896,268797216,282133184,296825344,311659232,328806304,354578240,411971424,428666784,442535360
118,South Korea,1147737728,1331970432,1589625472,1912922752,2210383616,2592397056,2862632960,3189470976,3546125056,3890295296,4105914112,4233690112
119,Kuwait,145533520,152092432,160360096,169887968,178951296,191999216,196011840,201093504,210368704,234510832,240430736,244090272
120,Kyrgyzstan,208515696,248180736,304989376,374493728,426936384,489109152,542198144,606954304,675936128,732434432,763148160,784725632
121,Lao People's Democratic Republic,72026832,92562984,120383992,153883232,178343728,210904192,242257888,282117664,327354368,371494944,404500864,424942048
122,Latvia,188504144,202581360,216888400,231411264,242475760,253780864,262197088,270961568,279678784,288202912,293672960,298197472
123,Lebanon,175643408,184177088,192806848,201517888,224004192,247489728,265182832,283356480,300856224,314227008,321678080,326337696
124,Lesotho,68574928,76956288,89960680,105882984,118234768,135322640,149336400,167361776,190723344,226884784,246611248,257395552
125,Liberia,78673856,91783376,109044112,128504696,132086856,136712640,153550944,176310608,200977360,214083264,224147744,232362496
126,Libya,396889600,449138752,522737056,613364928,663553344,723816832,780588288,848565568,936493440,1075512192,1122527104,1151178112
127,Liechtenstein,2653687.5,2850394.5,3049527,3251362,3609677.5,3978309,4324442.5,4679348.5,5081647.5,5673980,6005229.5,6167487
128,Lithuania,318681600,340786336,363269696,386105920,412961760,440942496,463590464,487071296,510506816,533038496,547779072,559253056
129,Luxembourg,33602224,36976060,40411124,43905400,48537044,53453140,58443608,63666252,68854120,73300376,77443896,80182936
130,Macao,3236170.5,3449136,3701386.5,4020155,4443226,5089577,5393412.5,5747853,6145204.5,6610864,6786808,6881998.5
131,Madagascar,265281632,328642336,415959008,514694464,550395264,594504960,645992896,718793664,806644992,902735808,1007925696,1083818368
132,Malawi,249673312,324081792,434563968,568548544,605450880,656218624,734447808,849765504,998279104,1180877184,1361116032,1457872512
133,Malaysia,633366464,740088576,885938176,1061522368,1282812416,1580484224,1705385856,1860830720,2033602944,2195074560,2311423232,2380576000
134,Maldives,817882.1875,1173169.125,1801880.75,2693984.75,2705001.75,2716246,2731585,2748642,2763781.75,2777937,2777937,2848404.75
135,Mali,297438112,357675424,437930752,528439424,599011328,690326336,780580992,900172224,1031905728,1129447552,1225869056,1288238080
136,Malta,24043578,25764866,27863730,30459246,31509490,32591592,33315380,34089172,35057108,36682476,36711252,37154240
137,Marshall Islands,832780.5,919171.75,1007035.313,1103079.25,1138141.875,1173456.625,1191636.625,1211192.75,1229065.5,1244799.25,1244799.25,1248731.25
138,Martinique,19005662,22391992,26643052,31506418,32307904,33189918,35131380,37272936,39361684,40825632,41186308,42593336
139,Mauritania,49667932,55091760,62132776,70147720,79334792,94636272,114019224,144153824,186288240,246984784,268830304,280813536
140,Mauritius,28177278,34354564,42764692,52498960,52887516,53313808,59090356,66117936,73152880,75907320,78631672,80562304
141,Mayotte,3535084.5,4643376.5,6377370.5,8669620,8686645,8704348,8868448,9078269,9275896,9337828,9354871,9547700
142,Mexico,3824531456,4225923072,4748463616,5361732096,6102066688,7008311296,7612733952,8376666624,9298416640,10490732544,11131259904,11509803008
143,"Micronesia, Federated States of",2155067,2558125.5,2973786,3412686.5,3541269.75,3670819,3728388.25,3787274.75,3849202,3924611.5,3930480,3980691
144,"Moldova, Republic of",315198944,340223488,365740096,391708064,418237440,445673472,467774464,490349792,511338720,524900320,534262752,541446720
145,Monaco,647445.1875,653581.1875,659796.5,666018.625,669767.125,673472.375,676104.375,678734.25,680962.875,681604.375,681604.375,681676.125
146,Mongolia,111255840,119192336,127266816,135467872,141348592,147357440,156291056,165519232,173721536,177306592,177842528,178847744
147,Montenegro,21157704,22486990,23836098,25204564,27358002,29613424,32820888,36196496,39550736,42549948,44360520,45409912
148,Montserrat,361417.5313,411038.8438,494380.4688,604021.1875,613205.5,622402.4375,640287.6875,665104.8125,707265.9375,848587.4375,881186.4375,906099.1875
149,Morocco,404826336,441285472,483879616,529852544,585211904,645250880,703162688,768325312,836430720,902470208,938295936,959783168
150,Mozambique,482342752,553848576,647919040,754228672,859841280,1023117248,1181720832,1422924288,1737900672,2127497088,2415041792,2591653888
151,Myanmar,532264992,628366016,749287936,888099712,956372736,1035239872,1095277312,1165882496,1242512512,1319141504,1362747136,1403798272
152,Namibia,97019496,113831328,136083520,160447824,174187920,192442288,208624752,235807952,275493600,339295232,384721216,415859808
153,Nauru,388315.125,427039.1875,467389.4375,508650.0625,535195.25,561788.875,570379.5625,579084.6875,587437.75,593892.6875,599128.5625,602433.4375
154,Nepal,311449792,355894336,419149024,496337984,549098240,625897472,710734144,835937280,996979520,1196712832,1350105600,1442892032
155,Netherlands,1060126400,1142137088,1225800832,1310764288,1470225792,1640731136,1752840704,1870884736,1982147200,2051212416,2124303616,2176450304
156,New Caledonia,24800552,27417832,30156034,33025058,33624692,34218332,36876800,39666480,42072428,42669456,42950856,43606560
157,New Zealand,576267456,626243840,683167552,780458112,784094592,790554368,824382976,863888448,911663744,1035079040,1052755456,1068816320
158,Nicaragua,133484752,149178832,168964896,191444992,204307776,220201872,236683376,259003792,287028160,326096128,351822176,368108992
159,Niger,179917632,209736704,251668704,298166848,327585440,367495360,419286560,494867648,604096384,800088704,901893184,965209920
160,Nigeria,2480438528,2886981888,3437782016,4086852352,4435200000,4870232576,5630901760,6693692928,7895916032,8788948992,9544808448,10023169024
161,Niue,22603.08984,26945.15625,31232.76953,37931.33594,38301.21875,38650.39453,38707.90234,38780.33984,38959.92969,39548.66016,39548.66016,39548.66016
162,Norfolk Island,330403.875,399333.0938,470602.8125,544770,578044.125,611184.4375,624381.5,637585.3125,651078.75,665537,665537,674002
163,North Macedonia,103501832,110743776,118119512,125623120,135629632,145960768,156562720,167514640,178736240,190282416,195581600,198712192
164,Northern Mariana Islands,3006276.5,3366737.5,3742526.5,4142472,4300353.5,4458763.5,4524626.5,4594088,4661475,4725604.5,4738700.5,4807934.5
165,Norway,214562624,232320960,250458192,268897952,295230848,323236320,347849408,373657312,399788096,425295936,439721952,449330368
166,Oman,184374576,216144736,258749328,308508096,317861440,329707872,345420032,367736480,401789248,468021312,494299296,510751744
167,Pakistan,1747940992,2055793024,2474517248,2969517312,3337388288,3799572736,4182012416,4698681344,5395404800,6510010368,7229874688,7677380608
168,Palau,815127.5625,845534.625,876140.0625,907568.8125,937146.6875,966785.3125,980109.1875,993758.8125,1007456.938,1022631.313,1026147.125,1029624
169,"Palestine, State of",118532112,124357144,130255184,136205792,158398752,181486112,198506048,215943408,232191968,242636544,246651440,249914704
170,Panama,112920088,126342592,144030960,164635840,185177056,211739376,226891328,246610928,272196768,310626304,332325312,343786144
171,Papua New Guinea,107143904,117670512,130803504,145758752,150193312,156872368,163913456,173868064,186022976,201141104,213752352,222590816
172,Paraguay,326466880,362334016,399120032,436754944,477007872,519820288,544190656,569741824,595096128,619340864,627301376,635548160
173,Peru,902235904,1006102848,1115638144,1230329088,1299031552,1373283840,1428264960,1486924416,1546987520,1608074752,1621752960,1649899008
174,Philippines,904819584,1055437888,1260300800,1511398912,1681261568,1882974848,2009905408,2168026624,2342594816,2509488640,2673556480,2772887040
175,Pitcairn,3488.607666015625,4060.347168,4632.640625,5264.374512,5300.302246,5313.50293,5348.869141,5407.45459,5464.18457,5581.818359,5581.818359,5581.818359
176,Poland,2493795328,2704254720,2919208704,3137950976,3402407424,3678498816,3999741696,4334595072,4667719680,4967656448,5180362240,5331244544
177,Portugal,717071615,758090018,799817926,842137435,972245549,1112096390,1214945160,1322256454,1422574284,1483941162,1551963898,1593985150
178,Puerto Rico,227524832,258618352,299896896,348291552,369384512,395839488,414105408,436667456,462013184,487271872,508388288,520089728
179,Qatar,74288832,79494784,85989376,93187256,104740480,119256776,132102672,150513712,177805312,228265968,242188144,251010368
180,Romania,1239620352,1334210304,1430334848,1527880192,1678226432,1834784128,1989998976,2151762432,2313499648,2460446208,2552452096,2613886976
181,Russia,7338484224,7812979200,8302841344,8804526080,9762148352,10781831168,11548625920,12353745920,13155373056,13844353024,14226963456,14485506048
182,Rwanda,142276096,163764000,197746480,242200256,271282912,316070048,370786272,454886080,568914688,718781184,831606080,882986496
183,Réunion,16314408,21108568,28215000,36832336,44927296,55396708,70002160,87577808,104430752,108756024,114335664,117047896
184,Saint Barthélemy,348924.6563,494780.75,691673.375,921979.5,927487.125,933275.4375,962979.25,993608.1875,1051794.375,1185501.25,1206550.875,1241392.375
185,"Saint Helena, Ascension and Tristan da Cunha",308171.1875,391771.6875,476098.4375,570301.625,580332.625,589965.4375,598034.375,606811.6875,616210.1875,629442.5,629442.5,636654.25
186,Saint Kitts and Nevis,3578004.25,4124125,4894254.5,5863138.5,5894824,5934706.5,6279990,6712287,7259493.5,8107358,8230166,8350096
187,Saint Lucia,5348309.5,6530872.5,8089774.5,9881638,10458866,11124272,11969886,12940668,14178758,16116168,16601583,17087796
188,Saint Martin (French part),1460335.625,1667971.5,1909530.875,2185740.25,2240056,2301452.5,2377524.25,2463289.25,2558512.25,2641988.75,2641988.75,2702172
189,Saint Pierre and Miquelon,298018.4375,301917.25,305852.25,309811.7813,328190.5313,348129.3125,353129.8438,358153.0938,362745.3438,365792.0625,369376.75,371008.9375
190,Saint Vincent and the Grenadines,4348737,5175496.5,6227611.5,7477861,7508307,7542906.5,7794827.5,8092059,8550958,9640155,9912623,10131352
191,Samoa,7253048,8863902,10557077,12335469,12829590,13325537,13732848,14153431,14551629,14821873,14823142,15042325
192,San Marino,2203419.75,2446664.5,2695080.5,2947687.5,3353817.5,3772759.5,3960796.75,4157106.25,4348180.5,4505766,4763578.5,4907023
193,Sao Tome and Principe,7230638,7293652,7358449.5,7430734,7433427.5,7436024,7504770,7580217.5,7651762.5,7750115.5,7813050.5,7856479
194,Saudi Arabia,1053685376,1194281216,1378984192,1591743744,1755151232,1953939456,2091002624,2268660992,2529500416,3040147968,3226365184,3342499072
195,Senegal,233235136,268793536,318061632,375606528,417203904,473793376,519713632,581869312,658507904,752023808,811549888,847629632
196,Serbia,479051296,514630496,550797824,587460672,637615040,689593344,738486336,789166784,838176128,877127232,904948672,923889920
197,Seychelles,2308438,2917806.5,3547568.75,4229677.5,4346211.5,4463859,4630815,4801329,4963714.5,5077706.5,5081959,5155836
198,Sierra Leone,64201492,81913592,106544328,135650912,147056176,162045984,180053856,204260480,229942368,239725328,251445904,261869584
199,Singapore,88028248,91954896,96509512,101520816,106990352,113520224,115028032,116782152,119051968,122731120,125080608,126402168
200,Sint Maarten (Dutch part),2264615.5,2529287.75,2834726.25,3207147.5,3267959.5,3331992,3376675.5,3425061.5,3515771,3787544,3787544,3847051.5
201,Slovakia,409795168,440763648,472187264,504060032,539293696,575572032,610072576,645980224,684149696,728300864,752473344,769728576
202,Slovenia,163429712,176903408,190605632,204503184,216505392,228894704,242115008,255800800,269024320,279736896,288976224,295626624
203,Solomon Islands,15064514,16814292,18877424,21223300,21541190,22002128,22560138,23261962,24049580,24885690,25471532,25897338
204,Somalia,71352584,80478816,92453304,105486744,117206872,133058880,150303088,174400720,206987040,260622432,278525824,291038976
205,South Africa,2378371072,2709532672,3185031680,3759001088,4167534848,4702683136,5040966144,5494553088,6063156224,6805480960,7220454400,7472125952
206,South Georgia and the South Sandwich Islands,23208.29492,28069.82813,32898.14453,39427.57813,39872.30469,40306.50781,40366.09766,40426.96875,40607.58984,41217.45313,41217.45313,41217.45313
207,South Sudan,37607864,43446456,50806780,58753824,62962004,68962248,80523136,99178160,133093728,219087424,247295216,267256704
208,Spain,2541826066,2731649938,2925012279,3121482978,3447827414,3795406991,4079339068,4379780896,4659957978,4824242448,4991011541,5104489081
209,Sri Lanka,295637728,338190688,401103488,482412864,536737216,610660928,665963648,741130368,847671616,1037297536,1142243712,1196554368
210,Sudan,577719808,643589376,734021568,837147904,892636096,977450752,1045411456,1149997184,1333509248,1769716480,1900549888,1980014464
211,Suriname,39961880,43273080,46671388,50150028,55104316,60344568,64779108,69449536,73645984,75466680,77088544,78133720
212,Svalbard and Jan Mayen,34961.08594,39843.04297,44707.03906,49629.62109,49629.62109,49629.62109,51731.73047,53811.02734,55994.53906,58435.20703,58435.20703,58435.20703
213,Sweden,599320576,642095104,685624192,729813632,778043136,828158272,873231616,920622208,969440704,1020081280,1051454912,1074922624
214,Switzerland,486622656,518051680,550050368,582559424,627711552,674308224,722560192,772189696,820050240,857802432,885718016,906555520
215,Syrian Arab Republic,579917184,613214784,647059584,681397120,750336896,822592704,882826048,945118976,1003324736,1040263040,1064688768,1082049280
216,Tajikistan,246718928,292466688,353899552,426273248,484475744,551712640,602274752,661708288,724395840,778173824,813590592,837137984
217,"Tanzania, United Republic of",960799872,1104408192,1310917504,1556940288,1714002944,1944789632,2277469184,2813225216,3541974016,4453684736,5155924992,5573419008
218,Thailand,1756017408,2233556992,2899392768,3703243520,4277459200,4971485696,5494983680,6112236032,6740448768,7183002624,7682861568,8004838400
219,Timor-Leste,25650784,28167534,31471378,35588872,37648544,40495988,42682656,45411872,48791836,53722332,57277684,59507224
220,Togo,112811880,135835776,167706368,204431520,240635328,284535008,322252000,374174336,437401152,510074048,559118080,589334976
221,Tokelau,0,0,0,0,0,0,0,0,0,0,0,0
222,Tonga,4510898.5,5239645,5968952.5,6752679,7067215.5,7381103,7472747.5,7564128.5,7662264.5,7785302,7785302,7791848.5
223,Trinidad and Tobago,97349096,108436640,121932576,137045504,138072896,139544576,144949088,151792208,160496112,173758768,179818800,184270560
224,Tunisia,659844992,705334016,751761600,799088448,866919232,937920768,1012553472,1090669696,1165404544,1221198848,1253833856,1276571520
225,Turkmenistan,334480704,376977152,434376512,501302688,550492096,606529152,648561664,695364416,747081216,808247232,827124992,841827456
226,Turks and Caicos Islands,254869.6875,281499.8125,317426.4688,362760.5938,406951.6875,476088.375,514349.0313,558958.75,1261990,5145092,5840233.5,6167458.5
227,Tuvalu,187891.9531,218132.5469,248234.9375,279364.8125,287390.9688,295313.625,297631.8125,299942.3125,302648.625,306809.8438,306809.8438,306809.8438
228,Turkey,1764068224,1859195008,1956029696,2054386944,2351318016,2671851008,2936213760,3216264192,3493489920,3722505984,3860315136,3945967360
229,Uganda,460143680,529171392,638918464,780550336,901002752,1094505344,1310293888,1664749312,2160529920,2831800832,3406600448,3715171840
230,Ukraine,2652282016,2847663824,3046821216,3249104288,3531793824,3827600384,4047515712,4274517280,4496497856,4680761664,4816125056,4906495264
231,United Arab Emirates,197446464,219173744,247193888,279366016,337884320,424572096,462073344,513844544,582044992,677577280,720884672,745899776
232,United Kingdom,3865341620,4115887953,4371488419,4631411300,4879398765,5138705589,5376205310,5623143234,5862623629,6053574667,6214691191,6344934215
233,United States Minor Outlying Islands,86876.46881103516,99335.96387,111752.31518554688,126196.75415039062,128247.0039,130341.373,131355.7988,132357.4824,133614.1524658203,135848.29711914062,135848.29711914062,135848.29711914062
234,USA,35570966528,38248316928,40997748736,43806658560,48174379008,52902506496,56354930688,60029075456,63493857280,65644621824,67599085568,68886093824
235,Uruguay,223442128,246588864,270402368,294848800,319975744,346380800,363309536,381041408,398219616,412562720,420638592,428333184
236,Uzbekistan,1487154048,1714942208,2025446528,2393732096,2666580992,2977684992,3198372352,3452156160,3733571072,4043596544,4187213056,4286515456
237,Vanuatu,7773793,8771003,9806688,10886233,11104708,11316933,11855153,12423481,12940113,13191747,13241921,13392806
238,Venezuela,769656064,816281920,866666880,920375936,1081234944,1255574400,1346701696,1443983872,1536799872,1595949056,1632987264,1660449920
239,Vietnam,809451904,1035798912,1374592512,1814570112,2341374720,3036673024,3596241664,4264285184,4937335808,5336824832,5750285824,5963569152
240,Virgin Islands (British),1405743.5,1696502.5,2107154,2616457.25,2698816,2796207.5,2952816,3140301.25,3415106.5,4002069,4126390.75,4221581
241,Virgin Islands (U.S.),11582477,13393752,15761270,18568386,18816336,19111476,19931530,20877240,22168100,24535492,25059244,25397940
242,Wallis and Futuna,997824.1875,1155721.375,1313197.25,1480374.5,1499409.5,1518138.125,1538073,1557970.75,1581016.375,1617799.25,1617799.25,1617799.25
243,Western Sahara,10836011,11389807,11950844,12517715,13969990,15616067,16942370,18401890,19886528,21113696,21433308,21660180
244,Yemen,106582480,125776504,152272528,183872656,196577200,211846432,223675520,238296096,257149856,287278368,302357152,313269248
245,Zambia,446343456,527960608,637059200,760807104,825094784,909597312,1015370880,1165021440,1342877952,1515172992,1671511296,1774633984
246,Zimbabwe,297593677.1,340308858.8515625,396239892.4,458904522.6,504816040.3,572214374.2,654221012.7,800437270.9,1033890216,1479127729,1760297810,1936121304
247,Åland Islands,2056911.25,2200367.25,2345647.5,2493543.75,2717936.75,2951302.75,3166759.5,3393879.5,3608954.5,3757168.25,3883606,3968798